REFERENCIA,DESCRIPCIÓN,TOTAL_SALES,CUM_SHARE,ABC_CLASS,MEAN_MONTHLY_SALES,STD_MONTHLY_SALES,CV,XYZ_CLASS,ABC_XYZ
SL25611-26100,TERMOSTATO METÁLICO,3282,0.006476234075804695,A,52.9355,73.1955,1.3827,Z,AZ
FG-0027,FILTRO GASOLINA,2808,0.012017143668997742,A,45.2903,88.2475,1.9485,Z,AZ
WT1J0121253P,RADIADOR DE AGUA,2448,0.01684768023742245,A,39.4839,62.8184,1.591,Z,AZ
VAM8005,HORQUILLA EMBRAGUE,2252,0.02129145815902884,A,36.3226,65.5313,1.8041,Z,AZ
TRUD1094,JGO. PASTILLA DE FRENO,2143,0.025520150914802597,A,34.5645,78.3745,2.2675,Z,AZ
KIT077,JGO MICROFILTRO,2062,0.029589009740003475,A,33.2581,54.1834,1.6292,Z,AZ
KR25380-1R050,ELECTROVENTILADOR,2043,0.0336203766555638,A,32.9516,64.2664,1.9503,Z,AZ
FL01SWI152,BOMBA GASOLINA SUMERGIBLE,1989,0.037545187617408875,A,32.0806,45.2471,1.4104,Z,AZ
FL2H0919050B,MODULO GASOLINA SUMERGIBLE,1981,0.041454212512036875,A,31.9516,52.4913,1.6428,Z,AZ
ALHP-0373,CARTER ACEITE GOLF JETTA PC,1934,0.04527049426176457,A,31.1935,69.0018,2.2121,Z,AZ
KR27501-37A00,JUEGO CABLES DE BUJIA,1887,0.048994032866591944,A,30.4355,91.5176,3.0069,Z,AZ
WT044907385A,TPS MONOPUNTO,1862,0.05266824001136597,A,30.0323,52.4435,1.7462,Z,AZ
ENLA-2501,SINCRONIZADO TRANSMISION AMAROK,1812,0.056243784236033274,A,29.2258,26.6503,0.9119,Y,AY
PRE217,SOKQUET,1782,0.05976013070863656,A,28.7419,42.7442,1.4872,Z,AZ
WT96182951,PROTECTOR DISTRIBUCION INF.,1746,0.06320543987876301,A,28.1613,41.9201,1.4886,Z,AZ
8-97035303-0,FILTRO AIRE,1699,0.06655800590398914,A,27.4032,50.6323,1.8477,Z,AZ
FL113RU25,BANDA DISTRIBUCION,1560,0.06963628901131862,A,25.1613,45.7533,1.8184,Z,AZ
DKR-1/4-RED,ROJO LITRO USA,1554,0.07270273256823527,A,25.0645,18.896,0.7539,Y,AY
USNS-0657,"TENSOR CON BANDA DE ALTERNADOR BETTLE 2011--2019, BORA V 2006---2010, JETTA 2010--->, NEW BEETLE 2005---2010, PASSAT ...",1522,0.07570603185628365,A,24.5484,52.0145,2.1189,Z,AZ
SE94460-1H000,SENSOR NIVEL GASOLINA,1508,0.07868170552670213,A,24.3226,47.9091,1.9697,Z,AZ
WT7700111985,TUBO REFRIGERANTE RADIADOR,1506,0.08165343268031636,A,24.2903,35.0126,1.4414,Z,AZ
TRUD1737,JGO. PASTILLA DE FRENO,1481,0.08457582837387721,A,23.8871,35.8942,1.5027,Z,AZ
SP-1149,JGO. PASTILLA DE FRENO,1469,0.08747454496661247,A,23.6935,52.4419,2.2133,Z,AZ
FL93277517,MODULO GASOLINA SUMERGIBLE,1438,0.09031209054888156,A,23.1935,16.734,0.7215,Y,AY
SL90448854,TUBO CALECFACCION,1431,0.0931358233223357,A,23.0806,42.5946,1.8455,Z,AZ
FL170408B000,MODULO GASOLINA SUMERGIBLE,1388,0.09587470598449808,A,22.3871,55.0048,2.457,Z,AZ
ALHP-2466,TUERCA DE EXPANSION,1385,0.09860766887145406,A,22.3387,37.1049,1.661,Z,AZ
WT04E919081A,TROMPO ACEITE,1319,0.10121039670386917,A,21.2742,39.7756,1.8697,Z,AZ
1H0422884,RECEPTOR GOMA DIRECCION G V,1318,0.10381115127788214,A,21.2581,34.2519,1.6112,Z,AZ
FL30230002,MODULO GASOLINA SUMERGIBLE,1309,0.1063941465262759,A,21.1129,38.0323,1.8014,Z,AZ
PR18213-65J00,SENSOR OXIGENO GRAND VITARA 2.0,1283,0.10892583705621418,A,20.6935,17.4768,0.8446,Y,AY
8TF358106-101,MODULO GASOLINA SUMERGIBLE,1277,0.11144568803573966,A,20.5968,18.7431,0.91,Y,AY
FIN23300-21030,FILTRO INTANK,1276,0.11396356575686299,A,20.5806,25.6958,1.2485,Z,AZ
TRUD1439,JGO. PASTILLA DE FRENO,1255,0.1164400050515415,A,20.2419,29.0726,1.4363,Z,AZ
FL31110-17000,MODULO GASOLINA SUMERGIBLE,1223,0.11885330007735173,A,19.7258,34.9184,1.7702,Z,AZ
ALHP-0629,JUNTA CARTER AMAROK,1220,0.12126067532795555,A,19.6774,33.902,1.7229,Z,AZ
USNS-0411,TAPA DEL FILTRO ACEITE VW AMAROK,1217,0.12366213080335296,A,19.629,26.3667,1.3432,Z,AZ
VW026115105A,BOMBA ACEITE,1181,0.12599254897627354,A,19.0484,19.9503,1.0473,Z,AZ
FL111RU17,BANDA DISTRIBUCION CH. AVEO 8 VAL (111 DIENTES),1181,0.1283229671491941,A,19.0484,48.9751,2.5711,Z,AZ
ALHP-2372,TORNILLO PINON CIGUENAL SOLO CONSUMIDOR,1172,0.1306356259964955,A,18.9032,21.9829,1.1629,Z,AZ
FLFILARIS,FILTRO GASOLINA SUMERGIBLE,1156,0.13291671270936273,A,18.6452,26.3378,1.4126,Z,AZ
PR39210-23750,SENSOR OXIGENO,1101,0.13508927021011255,A,17.7581,29.7981,1.678,Z,AZ
WT9046588,BASE TERMOSTATO,1101,0.1372618277108624,A,17.7581,18.065,1.0173,Z,AZ
TRUD1468,JGO. PASTILLA DE FRENO,1075,0.13938308049315673,A,17.3387,46.176,2.6632,Z,AZ
FG-55AA,FILTRO GASOLINA,1073,0.14150038675864682,A,17.3065,16.5924,0.9587,Y,AY
DR96456495,KIT REPARACION FRENOS,1059,0.143590067406507,A,17.0806,16.1917,0.948,Y,AY
FL373919051AA,MODULO GASOLINA SUMERGIBLE,1059,0.1456797480543672,A,17.0806,32.2902,1.8905,Z,AZ
GM96817343,RESERVORIO,1057,0.14776548218542315,A,17.0484,13.5175,0.7929,Y,AY
FG-0B00,FILTRO GASOLINA,1057,0.14985121631647907,A,17.0484,14.2132,0.8337,Y,AY
OP1042,BOMBA DE ACEITE,1054,0.1519310306723286,A,17.0,34.0356,2.0021,Z,AZ
GF-61,FILTRO GASOLINA  UNIVERSAL,1050,0.1540029519945696,A,16.9355,33.4793,1.9769,Z,AZ
WT1J0953235J,INTERRUPTOR PARQUEO,1031,0.15603738140717002,A,16.629,38.4281,2.3109,Z,AZ
13780-78K00,FILTRO AIRE,1022,0.15805405149415125,A,16.4839,45.4702,2.7585,Z,AZ
8-98140266-0,FILTRO AIRE,1016,0.1600588820307197,A,16.3871,20.0373,1.2228,Z,AZ
KR27501-32A00,JUEGO CABLES DE BUJIA,1010,0.16205187301687532,A,16.2903,26.0473,1.5989,Z,AZ
KR93746999,JUEGO CABLES DE BUJIA,1003,0.164031051194216,A,16.1774,24.9286,1.541,Z,AZ
WT5X0121407,RESERVORIO,978,0.1659608979115033,A,15.7742,25.7603,1.6331,Z,AZ
KRGNR-V013H,REGULADOR ALTERNADOR,978,0.16789074462879064,A,15.7742,14.4651,0.917,Y,AY
EP20-1070,JUEGO DE CORREAS DENTADAS,977,0.16981861808767582,A,15.7581,19.5033,1.2377,Z,AZ
TR3731-OEM-0027,PINON 1ERA C/CAMBIO,963,0.17171886592893112,A,15.5323,30.0047,1.9318,Z,AZ
WT25199824,BASE CON TERMOSTATO,959,0.1736112207365779,A,15.4677,28.8705,1.8665,Z,AZ
TRUD299,JGO. PASTILLA DE FRENO,958,0.17550160228582254,A,15.4516,14.6504,0.9481,Y,AY
FLNU3,PREFILTRO,948,0.17737225125104583,A,15.2903,26.999,1.7658,Z,AZ
191955531,RELAY PLUMAS,927,0.1792014617898243,A,14.9516,18.3939,1.2302,Z,AZ
WT1J0121407F,RESERVORIO,920,0.18101685951978783,A,14.8387,32.4635,2.1878,Z,AZ
AVM433,JGO. DE RUEDA LIBRE,918,0.1828283107329471,A,14.8065,25.4735,1.7204,Z,AZ
26109675,SELLOS DE VALVULAS MOTOR 1 8,915,0.18463384217089995,A,14.7581,28.1904,1.9102,Z,AZ
FLREG-2E000,REGUADOR PRESION,911,0.18643148057524428,A,14.6935,17.4417,1.187,Z,AZ
WT6N0953235B,INTERRUPTOR PARQUEO,907,0.1882212259459801,A,14.629,32.1008,2.1943,Z,AZ
WT1H1819031A,RADIADOR CALEFACCION,903,0.19000307828310734,A,14.5645,15.0114,1.0307,Z,AZ
TB06A133062BD,CUERPO ACELERACION,895,0.1917691445530175,A,14.4355,30.4019,2.1061,Z,AZ
ALHP-2261,MESA SUSPENSION POLO 14,889,0.19352337127251487,A,14.3387,22.0066,1.5348,Z,AZ
TH-3387,"FILTRO ACEITE AVEO, OPTRA, DMAX 2,4 GASOLINA",888,0.19527562473361013,A,14.3226,14.5234,1.014,Z,AZ
FLITF007,SEMI MODULO GASOLINA SUMERGIBLE,882,0.19701603864429254,A,14.2258,28.5535,2.0072,Z,AZ
PR76396,KIT DISTRIBUCION,881,0.19875447929657283,A,14.2097,12.245,0.8617,Y,AY
TB06F133062E,CUERPO ACELARACION,875,0.20048108039844034,A,14.1129,22.8968,1.6224,Z,AZ
DKR-035-MT,JGO MOQUETA,875,0.20220768150030782,A,14.1129,12.1272,0.8593,Y,AY
RD5Z0407625,RULIMAN RUEDA,866,0.2039165232765561,A,13.9677,26.4697,1.8951,Z,AZ
AVM465,JGO.DE RUEDA LIBRE,865,0.20562339179440225,A,13.9516,25.1348,1.8016,Z,AZ
GM55566404,CARTER,861,0.20732236727863987,A,13.8871,28.8103,2.0746,Z,AZ
TRUD941,JGO. PASTILLA DE FRENO,860,0.20901936950447536,A,13.871,17.6082,1.2694,Z,AZ
ALHP-1015,TERMINAL B D IZQ GOLF IV,841,0.21067887982067027,A,13.5645,27.9934,2.0637,Z,AZ
XI-26,FILTRO GASOLINA,833,0.21232260406964812,A,13.4355,11.3885,0.8476,Y,AY
FG-0028,FILTRO GASOLINA,828,0.2139564620266153,A,13.3548,27.1573,2.0335,Z,AZ
EP20-1215,JUEGO CORREA DENTADAS,822,0.21557848043316968,A,13.2581,25.8712,1.9514,Z,AZ
5DA193175-381,BOBINA ENCENDIDO,818,0.21719260580611552,A,13.1935,20.8604,1.5811,Z,AZ
TRUD632,JGO. PASTILLA DE FRENO,816,0.21880278466225708,A,13.1613,14.85,1.1283,Z,AZ
USNS-2480,"BOBINA DE IGNICION TOUAREG 2006---2010, GOLF MK5 GTI 2007---2013, AUDI  Q3",816,0.22041296351839867,A,13.1613,20.8854,1.5869,Z,AZ
FLMF001KIT,JGO MICROFILTRO,815,0.2220211691161381,A,13.1452,28.7738,2.1889,Z,AZ
DR8973088680,DISCO FRENO,810,0.22361950842186687,A,13.0645,37.2619,2.8521,Z,AZ
DR2121-3501070,DISCO FRENO,805,0.22520798143558496,A,12.9839,13.7119,1.0561,Z,AZ
FL31110-1U000,MODULO GASOLINA SUMERGIBLE,801,0.2267885614156945,A,12.9194,13.1251,1.0159,Z,AZ
USNS-2481,SOPORTE PARA CHOQUES BORA V,800,0.22836716813740193,A,12.9032,14.3625,1.1131,Z,AZ
8DB355018-111,JGO. PASTILLA DE FRENO,799,0.2299438016007072,A,12.8871,25.0896,1.9469,Z,AZ
DR7700716947,DISCO FRENO,785,0.23149280944638262,A,12.6613,11.7418,0.9274,Y,AY
OES-13182,MOBIL SUPER 1000 20W50 GALON,779,0.23302997774164522,A,12.5645,24.2165,1.9274,Z,AZ
SP-1053,JGO. PASTILLA DE FRENO,776,0.23456122626170142,A,12.5161,17.7544,1.4185,Z,AZ
GM93259505,CARTER,775,0.23609050152335548,A,12.5,20.7502,1.66,Z,AZ
ALHP-1296,DISCO DE FRENO DEL AMAROK 303MM BD 6382 50,773,0.2376158302682053,A,12.4677,11.8031,0.9467,Y,AY
TRUD1281,JGO. PASTILLA DE FRENO,770,0.23913523923784868,A,12.4194,11.1739,0.8997,Y,AY
KR0K2BW-18-160,JUEGO DE BUJIAS         SHUMA 03/CARENS I-II 02/ CLARUS,765,0.2406447819154814,A,12.3387,10.4865,0.8499,Y,AY
17801-2460,FILTRO AIRE,762,0.24214840481790773,A,12.2903,10.9506,0.891,Y,AY
XI-06,FILTRO GASOLINA,762,0.24365202772033404,A,12.2903,10.9447,0.8905,Y,AY
HP1039,JGO. PASTILLA DE FRENO,759,0.24514973084755395,A,12.2419,19.6121,1.602,Z,AZ
PR59,REGULADOR PRESION GASOLINA,758,0.24664546071637172,A,12.2258,26.5527,2.1719,Z,AZ
EP20-1236,JUEGO CORREA DENTADAS,753,0.24813132429317883,A,12.1452,11.0583,0.9105,Y,AY
WT0271156119,VARILLA MEDIR ACEITE,747,0.24960534831957315,A,12.0484,12.7942,1.0619,Z,AZ
TRUD1054,JGO. PASTILLA DE FRENO,747,0.25107937234596744,A,12.0484,9.7425,0.8086,Y,AY
113711333,BOTON PALANCA FRENO GOL,743,0.2525455033387532,A,11.9839,20.0004,1.6689,Z,AZ
TB12631186,CUERPO ACELERACION,734,0.2539938750059198,A,11.8387,22.6069,1.9096,Z,AZ
CR3611-ATQ-1658,MOLDURA PANEL INSTRUMENTOS,734,0.25544224667308635,A,11.8387,14.2469,1.2034,Z,AZ
FL77020-0K020,MODULO GASOLINA SUMERGIBLE,733,0.2568886450818508,A,11.8226,10.1003,0.8543,Y,AY
FL60307000,BOMBA GASOLINA SUMERGIBLE,719,0.2583074178729853,A,11.5968,9.6008,0.8279,Y,AY
KR96535081,PLATO SUSPENSION,716,0.2597202708889134,A,11.5484,13.3847,1.159,Z,AZ
191411329,COJIN PERNO B E G V,714,0.2611291773880373,A,11.5161,8.1235,0.7054,Y,AY
USNS-1010,"BOMBA DIRECCION HIDRAULICA GOLF IV, JETTA IV, GOL 2011",714,0.2625380838871612,A,11.5161,19.0244,1.652,Z,AZ
FL17040-JN00A,MODULO GASOLINA SUMERGIBLE,709,0.2639371240942744,A,11.4355,20.888,1.8266,Z,AZ
EP21-0512,JUEGO DE CADENA DE DISTRIBUCIÓN,708,0.26533419104298545,A,11.4194,8.2199,0.7198,Y,AY
TRUD319,JGO. PASTILLA DE FRENO,706,0.26672731147489226,A,11.3871,24.7252,2.1713,Z,AZ
DK2481023400,TENSOR,702,0.26811253887319053,A,11.3226,27.3194,2.4128,Z,AZ
KR27430-23700,CABLE DE BUJIA,700,0.2694938197546845,A,11.2903,15.2097,1.3471,Z,AZ
OES-12585-MOBIL,ACEITE MOBIL DELVAC MX 15W40 MEDIA,697,0.2708691808609721,A,11.2419,21.5801,1.9196,Z,AZ
PRTK137,KIT DISTRIBUCION,690,0.27223072915844476,A,11.129,10.1465,0.9117,Y,AY
FL8-97943184-0,MODULO GASOLINA SUMERGIBLE,685,0.27358241116390675,A,11.0484,10.6095,0.9603,Y,AY
DK90500229,POLEA ACCESORIOS,675,0.27491436058534735,A,10.8871,19.7901,1.8178,Z,AZ
ALHP-0379,POLEA D H GOLF IV,669,0.2762344704563752,A,10.7903,21.7361,2.0144,Z,AZ
PRC1480/C1542,BOBINA ENCENDIDO,667,0.27755063381059875,A,10.7581,13.9697,1.2985,Z,AZ
FL31110-1R500,MODULO GASOLINA SUMERGIBLE,665,0.2788628506480181,A,10.7258,14.4011,1.3427,Z,AZ
AVM453,JGO. DE RUEDA LIBRE,665,0.28017506748543736,A,10.7258,22.1521,2.0653,Z,AZ
TH-1042,"FILTRO ACEITE HYUNDAI, KIA, MITSUBISHI OUTLANDER, HONDA",664,0.2814853110644545,A,10.7097,10.7454,1.0033,Z,AZ
96827723,FILTRO AIRE,661,0.28278963486826525,A,10.6613,10.5417,0.9888,Y,AY
USNS-0394,EMPAQUE CABEZOTE AMAROK	AMAROK 2009--->,658,0.2840880388968696,A,10.6129,7.5762,0.7139,Y,AY
WT279980491,VALVULA IAC,657,0.2853844696670718,A,10.5968,12.2138,1.1526,Z,AZ
XI-72,FILTRO GASOLINA,655,0.28667695392046977,A,10.5645,11.2589,1.0657,Z,AZ
FL770200R020,MODULO GASOLINA SUMERGIBLE,653,0.2879654916570635,A,10.5323,19.7466,1.8749,Z,AZ
TB06A133062AB,CUERPO ACELERACION,650,0.28924810961845077,A,10.4839,18.6338,1.7774,Z,AZ
TRUD1188S,JGO. PASTILLA DE FRENO,650,0.29053072757983806,A,10.4839,7.2707,0.6935,Y,AY
TRUD1055,JGO. PASTILLA DE FRENO,645,0.2918034792492146,A,10.4032,9.6394,0.9266,Y,AY
FL94740642,MODULO GASOLINA SUMERGIBLE,639,0.29306439136817847,A,10.3065,15.6572,1.5192,Z,AZ
TRD5001,KIT DISTRIBUCION,638,0.29432333022874013,A,10.2903,9.4329,0.9167,Y,AY
TRUD864,JGO. PASTILLA DE FRENO,634,0.29557437605569326,A,10.2258,22.9364,2.243,Z,AZ
HP9409,JGO. PASTILLA DE FRENO,630,0.29681752884903784,A,10.1613,16.0254,1.5771,Z,AZ
FL42345250,MODULO GASOLINA SUMERGIBLE,625,0.29805081535037176,A,10.0806,19.5195,1.9363,Z,AZ
EP20-1345,KIT DISTRIBUCION,619,0.2992722623012929,A,9.9839,12.9807,1.3002,Z,AZ
PRKIARIO,REGULADOR PRESION GASOLINA,619,0.30049370925221397,A,9.9839,18.8265,1.8857,Z,AZ
DKR1867,BOMBA GASOLINA SUMERGIBLE,618,0.301713182944733,A,9.9677,13.0951,1.3138,Z,AZ
TRUDB2002,JGO. PASTILLA DE FRENO,608,0.3029129240532306,A,9.8065,18.7495,1.912,Z,AZ
FLAC2,PREFILTRO,607,0.3041106919033261,A,9.7903,14.4469,1.4756,Z,AZ
TRUD831,JGO. PASTILLA DE FRENO,605,0.30530451323661734,A,9.7581,21.5838,2.2119,Z,AZ
TRUD1161,JGO. PASTILLA DE FRENO,602,0.3064924147947022,A,9.7097,14.7532,1.5194,Z,AZ
EP20-1041,JUEGO DE CORREAS DENTADAS,601,0.3076783430943849,A,9.6935,8.7632,0.904,Y,AY
TRUD1322,JGO. PASTILLA DE FRENO,600,0.30886229813566546,A,9.6774,15.6677,1.619,Z,AZ
FLE8542,MODULO GASOLINA SUMERGIBLE,599,0.3100442799185439,A,9.6613,10.8582,1.1239,Z,AZ
FL96563403,MODULO GASOLINA SUMERGIBLE,599,0.3112262617014223,A,9.6613,11.5171,1.1921,Z,AZ
ETBK5003,KIT DISTRIBUCION,596,0.3124023237090944,A,9.6129,22.1326,2.3024,Z,AZ
USNS-2115,"CONMUTADOR ENCENDIDO VENTO, GOLF II 1984---1991, GOLF III 1993---1998, GOLF IV 1998---2002, JETTA 1984---1998, PASSAT 19...",596,0.3135783857167664,A,9.6129,10.6337,1.1062,Z,AZ
PG0301.L9,CARTER,592,0.31474655469082985,A,9.5484,16.2468,1.7015,Z,AZ
CINTAEMBALAJE,CINTA EMBALAJE TRANSP 48MMX1004,589,0.31590880388968695,A,9.5,12.7769,1.3449,Z,AZ
ENLA-2500,GRUPO HORQUILLAS TRANSMISION AMAROK,589,0.31707105308854405,A,9.5,11.167,1.1755,Z,AZ
FG-6030A,FILTRO GASOLINA,588,0.31823132902899903,A,9.4839,12.93,1.3634,Z,AZ
013311269.1,ANILLO SINCRONIZADO 1 Y 2 GOL,587,0.31938963171105184,A,9.4677,10.8609,1.1471,Z,AZ
13780-58B00,FILTRO AIRE,587,0.32054793439310464,A,9.4677,15.2281,1.6084,Z,AZ
WT191711190B,ANILLO COJINETE MECANICO CAMBIO MARCHAS,582,0.3216963707831468,A,9.3871,17.9788,1.9153,Z,AZ
06A121011H,BOMBA DE AGUA GOLFIV JETTA 20,582,0.3228448071731889,A,9.3871,14.8165,1.5784,Z,AZ
TS028-GIN-1811,"RIEL DE INYECCION CON INYECTORES VIRTUS, POLO, T-CROSS",581,0.32399127030482894,A,9.371,11.629,1.241,Z,AZ
WT1J0411314R,BUJE BARRA ESTALIBILIZADORA,580,0.32513576017806683,A,9.3548,21.1302,2.2587,Z,AZ
FL30SPA088,BOMBA GASOLINA SUMERGIBLE,580,0.32628025005130473,A,9.3548,13.2848,1.4201,Z,AZ
97133-G6000,FILTRO AIRE CABINA KIA PICANTO,578,0.32742079340773833,A,9.3226,13.8922,1.4902,Z,AZ
AVM456,JGO. DE RUEDA LIBRE,576,0.3285573902473677,A,9.2903,8.6852,0.9349,Y,AY
FL30464038,BOMBA GASOLINA SUMERGIBLE     PEUGEOT RENAULT CITROEN BMW E2,576,0.32969398708699704,A,9.2903,17.8121,1.9173,Z,AZ
PR96417177K,BANDA DISTRIBUCION GATES BLANCA,575,0.3308286106682242,A,9.2742,16.8247,1.8141,Z,AZ
FL70AMA007,BOMBA GASOLINA SUMERGIBLE,574,0.3319612609910493,A,9.2581,12.6133,1.3624,Z,AZ
WT7701041348,TUBO REFRIGERANTE RADIADOR,574,0.3330939113138744,A,9.2581,26.0477,2.8135,Z,AZ
FL17040-ET00A,MODULO GASOLINA SUMERGIBLE,568,0.33421472208628666,A,9.1613,21.4605,2.3425,Z,AZ
KR0K558-18-140B,JUEGO CABLES DE BUJIA,566,0.33533158634189464,A,9.129,14.5375,1.5924,Z,AZ
DKR1935,BOMBA GASOLINA SUMERGIBLE,566,0.33644845059750267,A,9.129,10.2446,1.1222,Z,AZ
XI-706,FILTRO COMBUSTIBLE,565,0.3375633415947085,A,9.1129,14.9214,1.6374,Z,AZ
OES-28130-43600-C,"FILTRO DE AIRE H-100 G-95, MTL-300",563,0.33867428607511013,A,9.0806,19.5484,2.1528,Z,AZ
FL1510065D00,MODULO GASOLINA SUMERGIBLE,563,0.3397852305555117,A,9.0806,11.9735,1.3186,Z,AZ
CR1921-Z.E-2635,ELEVA VENTANA MANUAL DELA LH,562,0.3408942017775112,A,9.0645,10.1041,1.1147,Z,AZ
TRUD2260,JGO. PASTILLA DE FRENO,561,0.3420011997411085,A,9.0484,12.8971,1.4254,Z,AZ
OES-9EN0094,ENI I-SINT PROFESSIONAL 10W30 4EC 1QT,561,0.34310819770470585,A,9.0484,7.928,0.8762,Y,AY
FD-WK939,FILTRO COMBUSTIBLE,560,0.34421322240990104,A,9.0323,7.0983,0.7859,Y,AY
FL127RUT025,BANDA DISTRIBUCION,559,0.34531627385669406,A,9.0161,9.9182,1.1001,Z,AZ
FL2310-87403,MODULO GASOLINA SUMERGIBLE,559,0.3464193253034871,A,9.0161,8.4519,0.9374,Y,AY
CR1921-Z.E-2637,ELEVA VENTANA MANUAL DELA LH,558,0.34752040349187807,A,9.0,8.6993,0.9666,Y,AY
HU7008Z,FILTRO ACEITE,557,0.34861950842186684,A,8.9839,17.3238,1.9283,Z,AZ
CR2381-ROD-1631,GUARDAFANGO DELA LH,554,0.34971269357664925,A,8.9355,14.2091,1.5902,Z,AZ
PRTK272,KIT DISTRIBUCION,554,0.35080587873143165,A,8.9355,10.6875,1.1961,Z,AZ
FLHILUX,SENSOR NIVEL GASOLINA,553,0.3518970906278119,A,8.9194,17.3124,1.941,Z,AZ
FL2034703594,MODULO GASOLINA SUMERGIBLE,553,0.35298830252419217,A,8.9194,11.7656,1.3191,Z,AZ
FL77020-02240,MODULO GASOLINA SUMERGIBLE,553,0.3540795144205724,A,8.9194,9.1463,1.0254,Z,AZ
FL5N0919087E,MODULO GASOLINA SUMERGIBLE,550,0.35516480654174626,A,8.871,9.7988,1.1046,Z,AZ
DBDD889,JGO. PASTILLA DE FRENO,549,0.35624812540451795,A,8.8548,21.972,2.4814,Z,AZ
FIN16400-4M405,FILTRO INTANK,548,0.35732947100888757,A,8.8387,8.5745,0.9701,Y,AY
TRUD254S,JGO. PASTILLA DE FRENO,544,0.3584029235796486,A,8.7742,15.6106,1.7791,Z,AZ
PR1109,REGULADOR PRESION GASOLINA.       AVEO KIA HYUNDAI,542,0.3594724296336054,A,8.7419,6.3193,0.7229,Y,AY
FL31110-G6100,MODULO GASOLINA SUMERGIBLE,541,0.36053996242916003,A,8.7258,14.2932,1.638,Z,AZ
EP20-1840,KIT DISTRIBUCION,540,0.3616055219663125,A,8.7097,16.7066,1.9182,Z,AZ
FLAB399H307AD,MODULO GASOLINA COMBUSTIBLE,540,0.36267108150346505,A,8.7097,13.7,1.573,Z,AZ
FL31110-H7000,MODULO GASOLINA SUMERGIBLE,538,0.3637326945238133,A,8.6774,9.3701,1.0798,Z,AZ
ALHP-2266,CABLE EMBRAGUE POLO HATCH 1 4,534,0.364786414510553,A,8.6129,10.3789,1.205,Z,AZ
TRUD766,JGO. PASTILLA DE FRENO,534,0.3658401344972927,A,8.6129,12.2176,1.4185,Z,AZ
TRUD888,JGO. PASTILLA DE FRENO,532,0.36688990796722815,A,8.5806,15.9885,1.8633,Z,AZ
TRD9001,KIT DISTRIBUCION,532,0.36793968143716355,A,8.5806,7.8587,0.9159,Y,AY
NS111105M000,CARTER,531,0.3689874816486969,A,8.5645,14.1918,1.657,Z,AZ
WT032121110B,TERMOSTATO,531,0.37003528186023016,A,8.5645,9.1257,1.0655,Z,AZ
WT032121121K,"TOMA DE AGUA GOL V 1.6, POLO BRASIL 1.6, FOX 1.6",527,0.37107518903815495,A,8.5,8.1671,0.9608,Y,AY
3BD853601,EMBLEMA DELANTERO PASSAT 98 GOL V,527,0.3721150962160797,A,8.5,7.3413,0.8637,Y,AY
TRUD1915,JGO. PASTILLA DE FRENO,527,0.3731550033940044,A,8.5,23.2009,2.7295,Z,AZ
DR3222,DISCO FRENO,526,0.3741929373135271,A,8.4839,11.916,1.4046,Z,AZ
FL78880KIT,KIT DE REPARACION SZ NEXT,525,0.3752288979746476,A,8.4677,15.9108,1.879,Z,AZ
ALHP-0428,KIT BANDAS Y TENSOR DISTRIBUCION AMAROK,524,0.37626288537736596,A,8.4516,15.7927,1.8686,Z,AZ
FLJ43-1106610,MODULO GASOLINA SUMERGIBLE,524,0.3772968727800843,A,8.4516,9.1927,1.0877,Z,AZ
TRUD784,JGO. PASTILLA DE FRENO,524,0.37833086018280265,A,8.4516,16.3507,1.9346,Z,AZ
WT2Q0121321,TAPA RESERVORIO,519,0.37935498129351036,A,8.371,10.7317,1.282,Z,AZ
KR96395500,ELECTROVENTILADOR,519,0.380379102404218,A,8.371,12.6213,1.5077,Z,AZ
PR8253279850,SENSOR OXIGENO,518,0.3814012502565236,A,8.3548,10.6439,1.274,Z,AZ
FL30E2530M,MODULO GASOLINA SUMERGIBLE,518,0.38242339810882914,A,8.3548,15.9435,1.9083,Z,AZ
FL47608007,BOMBA GASOLINA,516,0.3834415994443304,A,8.3226,8.8459,1.0629,Z,AZ
8-971478609-0,FILTRO AIRE,516,0.3844598007798317,A,8.3226,11.9161,1.4318,Z,AZ
FIN17040-JR50A,FILTRO INTANK,515,0.3854760288569309,A,8.3065,14.858,1.7887,Z,AZ
90799322,FILTRO AIRE,515,0.38649225693403,A,8.3065,6.1529,0.7407,Y,AY
WT3B0121321,TAPA RESERVORIO,515,0.38750848501112917,A,8.3065,6.7814,0.8164,Y,AY
1J0823593C,VARILLA CAPOT GOLF IV,515,0.38852471308822834,A,8.3065,11.132,1.3402,Z,AZ
EP20-1251,JUEGO DE CORREAS DENTADAS,514,0.3895389679069253,A,8.2903,12.9246,1.559,Z,AZ
6Q0711303,PALANCA FRENO MANO POLOBR,511,0.39054730295041595,A,8.2419,13.4365,1.6303,Z,AZ
FL04578815AE,MODULO GASOLINA SUMERGIBLE,510,0.39155366473550446,A,8.2258,8.7149,1.0595,Z,AZ
KR96536522,ELECTROVENTILADOR,510,0.3925600265205929,A,8.2258,8.8106,1.0711,Z,AZ
FL17040-8M21B,MODULO GASOLINA SUMERGIBLE,510,0.3935663883056814,A,8.2258,21.6924,2.6371,Z,AZ
SP-1222,JGO. PASTILLA DE FRENO,506,0.3945648570571613,A,8.1613,16.1427,1.978,Z,AZ
EP20-1926,JUEGO DE CORREAS DENTADAS,505,0.39556135255023916,A,8.1452,11.5085,1.4129,Z,AZ
KR27501-02H00,JUEGO CABLES DE BUJIA,505,0.39655784804331695,A,8.1452,6.6183,0.8125,Y,AY
DBF-028N,MANGUERA BOMBA GASOLINA SUMERGIBLE,504,0.3975523702779926,A,8.129,10.7636,1.3241,Z,AZ
377199339,COJIN AMORTIG VIBRACION MOTOR GOL,500,0.3985389994790598,A,8.0645,10.6814,1.3245,Z,AZ
ALHP-0866,RADIADOR DE LA CALEFACCION G V III,500,0.3995256286801269,A,8.0645,11.6299,1.4421,Z,AZ
FIN17040-JR40C,FILTRO INTANK,500,0.40051225788119404,A,8.0645,13.9918,1.735,Z,AZ
FL26689547,MODULO GASOLINA SUMERGIBLE,499,0.40149691382385905,A,8.0484,7.8913,0.9805,Y,AY
8-98071424-0,FILTRO AIRE,499,0.40248156976652405,A,8.0484,6.583,0.8179,Y,AY
EP21-0028,KIT DISTRIBUCION,497,0.4034622791923848,A,8.0161,12.1542,1.5162,Z,AZ
FLST1,PREFILTRO,495,0.40443904210144127,A,7.9839,15.3186,1.9187,Z,AZ
FL46443198,MODULO GASOLINA SUMERGIBLE,494,0.4054138317520956,A,7.9677,7.1323,0.8951,Y,AY
HP0004,JGO. PASTILLA DE FRENO,494,0.40638862140274995,A,7.9677,9.5613,1.2,Z,AZ
ENLA-2498,MEDIDOR ACEITE AMAROK,492,0.4073594645366,A,7.9355,8.0999,1.0207,Z,AZ
DR55211-65D10,DISCO FRENO,492,0.4083303076704501,A,7.9355,9.9998,1.2601,Z,AZ
ALHP-0619,VARILLA MEDIR ACEITE GOLF IV AKL AVU AGU,491,0.409299177545898,A,7.9194,6.7449,0.8517,Y,AY
SP-1050,JGO. PASTILLA DE FRENO,490,0.4102660741629438,A,7.9032,12.5515,1.5881,Z,AZ
TRUD1405,JGO. PASTILLA DE FRENO,489,0.4112309975215874,A,7.8871,7.0347,0.8919,Y,AY
WT1J0121087C,"TOMA DE AGUA GOLF IV, BORA 2.0 JETTA 2.0",489,0.4121959208802311,A,7.8871,13.6537,1.7311,Z,AZ
FL31110-1G000SM,MODULO GASOLINA SUMERGIBLE,489,0.4131608442388748,A,7.8871,18.7514,2.3775,Z,AZ
FL6RF919051,MODULO GASOLINA SUMERGIBLE,486,0.41411984782231204,A,7.8387,12.4902,1.5934,Z,AZ
DK1754077E10,POLEA TENSORA,486,0.4150788514057493,A,7.8387,10.9341,1.3949,Z,AZ
16546-86G00,FILTRO AIRE,485,0.41603588173078443,A,7.8226,15.4539,1.9756,Z,AZ
WT06A121121C,TOMA DE AGUA,484,0.4169909387974174,A,7.8065,8.3354,1.0678,Z,AZ
131411811,BRIDA RULIMAN EMBRAGUE GOL,483,0.4179440226056483,A,7.7903,10.7014,1.3737,Z,AZ
OES-CHEMP-15W40-MC,ACEITE CHEMPIOIL 15W40 TRUCK SYNTHETIC 44198,482,0.418895133155477,A,7.7742,7.0446,0.9062,Y,AY
FL31110-2S000,MODULO GASOLINA SUMERGIBLE,480,0.4198422971885014,A,7.7419,8.2871,1.0704,Z,AZ
DK0K97212700,TEMPLADOR BANDA DISTRIBUCION,476,0.42078156818791734,A,7.6774,6.8055,0.8864,Y,AY
FG-0050,FILTRO GASOLINA,476,0.4217208391873333,A,7.6774,5.3303,0.6943,Y,AY
TRUD1089,JGO. PASTILLA DE FRENO,475,0.42265813692834703,A,7.6613,6.7201,0.8771,Y,AY
ET1601-DC-0041,CONO Y CORONA,472,0.4235895148941544,A,7.6129,10.2018,1.3401,Z,AZ
28113-08000,FILTRO AIRE,472,0.4245208928599618,A,7.6129,14.4617,1.8996,Z,AZ
KR95220-2S000,RELAY LUCES,470,0.4254483243089649,A,7.5806,6.8992,0.9101,Y,AY
WT5Q0121407M,RESERVORIO,469,0.42637378249956587,A,7.5645,14.807,1.9574,Z,AZ
OK551-14-302,FILTRO ACEITE  KIA PREGIO,469,0.42729924069016684,A,7.5645,12.0625,1.5946,Z,AZ
XI-27,FILTRO GASOLINA,468,0.4282227256223657,A,7.5484,10.1484,1.3444,Z,AZ
WT030109423B,PROPULSOR HIDRAULICO POLO,465,0.4291402907793581,A,7.5,10.0527,1.3404,Z,AZ
KR22441-2X001,TAPA VALVULA,464,0.4300558826779484,A,7.4839,11.4395,1.5286,Z,AZ
8EL012430-951,ALTERNADOR,464,0.4309714745765387,A,7.4839,8.5246,1.1391,Z,AZ
FL60VW0145,BOMBA GASOLINA SUMERGIBLE,463,0.4318850932167269,A,7.4677,5.0088,0.6707,Y,AY
KIT007,JGO MICROFILTRO,463,0.4327987118569151,A,7.4677,12.009,1.6081,Z,AZ
FL152582,MODULO GASOLINA SUMERGIBLE,462,0.4337103572387011,A,7.4516,11.3857,1.528,Z,AZ
TRUD5001,JGO. PASTILLA DE FRENO,462,0.43462200262048717,A,7.4516,10.1833,1.3666,Z,AZ
TRUD1260,JGO. PASTILLA DE FRENO,461,0.43553167474387106,A,7.4355,9.1645,1.2325,Z,AZ
XI-02,TAPA MODULO GASOLINA,460,0.4364393736088528,A,7.4194,14.3937,1.94,Z,AZ
TRUD774,JGO. PASTILLA DE FRENO,460,0.4373470724738346,A,7.4194,6.6613,0.8978,Y,AY
XI-85,FILTRO GASOLINA,460,0.43825477133881635,A,7.4194,12.3452,1.6639,Z,AZ
PRE414,SOKQUET,459,0.439160496945396,A,7.4032,7.9178,1.0695,Z,AZ
AVM463,JGO. DE RUEDA LIBRE,456,0.4400603027767692,A,7.3548,7.3267,0.9962,Y,AY
ALHP-2145,ROTULA M S IZQ POLO FOX,455,0.4409581353497403,A,7.3387,7.2645,0.9899,Y,AY
ALHP-0713,RELAY 30,455,0.4418559679227114,A,7.3387,12.5941,1.7161,Z,AZ
TRUD1025,JGO. PASTILLA DE FRENO,455,0.4427538004956825,A,7.3387,15.5096,2.1134,Z,AZ
DK1754077E00,POLEA ACCESORIOS,454,0.44364965981025145,A,7.3226,5.7859,0.7901,Y,AY
XI-29,TAPA MODULO GASOLINA SUMERGIBLE,453,0.4445435458664183,A,7.3065,16.2873,2.2292,Z,AZ
DBF-033,MANGUERA BOMBA GASOLINA SUMERGIBLE,453,0.4454374319225851,A,7.3065,14.8635,2.0343,Z,AZ
WT191598625,KIT RULIMAN RUEDA,452,0.4463293447203498,A,7.2903,12.4892,1.7131,Z,AZ
FL30215701,BOMBA GASOLINA SUMERGIBLE,450,0.44721731100131024,A,7.2581,5.6224,0.7746,Y,AY
04,TRANSPORTE QUITO,450,0.4481052772822707,A,7.2581,12.5183,1.7247,Z,AZ
FL550TU138,BOMBA GASOLINA SUMERGIBLE,450,0.4489932435632311,A,7.2581,14.1569,1.9505,Z,AZ
FG-511A,FILTRO GASOLINA,449,0.4498792365857894,A,7.2419,10.886,1.5032,Z,AZ
DR43512-0K010,DISCO FRENO,449,0.4507652296083477,A,7.2419,8.4999,1.1737,Z,AZ
TRUD120,JGO. PASTILLA DE FRENO,448,0.45164924937250384,A,7.2258,9.0472,1.2521,Z,AZ
FLMF005KIT,JGO MICROFILTRO,448,0.45253326913666,A,7.2258,12.01,1.6621,Z,AZ
014941521.1,TROMPO DE RETRO GOL 95,446,0.4534133423840119,A,7.1935,7.4311,1.033,Z,AZ
DBF-015,MANGUERA BOMBA GASOLINA SUMERGIBLE,444,0.4542894691145595,A,7.1613,5.6688,0.7916,Y,AY
FL78880,SENSOR NIVEL GASOLINA,441,0.4551596760699007,A,7.1129,10.4821,1.4737,Z,AZ
TRUD1324,JGO. PASTILLA DE FRENO,440,0.45602790976683977,A,7.0968,12.536,1.7664,Z,AZ
ETCK5037,KIT DISTRIBUCION,440,0.4568961434637789,A,7.0968,14.5189,2.0458,Z,AZ
FLE4056M,MODULO GASOLINA SUMERGIBLE,440,0.45776437716071794,A,7.0968,5.0376,0.7098,Y,AY
FLTUD,PREFILTRO,439,0.4586306375992549,A,7.0806,13.0598,1.8444,Z,AZ
06A198012A,JGO EMPAQUES MOTOR GOLF IV 1 8 TURBO,439,0.45949689803779187,A,7.0806,9.5043,1.3423,Z,AZ
DK2481026000,TEMPLADOR BANDA DISTRIBUCION,439,0.4603631584763288,A,7.0806,8.0528,1.1373,Z,AZ
1J4837462F,LEVANTAVIDRIO ELECT DER,437,0.4612254723980615,A,7.0484,7.555,1.0719,Z,AZ
FLE7199M,MODULO GASOLINA SUMERGIBLE,435,0.4620838398029899,A,7.0161,15.1439,2.1584,Z,AZ
KR27501-23B70,JUEGO CABLES DE BUJIA,435,0.4629422072079183,A,7.0161,8.0552,1.1481,Z,AZ
ALHP-1061,CILINDRO RECEPTOR EMBRAGUE 16 AKL AVU GOLF IV,435,0.4638005746128467,A,7.0161,13.4806,1.9214,Z,AZ
MA96144874,HORQUILLA EMBRAGUE,434,0.46465696875937296,A,7.0,5.5387,0.7912,Y,AY
PR75002,KIT DISTRIBUCION,434,0.46551336290589923,A,7.0,11.655,1.665,Z,AZ
KR97730-25000,ELECTRO VENTILADOR,433,0.4663677837940234,A,6.9839,13.2147,1.8922,Z,AZ
KR59760-25000,CABLE FRENO MANO,433,0.46722220468214753,A,6.9839,7.0767,1.0133,Z,AZ
FLMF007POR,MICRO FILTRO,430,0.46807070579506527,A,6.9355,10.867,1.5669,Z,AZ
WT037121132E,"TOMA DE AGUA, GOLF 1.8 1995--1998, VENTO 1.8 1992-1999",430,0.468919206907983,A,6.9355,16.7725,2.4184,Z,AZ
DBF-16N,MANGUERA BOMBA GASOLINA SUMERGIBLE,429,0.4697657347624986,A,6.9194,6.0915,0.8804,Y,AY
TB07K133062A,CUERPO ACELERACION,428,0.4706102893586121,A,6.9032,12.4702,1.8064,Z,AZ
OK011-13-Z40,FILTRO AIRE,428,0.47145484395472553,A,6.9032,16.0158,2.32,Z,AZ
6PU010039-991,SENSOR ABS LH,427,0.4722974252924369,A,6.8871,8.5442,1.2406,Z,AZ
DR43512-16070,DISCO FRENO,425,0.47313606011334397,A,6.8548,12.1534,1.773,Z,AZ
PRC1560,BOBINA ENCENDIDO,424,0.4739727216758489,A,6.8387,12.6964,1.8566,Z,AZ
ENLA-2493,RODAMIENTO DE AGUJAS GOL ENGRANAJE DE 1ra,424,0.4748093832383538,A,6.8387,12.4722,1.8238,Z,AZ
FG-5719,FILTRO GASOLINA AVEO CHEV TAXI,423,0.47564407154245664,A,6.8226,8.3811,1.2284,Z,AZ
WT357121321C,TAPA RESERVORIO,423,0.4764787598465594,A,6.8226,14.3735,2.1068,Z,AZ
XI-80,FILTRO GASOLINA,423,0.47731344815066223,A,6.8226,12.6816,1.8588,Z,AZ
DKR-030-IZ,JGO MOQUETA,422,0.4781461631963629,A,6.8065,13.1171,1.9272,Z,AZ
WT8200561420,BASE TERMOSTATO,421,0.4789769049836614,A,6.7903,11.1863,1.6474,Z,AZ
HP5266,JGO. PASTILLA DE FRENO,420,0.4798056735125578,A,6.7742,7.0675,1.0433,Z,AZ
OES-K30A-34-700C,AMORTIGUADOR DELANT RH.. RIO 01/02,418,0.4806304955246499,A,6.7419,6.0293,0.8943,Y,AY
ALHP-2469,GUARDAPOLVO PALANCA CAMBIOS LARGA,418,0.4814553175367421,A,6.7419,7.1548,1.0612,Z,AZ
WT03L121131M,TERMOSTATO,417,0.4822781662904321,A,6.7258,6.5233,0.9699,Y,AY
GM25186958,CARTER,417,0.48310101504412206,A,6.7258,21.7576,3.2349,Z,AZ
TH-2825,"FILTRO ACEITE DATSUN, TOYOTA HILUX 80, NISSAN SENTRA B13",416,0.4839218905394099,A,6.7097,11.2585,1.678,Z,AZ
SL96808460,DEPOSITO HIDRAULICO,415,0.4847407927762956,A,6.6935,11.4054,1.7039,Z,AZ
PROS4,SENSOR OXIGENO,414,0.48555772175477924,A,6.6774,9.3408,1.3989,Z,AZ
FL46443197,MODULO GASOLINA SUMERGIBLE,413,0.4863726774748607,A,6.6613,7.4508,1.1185,Z,AZ
321611939E,MANGUERA DE VACIO G V 1 8,412,0.48718565993654,A,6.6452,8.4014,1.2643,Z,AZ
EPP513,BOMBA DE AGUA,411,0.4879966691398172,A,6.629,11.1619,1.6838,Z,AZ
KR96312545,FLASHER DIRECCIONAL,411,0.4888076783430944,A,6.629,9.3589,1.4118,Z,AZ
EP20-1677,KIT DISTRIBUCION,410,0.48961671428796943,A,6.6129,14.2889,2.1608,Z,AZ
NS11110ED010,CARTER,409,0.49042377697444234,A,6.5968,7.2922,1.1054,Z,AZ
KR93740756,REGULADOR ALTERNADOR,408,0.4912288664025131,A,6.5806,9.6529,1.4669,Z,AZ
1H4839461A,LEVANTAVIDRIO ELECT POST IZQ G V,406,0.49203000931377966,A,6.5484,6.8807,1.0508,Z,AZ
FG-0012,FILTRO GASOLINA,404,0.4928272057082419,A,6.5161,12.6959,1.9484,Z,AZ
PRSE94580175,SENSNOR TPS,404,0.49362440210270414,A,6.5161,5.7016,0.875,Y,AY
DKR-1-RED_L,ROJO LITRO,403,0.49441962523876426,A,6.5,19.1495,2.9461,Z,AZ
FL31110-A0000,MODULO GASOLINA SUMERGIBLE,402,0.49521287511642226,A,6.4839,8.2418,1.2711,Z,AZ
FG-2021,FILTRO GASOLINA,401,0.4960041517356781,A,6.4677,20.4432,3.1608,Z,AZ
FL30017001,BOMBA GASOLINA SUMERGIBLE,400,0.4967934550965318,A,6.4516,5.1703,0.8014,Y,AY
TRUD401,JGO. PASTILLA DE FRENO,400,0.49758275845738553,A,6.4516,9.2085,1.4273,Z,AZ
KR373998031,JUEGO CABLES DE BUJIA,399,0.4983700885598371,A,6.4355,10.3995,1.616,Z,AZ
WT1J0411314R-KIT,KIT BUJE,398,0.4991554454038865,A,6.4194,14.2065,2.2131,Z,AZ
305711025.1,KIT BASE PALANCA CAMBIOS GOL,396,0.4999368557311317,A,6.3871,10.3228,1.6162,Z,AZ
PR73001N,KIT DISTRIBUCION,396,0.5007182660583769,A,6.3871,10.6003,1.6596,Z,AZ
FD-7401,FILTRO GASOLINA,394,0.5014957298688177,A,6.3548,14.5259,2.2858,Z,AZ
7865217388258,SERVICIOS LOGISTICOS,394,0.5022731936792587,A,6.3548,7.9212,1.2465,Z,AZ
WT1K0121407F,RESERVORIO,392,0.5030467109728953,A,6.3226,7.1972,1.1383,Z,AZ
FL70VW51BH,BOMBA GASOLINA SUMERGIBLE,392,0.5038202282665319,A,6.3226,11.1149,1.758,Z,AZ
TY17201-30120,TURBO,391,0.5045917723017664,A,6.3065,11.7069,1.8563,Z,AZ
TRUD906,JGO. PASTILLA DE FRENO,391,0.5053633163370009,A,6.3065,8.9795,1.4239,Z,AZ
KR49542-28540,GUARDAPOLVO,391,0.5061348603722354,A,6.3065,7.8218,1.2403,Z,AZ
FL2E0919050F,MODULO GASOLINA SUMERGIBLE,390,0.5069044311490678,A,6.2903,9.8085,1.5593,Z,AZ
HP3004,JGO. PASTILLA DE FRENO,389,0.507672028667498,A,6.2742,4.8132,0.7671,Y,AY
TRUD1303,JGO. PASTILLA DE FRENO,388,0.5084376529275262,A,6.2581,17.5471,2.8039,Z,AZ
036103464G,RESPIRADERO ACEITE POLO 1 6,387,0.5092013039291521,A,6.2419,9.8369,1.5759,Z,AZ
FL16146752368,BOMBA GASOLINA SUMERGIBLE,386,0.509962981672376,A,6.2258,4.9527,0.7955,Y,AY
FL31110-1M000,MODULO GASOLINA SUMERGIBLE,385,0.5107226861571976,A,6.2097,5.6828,0.9152,Y,AY
FL012VT200,BOMBA GASOLINA SUMERGIBLE,385,0.5114823906420194,A,6.2097,7.3641,1.1859,Z,AZ
FLADMAX,SENSOR NIVEL GASOLINA,384,0.5122401218684389,A,6.1935,7.9613,1.2854,Z,AZ
PR96394004,SENSOR OXIGENO,382,0.5129939065780542,A,6.1613,4.7864,0.7768,Y,AY
TRU58101-4AA00,JGO. PASTILLA DE FRENO,382,0.5137476912876695,A,6.1613,5.826,0.9456,Y,AY
ETBK5004,KIT DISTRIBUCION,382,0.5145014759972848,A,6.1613,13.0027,2.1104,Z,AZ
5X0121293A,DEFLECTOR SUPERIOR,382,0.5152552607069001,A,6.1613,12.8015,2.0777,Z,AZ
1784527,ANTENA TECHO,382,0.5160090454165154,A,6.1613,9.3674,1.5204,Z,AZ
FL23537761,MODULO GASOLINA SUMERGIBLE,382,0.5167628301261307,A,6.1613,10.6834,1.734,Z,AZ
WT3254223711,DEPOSITO ACEITE HIDRAULICO,381,0.5175146415773438,A,6.1452,7.1253,1.1595,Z,AZ
FLAC8,PREFILTRO,381,0.518266453028557,A,6.1452,6.4103,1.0431,Z,AZ
DK1194503G00,POLEA ACCESORIOS,381,0.5190182644797702,A,6.1452,5.8167,0.9465,Y,AY
GM9052786,CARTER,380,0.5197681026725812,A,6.129,14.9423,2.438,Z,AZ
SP-1079R,JGO. PASTILLA DE FRENO,380,0.5205179408653922,A,6.129,11.2214,1.8309,Z,AZ
TRUD602,JGO. PASTILLA DE FRENO,380,0.5212677790582032,A,6.129,10.156,1.657,Z,AZ
FI-A106,FILTRO GASOLINA,380,0.5220176172510143,A,6.129,4.9627,0.8097,Y,AY
WT6QE121253A,RADIADOR DE AGUA,379,0.5227654821854232,A,6.1129,11.1487,1.8238,Z,AZ
EP20-1002,JUEGO DE CORREAS DENTADAS,378,0.5235113738614299,A,6.0968,10.1182,1.6596,Z,AZ
TRUD1492,JGO. PASTILLA DE FRENO,378,0.5242572655374367,A,6.0968,9.3026,1.5258,Z,AZ
TRUD1572,JGO. PASTILLA DE FRENO,377,0.5250011839550413,A,6.0806,9.9714,1.6399,Z,AZ
FL31110-1F980,MODULO GASOLINA SUMERGIBLE,377,0.5257451023726459,A,6.0806,6.0543,0.9957,Y,AY
DR9064210012,DISCO FRENO,376,0.5264870475318484,A,6.0645,13.4427,2.2166,Z,AZ
ME017246,FILTRO AIRE,376,0.5272289926910508,A,6.0645,8.4508,1.3935,Z,AZ
698286,MASCARILLA REJILLA VENTILACION URANIO,375,0.5279689645918513,A,6.0484,5.6609,0.9359,Y,AY
HP5224,JGO. PASTILLA DE FRENO,375,0.5287089364926516,A,6.0484,12.8244,2.1203,Z,AZ
WT6RG955453B,RESERVORIO PLUMAS,374,0.5294469351350498,A,6.0323,9.4936,1.5738,Z,AZ
XI-81,FILTRO GASOLINA,374,0.530184933777448,A,6.0323,5.853,0.9703,Y,AY
EPAP8266,BOMBA AGUA AUXILIAR AMAROK,373,0.5309209591614441,A,6.0161,6.3079,1.0485,Z,AZ
TRUD1345,JGO. PASTILLA DE FRENO,373,0.5316569845454402,A,6.0161,5.5139,0.9165,Y,AY
020301227D,ANILLO HERMETICO ARBOL CC GV,370,0.5323870901542299,A,5.9677,8.6769,1.454,Z,AZ
FLSA1,PREFILTRO,370,0.5331171957630195,A,5.9677,5.9676,1.0,Y,AY
FL162S8M20,BANDA DISTRIBUCION,369,0.5338453281134071,A,5.9516,8.2431,1.385,Z,AZ
5DA358057-891,BOBINA ENCENDIDO,369,0.5345734604637946,A,5.9516,8.4078,1.4127,Z,AZ
SL8-97234350-0,DEPOSITO HIDRAULICO,368,0.5352996195557801,A,5.9355,16.6645,2.8076,Z,AZ
13780-77E00,FILTRO AIRE,368,0.5360257786477655,A,5.9355,8.1476,1.3727,Z,AZ
DKR4835,BOMBA GASOLINA SUMERGIBLE,368,0.5367519377397509,A,5.9355,7.2398,1.2198,Z,AZ
DK94580139,TEMPLADOR BANDA DISTRIBUCION,368,0.5374780968317363,A,5.9355,5.9754,1.0067,Z,AZ
ETCK2090,KIT DISTRIBUCION,366,0.5382003094069174,A,5.9032,6.5197,1.1044,Z,AZ
DR96320531,DISCO FRENO,365,0.5389205487236964,A,5.8871,10.1887,1.7307,Z,AZ
FLAC55,TAPA MODULO GASOLINA,364,0.5396388147820733,A,5.871,7.201,1.2265,Z,AZ
A12-1109111,FILTRO AIRE,363,0.5403551075820481,A,5.8548,9.242,1.5785,Z,AZ
FL68065575AA,MODULO GASOLINA SUMERGIBLE,363,0.5410714003820228,A,5.8548,6.5644,1.1212,Z,AZ
FL08453509,BOMBA GASOLINA SUMERGIBLE,362,0.5417857199235955,A,5.8387,10.1587,1.7399,Z,AZ
KR27501-24C10,JUEGO CABLES DE BUJIA,362,0.542500039465168,A,5.8387,7.2695,1.245,Z,AZ
HP8451,JGO. PASTILLA DE FRENO,362,0.5432143590067406,A,5.8387,8.7588,1.5001,Z,AZ
XI-83,FILTRO GASOLINA,361,0.5439267052899112,A,5.8226,6.8968,1.1845,Z,AZ
8DD355134-251,DISCO FRENO DEL.,361,0.5446390515730816,A,5.8226,9.9003,1.7003,Z,AZ
WTXS4G9K478BB,BASE TERMOSTATO,360,0.54534942459785,A,5.8065,4.9476,0.8521,Y,AY
FL13503672,MODULO GASOLINA SUMERGIBLE,358,0.546055851105814,A,5.7742,6.2538,1.0831,Z,AZ
FL31110-0U000,MODULO GASOLINA SUMERGIBLE,358,0.546762277613778,A,5.7742,9.636,1.6688,Z,AZ
FLMI2,PREFILTRO,357,0.54746673086334,A,5.7581,9.1628,1.5913,Z,AZ
KR377998031,JUEGO CABLES DE BUJIA,356,0.5481692108544998,A,5.7419,13.0544,2.2735,Z,AZ
FL30919051,MODULO GASOLINA SUMERGIBLE,355,0.5488697175872574,A,5.7258,6.9356,1.2113,Z,AZ
OES-9EN0138,ENI I-BASE PLUS 20W50 4EC 1QT,355,0.5495702243200151,A,5.7258,14.1856,2.4775,Z,AZ
KR93235772,JUEGO CABLES DE BUJIA,354,0.5502687577943707,A,5.7097,7.572,1.3262,Z,AZ
FL31110-2B000,MODULO GASOLINA SUMERGIBLE,354,0.5509672912687262,A,5.7097,12.3215,2.158,Z,AZ
HP5014,JGO. PASTILLA DE FRENO,353,0.5516638514846797,A,5.6935,7.4044,1.3005,Z,AZ
FL31110-1M200,MODULO GASOLINA SUMERGIBLE,353,0.552360411700633,A,5.6935,6.6347,1.1653,Z,AZ
8EA011612-641,MOTOR ARRANQUE,353,0.5530569719165864,A,5.6935,8.6781,1.5242,Z,AZ
TRUD1146,JGO. PASTILLA DE FRENO,353,0.5537535321325399,A,5.6935,7.4846,1.3146,Z,AZ
EPPK06570TH,BOMBA AGUA,353,0.5544500923484932,A,5.6935,12.9647,2.2771,Z,AZ
KR25330-3Z000,TAPA RADIADOR,352,0.5551446793060445,A,5.6774,7.2418,1.2756,Z,AZ
FS-1407,FILTRO GASOLINA,352,0.5558392662635957,A,5.6774,11.855,2.0881,Z,AZ
FLMR990884,MODULO GASOLINA SUMERGIBLE,350,0.5565299067043428,A,5.6452,4.597,0.8143,Y,AY
085141165H,RULIMAN EMBRAGUE POLO 1 4,350,0.5572205471450897,A,5.6452,4.968,0.88,Y,AY
MA96873725,SELECTOR MARCHAS,349,0.5579092143274346,A,5.629,9.8279,1.7459,Z,AZ
FL15100-76A30,MODULO GASOLINA SUMERGIBLE,348,0.5585959082513773,A,5.6129,8.7848,1.5651,Z,AZ
SL96317980,TERMOSTATO METÁLICO,348,0.5592826021753201,A,5.6129,11.0911,1.976,Z,AZ
TRUD1495,JGO. PASTILLA DE FRENO,347,0.5599673228408607,A,5.5968,4.9398,0.8826,Y,AY
FLC05,CONECTOR,347,0.5606520435064013,A,5.5968,11.5611,2.0657,Z,AZ
FL1525H8,MODULO GASOLINA SUMERGIBLE,346,0.5613347909135397,A,5.5806,6.249,1.1198,Z,AZ
SP-1181,JGO. PASTILLA DE FRENO,346,0.5620175383206781,A,5.5806,10.2981,1.8453,Z,AZ
FLPFS1137,MODULO GASOLINA SUMERGIBLE,344,0.5626963392110124,A,5.5484,8.5056,1.533,Z,AZ
GM95983139,RULIMAN RUEDA,344,0.5633751401013466,A,5.5484,8.6559,1.5601,Z,AZ
DK2441026000,TEMPLADOR BANDA DISTRIBUCION,343,0.5640519677332786,A,5.5323,6.6907,1.2094,Z,AZ
TRUD1193,JGO. PASTILLA DE FRENO,343,0.5647287953652107,A,5.5323,7.0224,1.2693,Z,AZ
WT1C0945511A,INTERRUPTOR LUZ DE FRENO,342,0.5654036497387406,A,5.5161,4.957,0.8986,Y,AY
DR43206-EM10A,DISCO FRENO,342,0.5660785041122706,A,5.5161,18.7253,3.3946,Z,AZ
DK030145299H,POLEA TENSORA,341,0.5667513852273983,A,5.5,15.5851,2.8337,Z,AZ
FL40B13COM,MODULO GASOLINA SUMERGIBLE,341,0.5674242663425261,A,5.5,9.9365,1.8066,Z,AZ
1H0819373,MANGUERA ENTRADA AGUA A A G V 2 0,341,0.5680971474576538,A,5.5,8.3352,1.5155,Z,AZ
OP3010,BOMBA DE ACEITE,340,0.5687680553143796,A,5.4839,8.1295,1.4824,Z,AZ
MO5151-OEM-2622,TAPA BANDA DIST. SUP,340,0.5694389631711052,A,5.4839,7.0201,1.2801,Z,AZ
USNS-2487,"CHAQUETA DE BIELA AMAROK TSI 2010---2015, TIGUAN (5N_) TFSI 2007---2018, GOLF VI (5K1) 2009---2012, JETTA CLASICO VI 201...",339,0.5701078977694287,A,5.4677,10.9643,2.0053,Z,AZ
SL42GR,SILICON,339,0.5707768323677522,A,5.4677,5.2077,0.9524,Y,AY
PR96536522,ELECTRO VENTILADOR,338,0.5714437937076736,A,5.4516,7.9933,1.4662,Z,AZ
TRUD867,JGO. PASTILLA DE FRENO,337,0.5721087817891929,A,5.4355,12.9623,2.3847,Z,AZ
FL17040-8U002,MODULO GASOLINA SUMERGIBLE,336,0.5727717966123099,A,5.4194,5.2041,0.9603,Y,AY
FL06B109119A,BANDA DE DISTRIBUCION 150S8M23,336,0.5734348114354271,A,5.4194,11.0125,2.0321,Z,AZ
FL6R0919051A,MODULO GASOLINA SUMERGIBLE,336,0.5740978262585442,A,5.4194,4.4087,0.8135,Y,AY
TRUD1162,JGO. PASTILLA DE FRENO,335,0.5747588678232592,A,5.4032,8.325,1.5407,Z,AZ
7865217471462,MODULOS DE GALPON 1,334,0.575417936129572,A,5.3871,10.841,2.0124,Z,AZ
TB04E133062K,CUERPO ACELERACION,334,0.5760770044358849,A,5.3871,8.4479,1.5682,Z,AZ
XI-50X,FILTRO GASOLINA,333,0.5767340994837956,A,5.371,8.3226,1.5496,Z,AZ
FL70VW1007,BOMBA GASOLINA SUMERGIBLE,333,0.5773911945317063,A,5.371,7.0258,1.3081,Z,AZ
FG-0019,FILTRO GASOLINA,333,0.5780482895796171,A,5.371,6.5703,1.2233,Z,AZ
FLMF003POR,MICRO FILTRO,333,0.5787053846275277,A,5.371,17.0211,3.1691,Z,AZ
EP21-0601,JUEGO DE CADENA DE DISTRIBUCIÓN,333,0.5793624796754384,A,5.371,6.2327,1.1604,Z,AZ
TH-1029,FILTRO ACEITE CHEVROLET DMAX 3.0-2.5CC DIESEL 12-->  3/4 X 16,332,0.5800176014649471,A,5.3548,5.8561,1.0936,Z,AZ
PR76532-1,KIT DISTRIBUCION,331,0.5806707499960535,A,5.3387,5.4564,1.022,Z,AZ
ALHP-2448,JUNTA INYECTOR,330,0.5813219252687578,A,5.3226,7.3896,1.3883,Z,AZ
CR1921-Z.E-2634,ELEVA VENTANA MANUAL DELA RH,330,0.5819731005414621,A,5.3226,7.4957,1.4083,Z,AZ
KRGNP-2313,SELENOIDE ENCENDIDO,330,0.5826242758141664,A,5.3226,4.4169,0.8298,Y,AY
PRZ-IX121,REGULADOR VOLTAJE,329,0.5832734778284686,A,5.3065,9.3681,1.7654,Z,AZ
FL5183202AA,MODULO GASOLINA SUMERGIBLE,329,0.5839226798427708,A,5.3065,6.321,1.1912,Z,AZ
FLMF005POR,MICRO FILTRO,328,0.5845699085986709,A,5.2903,5.5891,1.0565,Z,AZ
FL31110-4H500,MODULO GASOLINA SUMERGIBLE,328,0.5852171373545708,A,5.2903,8.4746,1.6019,Z,AZ
WT93307137,PROTECTOR DISTRIBUCION INF.,328,0.5858643661104709,A,5.2903,7.5057,1.4188,Z,AZ
ED0461-TRW-1560,BOMBA DIRECCION HIDRAULICA,327,0.5865096216079688,A,5.2742,9.7966,1.8575,Z,AZ
1J0927183,TROMPO PEDAL EMBRAGUE GOLF 01,327,0.5871548771054668,A,5.2742,12.1365,2.3011,Z,AZ
WT93388682,PROTECTOR DISTRIBUCION POST.,326,0.5877981593445625,A,5.2581,5.7947,1.1021,Z,AZ
FL60160001,MODULO GASOLINA SUMERGIBLE,325,0.5884394683252562,A,5.2419,10.2951,1.964,Z,AZ
FIN17040-JX30A,FILTRO INTANK,325,0.5890807773059498,A,5.2419,9.0673,1.7298,Z,AZ
ALHP-1279,CAUCHO B E AMAROK,325,0.5897220862866434,A,5.2419,10.6932,2.0399,Z,AZ
WT6N0947563,INTERRUPTOR PUERTA,325,0.590363395267337,A,5.2419,4.9569,0.9456,Y,AY
TRUD1434,JGO. PASTILLA DE FRENO,324,0.5910027309896285,A,5.2258,9.4518,1.8087,Z,AZ
TRUD1156V,JGO. PASTILLA DE FRENO,324,0.5916420667119201,A,5.2258,6.8023,1.3017,Z,AZ
13780-62B00,FILTRO AIRE,324,0.5922814024342116,A,5.2258,9.143,1.7496,Z,AZ
307411309.6,BARRA ESTABILIZADORA GOL,324,0.592920738156503,A,5.2258,9.9018,1.8948,Z,AZ
FL5PK,PREFILTRO,322,0.5935561273619903,A,5.1935,9.0462,1.7418,Z,AZ
XI-155,PORTA FILTRO COMBUSTIBLE,321,0.5941895433090754,A,5.1774,4.9628,0.9586,Y,AY
XI-75,BASE FILTRO COMBUSTIBLE-CH.,320,0.5948209859977583,A,5.1613,8.2485,1.5982,Z,AZ
SL90566947,VALVULA CALEFACCION,320,0.5954524286864413,A,5.1613,4.4511,0.8624,Y,AY
CR2741-OEM-2626,GUARDABARROS RH DELA,320,0.5960838713751243,A,5.1613,12.1432,2.3527,Z,AZ
DR43512-52120,DISCO FRENO,318,0.596711367547003,A,5.129,3.9451,0.7692,Y,AY
FG-0578,FILTRO GASOLINA,317,0.5973368904604796,A,5.1129,6.7468,1.3196,Z,AZ
FL60MAZ165,BOMBA GASOLINA SUMERGIBLE,316,0.597960440115554,A,5.0968,11.2375,2.2048,Z,AZ
HP9189,JGO. PASTILLA DE FRENO,316,0.5985839897706284,A,5.0968,4.7032,0.9228,Y,AY
WT036133062P,CUERPO ACELERACION,315,0.5992055661673007,A,5.0806,4.4406,0.874,Y,AY
XI-40,FILTRO GASOLINA,315,0.5998271425639731,A,5.0806,11.3027,2.2247,Z,AZ
OES-12586,MOBIL DELVAC MX 15W40 CANECA,314,0.6004467457022432,A,5.0645,5.6679,1.1191,Z,AZ
XI-51,FILTRO GASOLINA,313,0.6010643755821112,A,5.0484,8.6461,1.7127,Z,AZ
FL7702012450,MODULO GASOLINA SUMERGIBLE,313,0.6016820054619793,A,5.0484,5.939,1.1764,Z,AZ
DR96456494,KIT REPARACION FRENOS,313,0.6022996353418473,A,5.0484,9.1606,1.8146,Z,AZ
TRUD296S,JGO. PASTILLA DE FRENO,313,0.6029172652217153,A,5.0484,12.2585,2.4282,Z,AZ
FLAC6,PREFILTRO,313,0.6035348951015833,A,5.0484,9.9457,1.9701,Z,AZ
FLAC42,SENSOR NIVEL GASOLINA,312,0.6041505517230492,A,5.0323,11.0131,2.1885,Z,AZ
FLBL63,BOBINA ENCENDIDO,311,0.604764235086113,A,5.0161,12.2006,2.4323,Z,AZ
TRUD828,JGO. PASTILLA DE FRENO,311,0.6053779184491768,A,5.0161,5.7879,1.1539,Z,AZ
ETCK5036,KIT  DISTRIBUCION,311,0.6059916018122405,A,5.0161,4.9854,0.9939,Y,AY
FLVW1,PREFILTRO,311,0.6066052851753043,A,5.0161,5.2286,1.0424,Z,AZ
EP20-1440,JUEGO DE CORREAS DENTADAS,310,0.6072169952799659,A,5.0,8.2677,1.6535,Z,AZ
7C3Z9601A,FILTRO AIRE,310,0.6078287053846275,A,5.0,6.0668,1.2134,Z,AZ
1H0959565,CONMUTADOR ESPEJO ELECTRICO G V,309,0.608438442230887,A,4.9839,6.666,1.3375,Z,AZ
5DA358168-431,BOBINA ENCENDIDO,309,0.6090481790771465,A,4.9839,9.0687,1.8196,Z,AZ
TH-8,FILTRO ACEITE FORD STOUT 3/4 X 16,309,0.609657915923406,A,4.9839,7.4498,1.4948,Z,AZ
KR0K95H-18-14XA,JUEGO CABLES DE BUJIA,308,0.6102656795112633,A,4.9677,8.7436,1.7601,Z,AZ
1J0253115J,JUNTA TUBO ESCAPE GOLF IV APK,306,0.6108694965823165,A,4.9355,4.6485,0.9419,Y,AY
PROS3,SENSOR OXIGENO,306,0.6114733136533695,A,4.9355,4.8088,0.9743,Y,AY
FG-3081,FILTRO GASOLINA,305,0.6120751574660205,A,4.9194,10.023,2.0375,Z,AZ
DK1281071C00,TEMPLADOR BANDA DISTRIBUCION,305,0.6126770012786714,A,4.9194,6.5237,1.3261,Z,AZ
PROS1,SENSOR OXIGENO,305,0.6132788450913224,A,4.9194,7.2719,1.4782,Z,AZ
WT2GB121253A,RADIADOR,304,0.6138787156455712,A,4.9032,5.7857,1.18,Z,AZ
FL30028100,BOMBA GASOLINA SUMERGIBLE,304,0.61447858619982,A,4.9032,4.3356,0.8842,Y,AY
T11-1109111LA1BQ,FILTRO AIRE,303,0.6150764834956667,A,4.8871,5.184,1.0608,Z,AZ
HP5232,JGO. PASTILLA DE FRENO,303,0.6156743807915134,A,4.8871,9.4153,1.9266,Z,AZ
EP20-1749,JUEGO DE CORREAS DENTADAS,302,0.616270304828958,A,4.871,12.9683,2.6624,Z,AZ
TRUD1238,JGO. PASTILLA DE FRENO,302,0.6168662288664025,A,4.871,9.5773,1.9662,Z,AZ
WT1H0711574,KIT REPARACION SELECTOR MARCHAS,302,0.6174621529038471,A,4.871,4.7058,0.9661,Y,AY
CR5971-AUT-1618,PANEL PLUMAS,302,0.6180580769412917,A,4.871,4.214,0.8651,Y,AY
FL1525Q7,MODULO GASOLINA SUMERGIBLE,301,0.618652027720334,A,4.8548,11.2864,2.3248,Z,AZ
FL4012V106,BOMBA GASOLINA CUADRADA UNIVERSAL =40106,301,0.6192459784993765,A,4.8548,8.0259,1.6532,Z,AZ
EP34-3000,RECEPTOR RULIMAN DE CAJA COJINETE,300,0.6198379560200167,A,4.8387,3.7122,0.7672,Y,AY
EP21-0620,JUEGO DE CADENA DE DISTRIBUCIÓN,300,0.620429933540657,A,4.8387,5.4954,1.1357,Z,AZ
1H1721335A,CABLE EMBRAGUE G V AUTOMATICO,300,0.6210219110612973,A,4.8387,11.0266,2.2788,Z,AZ
DR96312560,DISCO FRENO,300,0.6216138885819376,A,4.8387,9.9502,2.0564,Z,AZ
FL23217-21010,PREFILTRO,300,0.6222058661025779,A,4.8387,4.6427,0.9595,Y,AY
SL96314169,RESERVORIO,300,0.6227978436232181,A,4.8387,5.3073,1.0968,Z,AZ
TRUD1441,JGO. PASTILLA DE FRENO,300,0.6233898211438584,A,4.8387,5.3738,1.1106,Z,AZ
ALHP-1005,JGO SOPORTE RULIMAN AMORT GOLF IV GOL V,300,0.6239817986644988,A,4.8387,10.0293,2.0727,Z,AZ
ALHP-0692,RULIMAN EMBRAGUE G A S,300,0.624573776185139,A,4.8387,7.1419,1.476,Z,AZ
1J4837462H,LEVANTAVIDRIO ELECT DEL DER CON BASE,300,0.6251657537057793,A,4.8387,6.5357,1.3507,Z,AZ
FLSZ5,PREFILTRO,300,0.6257577312264195,A,4.8387,5.9871,1.2373,Z,AZ
DKR1494,BOMBA GASOLINA SUMERGIBLE,299,0.6263477354886577,A,4.8226,6.9108,1.433,Z,AZ
HP5162,JGO. PASTILLA DE FRENO,298,0.6269357664924937,A,4.8065,11.0728,2.3037,Z,AZ
XI-30,FILTRO GASOLINA,298,0.6275237974963297,A,4.8065,9.5577,1.9885,Z,AZ
FL1J0919051J,MODULO GASOLINA SUMERGIBLE,298,0.6281118285001658,A,4.8065,8.283,1.7233,Z,AZ
03L115264A,BANDA BOMBA DE ACEITE AMAROK,297,0.6286978862455996,A,4.7903,6.0299,1.2588,Z,AZ
HP2003,JGO. PASTILLA DE FRENO,297,0.6292839439910335,A,4.7903,7.3597,1.5364,Z,AZ
XI-01,FILTRO GASOLINA,297,0.6298700017364673,A,4.7903,5.181,1.0816,Z,AZ
PR76183,KIT DISTRIBUCION,296,0.6304540862234992,A,4.7742,5.0495,1.0577,Z,AZ
FG-9580,FILTRO GASOLINA,296,0.6310381707105309,A,4.7742,7.3779,1.5454,Z,AZ
5X0412319,PLATO SUPERIOR AMORTIG DEL GOL,295,0.6316202819391605,A,4.7581,7.8897,1.6582,Z,AZ
VW1H0199609G,BASE MOTOR,295,0.6322023931677901,A,4.7581,4.3243,0.9088,Y,AY
FLLF1T-13-35ZC,MODULO GASOLINA SUMERGIBLE,295,0.6327845043964198,A,4.7581,5.33,1.1202,Z,AZ
1H0959481B,TERMOSWICHT G V PC ALEMAN,294,0.6333646423666472,A,4.7419,5.2485,1.1068,Z,AZ
TRUD349,JGO. PASTILLA DE FRENO,294,0.6339447803368746,A,4.7419,4.5042,0.9499,Y,AY
TRUD1216,JGO. PASTILLA DE FRENO,293,0.6345229450487,A,4.7258,7.4013,1.5662,Z,AZ
PRE240,SOKQUET,292,0.6350991365021232,A,4.7097,8.2724,1.7565,Z,AZ
HP0041,JGO. PASTILLA DE FRENO,291,0.6356733546971443,A,4.6935,7.4954,1.5969,Z,AZ
TRUD1399,JGO. PASTILLA DE FRENO,290,0.6362455996337633,A,4.6774,5.8386,1.2483,Z,AZ
SL217114U00A,RESERVORIO,290,0.6368178445703822,A,4.6774,8.4429,1.805,Z,AZ
FLPFS488,MODULO GASOLINA SUMERGIBLE,290,0.6373900895070012,A,4.6774,9.4728,2.0252,Z,AZ
FL01063B01,BOMBA GASOLINA SUMERGIBLE,289,0.6379603611852179,A,4.6613,5.8336,1.2515,Z,AZ
FL172025090R,BOMBA GASOLINA SUMERGIBLE,289,0.6385306328634347,A,4.6613,8.6955,1.8655,Z,AZ
SL90322216,TUBO CALECFACCION,288,0.6390989312832493,A,4.6452,11.5592,2.4884,Z,AZ
DR8-98006259-C,DISCO FRENO DEL VENT D-MAX 3.0 3.5 4WD 02 279,288,0.6396672297030641,A,4.6452,11.4879,2.4731,Z,AZ
EP20-1178,KIT DISTRIBUCION,288,0.6402355281228788,A,4.6452,6.3857,1.3747,Z,AZ
FL17040-4BA1A,MODULO GASOLINA SUMERGIBLE,288,0.6408038265426934,A,4.6452,6.9401,1.494,Z,AZ
HP3009,JGO. PASTILLA DE FRENO,287,0.6413701517041059,A,4.629,9.8787,2.1341,Z,AZ
ALHP-1421,CILINDRO PRINCIPAL DE FRENOS G V,286,0.6419345036071163,A,4.6129,6.5975,1.4302,Z,AZ
TRUD1095,JGO. PASTILLA DE FRENO,285,0.6424968822517246,A,4.5968,6.3461,1.3806,Z,AZ
TB03F133062B,CUERPO ACELERACION,285,0.6430592608963329,A,4.5968,6.0387,1.3137,Z,AZ
FL30307403,MODULO GASOLINA SUMERGIBLE,284,0.6436196662825391,A,4.5806,10.1275,2.2109,Z,AZ
PR496,AUTOMATICO ARRANQUE,284,0.6441800716687451,A,4.5806,6.4921,1.4173,Z,AZ
ETBK0033,KIT DISTRIBUCION,284,0.6447404770549513,A,4.5806,5.4935,1.1993,Z,AZ
1J0721174C,CAUCHO PEDAL EMBRAGUE,283,0.6452989091827553,A,4.5645,7.971,1.7463,Z,AZ
1109101-K08-A1,FILTRO AIRE,282,0.6458553680521572,A,4.5484,7.0703,1.5545,Z,AZ
TRUD320,JGO. PASTILLA DE FRENO,281,0.646409853663157,A,4.5323,5.1391,1.1339,Z,AZ
FI-2F000,TAPA MODULO GASOLINA,281,0.6469643392741566,A,4.5323,5.0918,1.1235,Z,AZ
FL31112-C9100,FILTRO GASOLINA,281,0.6475188248851563,A,4.5323,4.4819,0.9889,Y,AY
FL2034702394,MODULO GASOLINA SUMERGIBLE,281,0.6480733104961561,A,4.5323,4.1532,0.9164,Y,AY
DR18060665,DISCO FRENO,280,0.6486258228487537,A,4.5161,9.1717,2.0309,Z,AZ
WT056105313C,RULIMAN CIGUENAL MOTRIZ,280,0.6491783352013513,A,4.5161,10.929,2.42,Z,AZ
TH-2849A,FILTRO ACEITE MAZDA PICK UP BT-50,280,0.6497308475539488,A,4.5161,7.8283,1.7334,Z,AZ
KR0K2A2-67-740,RELAY LUCES,280,0.6502833599065465,A,4.5161,4.3911,0.9723,Y,AY
8-97062294-0,FILTRO AIRE,280,0.6508358722591441,A,4.5161,7.4892,1.6583,Z,AZ
EP20-2050,KIT BANDA ALTERNADOR,280,0.6513883846117416,A,4.5161,3.9666,0.8783,Y,AY
KRNP1147A,JUEGO CABLES DE BUJIA,279,0.6519389237059371,A,4.5,6.4602,1.4356,Z,AZ
EP20-1721,JUEGO DE CORREAS DENTADAS,278,0.6524874895417304,A,4.4839,6.0422,1.3475,Z,AZ
HP8230,JGO. PASTILLA DE FRENO,278,0.6530360553775238,A,4.4839,6.2983,1.4047,Z,AZ
KR21310-26650,BOMBA ACEITE,278,0.6535846212133172,A,4.4839,10.7129,2.3892,Z,AZ
SL24253434,CARTER CAJA DE CAMBIO,278,0.6541331870491105,A,4.4839,3.8089,0.8495,Y,AY
WT5C0121251E,RADIADOR DE AGUA,277,0.6546797796265017,A,4.4677,9.012,2.0171,Z,AZ
KR59770-25000,CABLE FRENO MANO,277,0.6552263722038928,A,4.4677,6.9832,1.563,Z,AZ
FLFILSENTRA,FILTRO GASOLINA SUMERGIBLE,275,0.6557690182644798,A,4.4355,4.3538,0.9816,Y,AY
TRU55810-76A01,JGO. PASTILLA DE FRENO,275,0.6563116643250667,A,4.4355,5.0565,1.14,Z,AZ
FL31110-2P000,MODULO GASOLINA SUMERGIBLE,274,0.6568523371272514,A,4.4194,4.6854,1.0602,Z,AZ
WT5QM121251A,RADIADOR DE AGUA,274,0.6573930099294363,A,4.4194,5.8545,1.3248,Z,AZ
34810-65J00,SENSOR NIVEL GASOLINA,273,0.6579317094732189,A,4.4032,3.722,0.8453,Y,AY
ETCK5035,KIT DISTRIBUCION,272,0.6584684357585995,A,4.3871,10.9756,2.5018,Z,AZ
FL30CHN003,BOMBA GASOLINA SUMERGIBLE,272,0.65900516204398,A,4.3871,4.3565,0.993,Y,AY
EP20-1068,JUEGO DE CORREAS DENTADAS,272,0.6595418883293606,A,4.3871,4.6398,1.0576,Z,AZ
KRGNR-M022,REGULADOR ALTERNADOR,272,0.660078614614741,A,4.3871,7.73,1.762,Z,AZ
FL77020-0D010,MODULO GASOLINA SUMERGIBLE,271,0.6606133676417194,A,4.371,5.9031,1.3505,Z,AZ
14311561111,HORQUILLA 1RA Y 2DA ALTERNA,271,0.6611481206686978,A,4.371,3.7427,0.8563,Y,AY
EP20-X201,KIT DISTRIBUCION,271,0.6616828736956762,A,4.371,6.3759,1.4587,Z,AZ
CAV296KIT,FILTRO GASOLINA UNIVERSAL,270,0.6622156534642525,A,4.3548,6.4385,1.4785,Z,AZ
DRUM5133251,DISCO FRENO,270,0.6627484332328287,A,4.3548,6.1253,1.4065,Z,AZ
FL0K2DJ1335Z,MODULO GASOLINA SUMERGIBLE,270,0.663281213001405,A,4.3548,4.2582,0.9778,Y,AY
WT027109675,RETEN VALVULAS,269,0.6638120195115791,A,4.3387,9.4731,2.1834,Z,AZ
CR1931-OEM-2628,EMBLEMA DELA,268,0.6643408527633511,A,4.3226,6.5716,1.5203,Z,AZ
FIN31112-1CA00,FILTRO INTANK,268,0.6648696860151231,A,4.3226,6.0021,1.3885,Z,AZ
WT191407182,BUJE MESA SUSPENSION,268,0.6653985192668951,A,4.3226,4.2721,0.9883,Y,AY
PRC1200,BOBINA ENCENDIDO,267,0.6659253792602648,A,4.3065,6.6614,1.5468,Z,AZ
KR92060980,JUEGO CABLES DE BUJIA,266,0.6664502659952326,A,4.2903,3.5938,0.8377,Y,AY
5X0857551,PARASOL GOL IZQ PROMOCION,266,0.6669751527302004,A,4.2903,3.8871,0.906,Y,AY
DK90412783,TEMPLADOR BANDA DISTRIBUCION,266,0.667500039465168,A,4.2903,7.525,1.7539,Z,AZ
FL17040-1HK0B,MODULO  GASOLINA SUMERGIBLE,264,0.6680209796833315,A,4.2581,3.814,0.8957,Y,AY
DK90411769,TEMPLADOR BANDA DISTRIBUCION,264,0.6685419199014949,A,4.2581,8.9315,2.0976,Z,AZ
PRAC7180,VALVULA IAC,264,0.6690628601196584,A,4.2581,6.8977,1.6199,Z,AZ
FLCHR160COM,MODULO GASOLINA SUMERGIBLE,263,0.6695818270794197,A,4.2419,12.1731,2.8697,Z,AZ
28113-2S000,FILTRO AIRE,263,0.670100794039181,A,4.2419,6.8195,1.6076,Z,AZ
ALHP-2146,ROTULA M S DER POLO FOX,262,0.6706177877405401,A,4.2258,4.1091,0.9724,Y,AY
1J0698123DS,KIT REPARO MORDAZA DEL,262,0.6711347814418994,A,4.2258,3.9815,0.9422,Y,AY
020311113B,RETEN ACEITE MOTRIZ C C G V 2 0,261,0.6716498018848565,A,4.2097,8.5556,2.0324,Z,AZ
OES-S58101A-C,ZAPATAS DE FRENO,261,0.6721648223278135,A,4.2097,6.2169,1.4768,Z,AZ
VW032103601AA,CARTER,260,0.6726778695123684,A,4.1935,4.5467,1.0842,Z,AZ
WT052905225C,ROTOR DE DISTRIBUIDOR,260,0.6731909166969233,A,4.1935,7.0111,1.6719,Z,AZ
SL90457648,VALVULA CALECFACCION,260,0.6737039638814782,A,4.1935,9.6818,2.3087,Z,AZ
FL6090809R,BOMBA GASOLINA SUMERGIBLE,260,0.6742170110660332,A,4.1935,8.0037,1.9086,Z,AZ
FL40VSZ045,BOMBA GASOLINA SUMERGIBLE,259,0.674728084992186,A,4.1774,2.9101,0.6966,Y,AY
FG-0014,FILTRO GASOLINA,258,0.6752371856599365,A,4.1613,5.0901,1.2232,Z,AZ
DK96184932,POLEA TENSORA,258,0.6757462863276872,A,4.1613,9.0593,2.177,Z,AZ
TRUD768,JGO. PASTILLA DE FRENO,257,0.6762534137370357,A,4.1452,4.7785,1.1528,Z,AZ
FLAC72,TAPA BOMBA GASOLINA,257,0.6767605411463842,A,4.1452,4.8255,1.1641,Z,AZ
FL31110-0X000,MODULO GASOLINA SUMERGIBLE,256,0.6772656952973306,A,4.129,5.3506,1.2958,Z,AZ
OES-9EN0042,ENI I-SIGMA MULTI 15W40 4EC,256,0.6777708494482769,A,4.129,7.7511,1.8772,Z,AZ
ALHP-0789,GUARDAPOLVO PUNTA EJE GOLF,256,0.6782760035992234,A,4.129,4.7195,1.143,Z,AZ
DR96328338,DISCO FRENO,255,0.6787791844917676,A,4.1129,4.337,1.0545,Z,AZ
WT06A109108S,PROTECTOR DISTRIBUCION SUP.,253,0.6792784188675075,A,4.0806,8.2955,2.0329,Z,AZ
WT3251212531,RADIADOR,253,0.6797776532432475,A,4.0806,5.2557,1.288,Z,AZ
WT048109173D,PROTECTOR DISTRIBUCION SUP.,252,0.6802749143605853,A,4.0645,10.6512,2.6205,Z,AZ
FL080E2035,BOMBA GASOLINA SUMERGIBLE,252,0.6807721754779232,A,4.0645,6.5964,1.6229,Z,AZ
PRCM1T227,BOBINA ENCENDIDO,251,0.6812674633368588,A,4.0484,6.9408,1.7145,Z,AZ
ALHP-0609,SENSOR TEMPERATURA 2 PATAS POLO,251,0.6817627511957945,A,4.0484,4.7534,1.1741,Z,AZ
FL77020-0K390,MODULO GASOLINA SUMERGIBLE,251,0.6822580390547303,A,4.0484,3.8831,0.9592,Y,AY
17801-38051,FILTRO AIRE,250,0.6827513536552638,A,4.0323,3.6631,0.9084,Y,AY
RDUM5133047,RULIMAN RUEDA,249,0.6832426949973953,A,4.0161,8.5241,2.1225,Z,AZ
TRUD1264,JGO. PASTILLA DE FRENO,246,0.6837281165643203,A,3.9677,5.4771,1.3804,Z,AZ
PRTPS112,SENSOR CKP,246,0.6842135381312454,A,3.9677,7.0137,1.7677,Z,AZ
KR96288956,JUEGO CABLES DE BUJIA,246,0.6846989596981704,A,3.9677,5.0799,1.2803,Z,AZ
SL25622-02566,TERMOSTATO PLÁSTICO,244,0.6851804347482912,A,3.9355,9.1155,2.3162,Z,AZ
CAV 296 KIT,FILTRO GASOLINA UNIVERSAL,244,0.6856619097984119,A,3.9355,5.8001,1.4738,Z,AZ
DK377145299,POLEA TENSORA,244,0.6861433848485327,A,3.9355,6.005,1.5259,Z,AZ
WT037906457E,VALVULA IAC,244,0.6866248598986534,A,3.9355,6.4879,1.6486,Z,AZ
ETBK5002,KIT DISTRIBUCION,244,0.6871063349487743,A,3.9355,6.972,1.7716,Z,AZ
TRUD297,JGO. PASTILLA DE FRENO,244,0.687587809998895,A,3.9355,6.9022,1.7538,Z,AZ
KR54530-22A00,ROTULA SUSPENSION,244,0.6880692850490158,A,3.9355,3.6139,0.9183,Y,AY
FL15100-78F00,MODULO GASOLINA SUMERGIBLE,244,0.6885507600991365,A,3.9355,3.8932,0.9893,Y,AY
FLTUG,PREFILTRO,244,0.6890322351492573,A,3.9355,3.8599,0.9808,Y,AY
WT014141701E,HORQUILLA EMBRAGUE,243,0.6895117369409759,A,3.9194,5.9441,1.5166,Z,AZ
TRUD397,JGO. PASTILLA DE FRENO,242,0.6899892654742924,A,3.9032,5.2998,1.3578,Z,AZ
ED0271-GRA-1975,PLATO BASE AMORTIGUADOR DELA,242,0.6904667940076089,A,3.9032,7.5791,1.9417,Z,AZ
FL400AC001,BOMBA GASOLINA SUMERGIBLE,242,0.6909443225409254,A,3.9032,8.3371,2.1359,Z,AZ
TRUD1181,JGO. PASTILLA DE FRENO,242,0.6914218510742419,A,3.9032,5.7857,1.4823,Z,AZ
USNS-0553,"EMPAQUE CABEZOTE MOTOR APK BORA, JETTA, GOLF IV 1.8-2.0cc",241,0.6918974063491562,A,3.8871,7.4749,1.923,Z,AZ
DR90497879,DISCO FRENO,241,0.6923729616240706,A,3.8871,5.9354,1.527,Z,AZ
FL42TRD003,BOMBA GASOLINA SUMERGIBLE,240,0.6928465436405828,A,3.871,3.3384,0.8624,Y,AY
8TF358146-621,BOMBA GASOLINA SUMERGIBLE,240,0.693320125657095,A,3.871,10.2619,2.651,Z,AZ
037121065L,CANERIA DE AGUA GOLF VENTO,240,0.6937937076736073,A,3.871,4.6333,1.1969,Z,AZ
XI-08,FILTRO GASOLINA,240,0.6942672896901195,A,3.871,3.9574,1.0223,Z,AZ
FG-9123,FILTRO GASOLINA,240,0.6947408717066317,A,3.871,6.3207,1.6328,Z,AZ
FL300TU200,MODULO GASOLINA SUMERGIBLE,240,0.6952144537231439,A,3.871,3.3863,0.8748,Y,AY
WP96352650,BOMBA AGUA,240,0.6956880357396562,A,3.871,6.8873,1.7792,Z,AZ
FL4012V120,BOMBA GASOLINA,239,0.6961596444977662,A,3.8548,4.6171,1.1977,Z,AZ
SL90566948,VALVULA CALEFACCION,239,0.6966312532558764,A,3.8548,4.2115,1.0925,Z,AZ
FL31110-26500,MODULO GASOLINA SUMERGIBLE,239,0.6971028620139864,A,3.8548,4.2686,1.1073,Z,AZ
KR27501-26D00,JUEGO CABLES DE BUJIA,239,0.6975744707720966,A,3.8548,3.5689,0.9258,Y,AY
TRUD889,JGO. PASTILLA DE FRENO,239,0.6980460795302066,A,3.8548,4.5111,1.1702,Z,AZ
CR1391-ORI-2633,CERRADURA PUERTA DELA LH,238,0.6985157150299146,A,3.8387,4.8864,1.2729,Z,AZ
FLMF006KIT,JGO MICROFILTRO  MAZDA BT-50,238,0.6989853505296225,A,3.8387,9.4633,2.4652,Z,AZ
WT6Q0411315E,BARRA ESTABILIZADORA,237,0.6994530127709284,A,3.8226,6.8026,1.7796,Z,AZ
WT3051210632,MANGUERA REFRIGERANTE INF.,237,0.6999206750122342,A,3.8226,5.6925,1.4892,Z,AZ
EP21-0589,JUEGO DE CADENA DE DISTRIBUCIÓN,237,0.70038833725354,A,3.8226,5.3114,1.3895,Z,AZ
DR3172,DISCO FRENO,237,0.7008559994948459,A,3.8226,4.8611,1.2717,Z,AZ
KR96211948,JUEGO CABLES DE BUJIA,237,0.7013236617361517,A,3.8226,3.6743,0.9612,Y,AY
PR76536,KIT DISTRIBUCION,236,0.7017893507190553,A,3.8065,6.6474,1.7464,Z,AZ
ALHP-2458,SELECTOR DE MARCHAS,236,0.702255039701959,A,3.8065,7.7164,2.0272,Z,AZ
COR2,FILTRO GASOLINA,236,0.7027207286848628,A,3.8065,3.6004,0.9459,Y,AY
PR76582,KIT DISTRIBUCION,236,0.7031864176677665,A,3.8065,5.7357,1.5068,Z,AZ
DR40206-EM10A,DISCO FRENO,236,0.7036521066506701,A,3.8065,5.3937,1.417,Z,AZ
TRUD510,JGO. PASTILLA DE FRENO,236,0.7041177956335738,A,3.8065,12.9663,3.4064,Z,AZ
WT377412329,BASE AMORTIGUADOR CON RODAMIENTO,236,0.7045834846164775,A,3.8065,8.4373,2.2166,Z,AZ
TRUD402,JGO. PASTILLA DE FRENO,236,0.7050491735993812,A,3.8065,8.3644,2.1974,Z,AZ
TRUD1393,JGO. PASTILLA DE FRENO,236,0.7055148625822849,A,3.8065,7.0844,1.8611,Z,AZ
ALHP-1427,JGO PASTILLAS GTI VENTO 2000 PD329,235,0.7059785783067865,A,3.7903,4.5335,1.1961,Z,AZ
1J4837461H,LEVANTAVIDRIO ELECTR DEL LH CON BASE,234,0.7064403207728859,A,3.7742,3.2845,0.8702,Y,AY
FLSA2,PREFILTRO,234,0.7069020632389853,A,3.7742,6.3001,1.6693,Z,AZ
FLAX1,PREFILTRO,234,0.7073638057050847,A,3.7742,7.0171,1.8592,Z,AZ
FI-Y922,FILTRO GASOLINA,234,0.7078255481711841,A,3.7742,4.3973,1.1651,Z,AZ
EP20-1160,JUEGO DE CORREAS DENTADAS,233,0.7082853173788815,A,3.7581,3.0622,0.8148,Y,AY
1500A098,FILTRO AIRE,233,0.7087450865865786,A,3.7581,4.8979,1.3033,Z,AZ
FL0824000B,BOMBA GASOLINA SUMERGIBLE,233,0.709204855794276,A,3.7581,8.9725,2.3875,Z,AZ
TH-28N,FILTRO ACEITE ISUZU NKR/NHR M26 X 1.5,233,0.7096646250019732,A,3.7581,6.5665,1.7473,Z,AZ
FL4018DMAX,BOMBA GASOLINA SUMERGIBLE,232,0.7101224209512684,A,3.7419,5.8611,1.5663,Z,AZ
KR96460220,JUEGO CABLES DE BUJIA,231,0.7105782436421614,A,3.7258,4.3224,1.1601,Z,AZ
SL2562023610,TERMOSTATO METÁLICO,231,0.7110340663330544,A,3.7258,6.3224,1.6969,Z,AZ
SE94460-1R000,SENSOR NIVEL GASOLINA,231,0.7114898890239475,A,3.7258,4.3853,1.177,Z,AZ
327823397.1,PRESILLA VARILLA APOYO CAPOT GOL,230,0.7119437384564383,A,3.7097,4.598,1.2395,Z,AZ
FL4001R050,BOMBA GASOLINA SUMERGIBLE,229,0.7123956146305271,A,3.6935,3.657,0.9901,Y,AY
TR3731-OEM-2624,PINON 3ERA C/CAMBIO,229,0.7128474908046158,A,3.6935,8.5941,2.3268,Z,AZ
030145299F,POLEA TENSOR B ALT POLO 1 6 BR S A,229,0.7132993669787046,A,3.6935,8.6911,2.353,Z,AZ
FL31110-F3500,MODULO GASOLINA SUMERGIBLE,229,0.7137512431527934,A,3.6935,3.8252,1.0356,Z,AZ
EP20-1442,KIT DISTRIBUCION,228,0.71420114606848,A,3.6774,3.9991,1.0875,Z,AZ
056919081C,TROMPO PRESION ACEITE BAJA G VCAFE,228,0.7146510489841665,A,3.6774,4.5641,1.2411,Z,AZ
325422375.1,TAPA DEPOSITO HIDRAULICO,228,0.7151009518998532,A,3.6774,11.1887,3.0425,Z,AZ
AVM454,JGO. DE RUEDA LIBRE,227,0.7155488815571377,A,3.6613,6.655,1.8177,Z,AZ
FL17040-95F0B,MODULO GASOLINA SUMERGIBLE,227,0.7159968112144222,A,3.6613,5.5647,1.5199,Z,AZ
WT030115636D,TUBO ALOJAMIENTO,227,0.7164447408717066,A,3.6613,7.0366,1.9219,Z,AZ
PR93231759,SENSOR OXIGENO,227,0.7168926705289911,A,3.6613,4.5114,1.2322,Z,AZ
FG-312,FILTRO GASOLINA,226,0.7173386269278734,A,3.6452,3.8231,1.0488,Z,AZ
FL60GRJ235,BOMBA GASOLINA SUMERGIBLE,226,0.7177845833267558,A,3.6452,4.6701,1.2812,Z,AZ
ALHP-2471,SENSOR DE OXIGENO,226,0.7182305397256381,A,3.6452,7.5969,2.0841,Z,AZ
FL9628163780,MODULO GASOLINA SUMERGIBLE,226,0.7186764961245204,A,3.6452,6.0458,1.6586,Z,AZ
TR3731-OEM-0023,ARBOL MOTRIZ CAJA CAMBIO,226,0.7191224525234029,A,3.6452,6.222,1.7069,Z,AZ
5DA193175-481,BOBINA ENCENDIDO,225,0.719566435663883,A,3.629,6.6192,1.824,Z,AZ
TB24113040,CUERPO ACELERACION,225,0.7200104188043632,A,3.629,4.8534,1.3374,Z,AZ
DK96350550,TEMPLADOR BANDA DISTRIBUCION,225,0.7204544019448434,A,3.629,6.6991,1.846,Z,AZ
24103565,FILTRO ACEITE SAIL 2012 2017 1.4 N200 N300 M18X1.5,224,0.7208964118269215,A,3.6129,7.2298,2.0011,Z,AZ
WT050109175A,PROTECTOR BANDA DISTRIBUCION INF.,224,0.7213384217089996,A,3.6129,3.2446,0.8981,Y,AY
FL8V51-9H307-DA,MODULO DE GASOLINA SUMERGIBLE,223,0.7217784583326756,A,3.5968,3.4194,0.9507,Y,AY
KR0K2A1-61-710A,ELECTROVENTILADOR,223,0.7222184949563515,A,3.5968,4.8774,1.356,Z,AZ
FLORING001,ORING INYECTOR,222,0.7226565583216253,A,3.5806,3.5129,0.9811,Y,AY
WT823199381B,BASE MOTOR GOL,222,0.7230946216868992,A,3.5806,3.1497,0.8797,Y,AY
WT1J0412331CS,BASE AMORTIGUADOR,222,0.7235326850521729,A,3.5806,5.0114,1.3996,Z,AZ
TRUD530,JGO. PASTILLA DE FRENO,222,0.7239707484174468,A,3.5806,4.682,1.3076,Z,AZ
TRUD556,JGO. PASTILLA DE FRENO,221,0.7244068385243184,A,3.5645,4.8348,1.3564,Z,AZ
8DD355117-151,DISCO FRENO DEL.,221,0.7248429286311902,A,3.5645,3.5679,1.0009,Z,AZ
KR95225-2D000,RELAY LUCES,221,0.7252790187380618,A,3.5645,4.1294,1.1585,Z,AZ
FL122ZA20,BANDA DISTRIBUCION LUV 2.3 GATES T122,221,0.7257151088449335,A,3.5645,3.6879,1.0346,Z,AZ
SL96273608,TUBO CALECFACCION,221,0.7261511989518051,A,3.5645,3.3293,0.934,Y,AY
PRE254,SOKQUET,221,0.7265872890586769,A,3.5645,7.1451,2.0045,Z,AZ
1C0945511A,INTERRUPTOR LUZ FRENO GLFIV POLO JETTA,220,0.7270214059071464,A,3.5484,5.6445,1.5907,Z,AZ
EP20-1237,JUEGO DE CORREAS DENTADAS,220,0.7274555227556159,A,3.5484,7.6468,2.155,Z,AZ
TRUD1316,JGO. PASTILLA DE FRENO,219,0.7278876663456832,A,3.5323,8.6746,2.4558,Z,AZ
SQ-1284,SOCKET ELÉCTRICO,218,0.7283178366773486,A,3.5161,5.4232,1.5424,Z,AZ
KR24578253,JUEGO DE CABLES DE BUJIA,218,0.7287480070090139,A,3.5161,2.9334,0.8343,Y,AY
6PU009163-491,SENSOR POSICION CIGUENAL,218,0.7291781773406791,A,3.5161,4.8151,1.3694,Z,AZ
TB07K133062B,CUERPO ACELERACION,218,0.7296083476723444,A,3.5161,4.9113,1.3968,Z,AZ
TRUD1215,JGO. PASTILLA DE FRENO,218,0.7300385180040097,A,3.5161,3.3299,0.947,Y,AY
WT03L103469F,TAPA VALVULAS,217,0.7304667150772728,A,3.5,4.0231,1.1495,Z,AZ
DKR2737,BOMBA GASOLINA SUMERGIBLE,216,0.7308929388921338,A,3.4839,2.6745,0.7677,Y,AY
FD-7401G,FILTRO COMBUSTIBLE,216,0.7313191627069948,A,3.4839,5.6218,1.6137,Z,AZ
FLAC3,PREFILTRO,215,0.7317434132634537,A,3.4677,3.1608,0.9115,Y,AY
4RV008188-461,RELAY PRECALIENTAMIENTO,214,0.7321656905615104,A,3.4516,5.5581,1.6103,Z,AZ
6Q0407183,BUJE MESA GRANDE POLO,214,0.7325879678595671,A,3.4516,5.9722,1.7303,Z,AZ
DR0K01133251D,DISCO FRENO,214,0.7330102451576239,A,3.4516,5.0853,1.4733,Z,AZ
GLYSANTING48 LITRO,REFRIGERANTE,213,0.7334305491972785,A,3.4355,3.467,1.0092,Z,AZ
FL60DMAX60,BOMBA GASOLINA SUMERGIBLE,213,0.7338508532369331,A,3.4355,2.9872,0.8695,Y,AY
USNS-0271,"JGO DE RINES STANDAR BAH FOX (5Z1,5Z3,5Z4) 1.6 CROSSFOX, GOL V 1.6 CFZA 2009--->, POLO (9N_, 9A_) 1.6 2002---2005",213,0.7342711572765876,A,3.4355,3.8379,1.1171,Z,AZ
TRD4039,KIT DISTRIBUCION,213,0.7346914613162423,A,3.4355,4.3464,1.2651,Z,AZ
SP-1194,JGO. PASTILLA DE FRENO,212,0.7351097920974947,A,3.4194,3.8039,1.1124,Z,AZ
1H685714701C,MANIJA GUANTERA G V,212,0.7355281228787472,A,3.4194,4.3238,1.2645,Z,AZ
FG-55AB,FILTRO GASOLINA,211,0.7359444804015975,A,3.4032,6.4819,1.9046,Z,AZ
FL1J0919051,SENSOR NIVEL GASOLINA,211,0.7363608379244478,A,3.4032,6.2513,1.8369,Z,AZ
FL4012V14P,BOMBA GASOLINA,211,0.7367771954472982,A,3.4032,7.7114,2.2659,Z,AZ
28113-D3300,FILTRO AIRE,211,0.7371935529701485,A,3.4032,5.572,1.6373,Z,AZ
EP20-1728,JUEGO DE CORREAS DENTADAS,210,0.7376079372345967,A,3.3871,3.9241,1.1585,Z,AZ
XI-17,FILTRO GASOLINA,210,0.7380223214990449,A,3.3871,5.9686,1.7622,Z,AZ
FLSP14,SENSOR NIVEL GASOLINA,210,0.7384367057634932,A,3.3871,7.185,2.1213,Z,AZ
1109101-k80,FILTRO AIRE,210,0.7388510900279414,A,3.3871,8.5917,2.5366,Z,AZ
FL17040-ED80A,MODULO GASOLINA SUMERGIBLE,209,0.7392635010339874,A,3.371,3.9359,1.1676,Z,AZ
TRUD436,JGO. PASTILLA DE FRENO,209,0.7396759120400335,A,3.371,2.8581,0.8479,Y,AY
FLE2541M,MODULO GASOLINA SUMERGIBLE,209,0.7400883230460795,A,3.371,3.4371,1.0196,Z,AZ
TRUD1116,JGO. PASTILLA DE FRENO,209,0.7405007340521256,A,3.371,5.8537,1.7365,Z,AZ
KR95550-39000,RELAY LUCES,209,0.7409131450581716,A,3.371,3.9767,1.1797,Z,AZ
7865217374831,REFRIGERADORA 16 370LT IND TOP,209,0.7413255560642177,A,3.371,3.0651,0.9093,Y,AY
TB55561495,CUERPO ACELERACION,208,0.7417359938118616,A,3.3548,4.5263,1.3492,Z,AZ
FL1106100BK00XA,MODULO GASOLINA SUMERGIBLE,208,0.7421464315595055,A,3.3548,5.6742,1.6914,Z,AZ
WT03L906054A,TROMPO PRESION COMBUSTIBLE,208,0.7425568693071495,A,3.3548,7.4468,2.2197,Z,AZ
TRUD465,JGO. PASTILLA DE FRENO,207,0.7429653337963913,A,3.3387,6.9094,2.0695,Z,AZ
EP21-0389,JUEGO DE CADENA DE DISTRIBUCIÓN,207,0.7433737982856331,A,3.3387,6.1064,1.829,Z,AZ
ALHP-1103,TERMOSWICHT GOLF IV,207,0.7437822627748749,A,3.3387,5.5878,1.6737,Z,AZ
GM93285974,SENSOR NIVEL GASOLINA,206,0.7441887540057146,A,3.3226,7.5258,2.2651,Z,AZ
WT026906161,TROMPO TEMPERATURA,206,0.7445952452365542,A,3.3226,5.248,1.5795,Z,AZ
058109611E,VALVULA ESCAPE GOLF IV 1 8 TURBO,205,0.7449997632089917,A,3.3065,3.2607,0.9862,Y,AY
FL17040-4EF1A,MODULO GASOLINA SUMERGIBLE,205,0.7454042811814293,A,3.3065,6.0257,1.8224,Z,AZ
028103500,CAUCHO DESFOGUE T V,205,0.7458087991538668,A,3.3065,6.9967,2.1161,Z,AZ
WT068117021B,RADIADOR ACEITE,205,0.7462133171263043,A,3.3065,3.7183,1.1245,Z,AZ
SL25620-23000,TERMOSTATO METÁLICO,205,0.7466178350987418,A,3.3065,5.8986,1.784,Z,AZ
XI-84,FILTRO GASOLINA,205,0.7470223530711794,A,3.3065,4.848,1.4662,Z,AZ
PR76531,KIT DISTRIBUCION,204,0.7474248977852148,A,3.2903,5.4132,1.6452,Z,AZ
FL93285976,SEMI MODULO GASOLINA SUMERGIBLE,204,0.7478274424992502,A,3.2903,5.2988,1.6104,Z,AZ
FLSEN,PREFILTRO,203,0.7482280139548835,A,3.2742,6.6337,2.026,Z,AZ
USNS-2482,"TAPA DEPOSITO REFRIGERANTE BEETLE 2012---2019, GOL V 2009--->, GOLF VII 2012---2017M JETTA 2017--->, PASSAT 2005--...",203,0.7486285854105167,A,3.2742,5.0231,1.5341,Z,AZ
WT1K0122291A,ACOPLE REFRIGERANTE,202,0.7490271836077478,A,3.2581,3.3309,1.0223,Z,AZ
GM96420303,TAPA DEPOSITO AGUA RADIADOR,202,0.7494257818049789,A,3.2581,4.1965,1.288,Z,AZ
SL13502353,TAPA RESERVORIO,201,0.749822406743808,A,3.2419,6.9251,2.1361,Z,AZ
EP20-1917,JUEGO DE CORREAS DENTADAS,201,0.7502190316826369,A,3.2419,5.098,1.5725,Z,AZ
FLDMAXDD,SENSOR NIVEL GASOLINA,200,0.7506136833630638,A,3.2258,5.7765,1.7907,Z,AZ
WT036103464G,VALVULA PCV,200,0.7510083350434906,A,3.2258,5.2867,1.6389,Z,AZ
FL60CHR160,MODULO GASOLINA SUMERGIBLE,200,0.7514029867239175,A,3.2258,6.4718,2.0063,Z,AZ
TRUD1592,JGO. PASTILLA DE FRENO,200,0.7517976384043443,A,3.2258,5.7626,1.7864,Z,AZ
FL35IZU200,BOMBA GASOLINA SUMERGIBLE,200,0.7521922900847712,A,3.2258,6.2124,1.9259,Z,AZ
FL77020-0K030,MODULO GASOLINA SUMERGIBLE,200,0.752586941765198,A,3.2258,8.2997,2.5729,Z,AZ
032129620B,FILTRO DE AIRE,199,0.7529796201872228,A,3.2097,4.4762,1.3946,Z,AZ
GM652148,CARTER,199,0.7533722986092475,A,3.2097,4.0407,1.2589,Z,AZ
FLK30A1335Z,MODULO GASOLINA SUMERGIBLE,199,0.7537649770312722,A,3.2097,5.7253,1.7837,Z,AZ
TRD4001,KIT DISTRIBUCION,199,0.7541576554532969,A,3.2097,2.5472,0.7936,Y,AY
KR96305387,JUEGO CABLES DE BUJIA,199,0.7545503338753217,A,3.2097,8.1362,2.5349,Z,AZ
ST3891-TDE-0222,POLEA BOMBA DIRECCION,199,0.7549430122973464,A,3.2097,5.6658,1.7652,Z,AZ
TB9023782,CUERPO ACELERACION,199,0.7553356907193711,A,3.2097,4.2772,1.3326,Z,AZ
FL30453432,BOMBA GASOLINA SUMERGIBLE,198,0.7557263958829936,A,3.1935,6.6789,2.0914,Z,AZ
XI-34,FILTRO GASOLINA,198,0.7561171010466162,A,3.1935,4.9768,1.5584,Z,AZ
FL30SENR15,BOMBA GASOLINA SUMERGIBLE,198,0.7565078062102388,A,3.1935,5.462,1.7103,Z,AZ
ALHP-0220,BOMBA DE AGUA POLO 16,198,0.7568985113738614,A,3.1935,4.6241,1.4479,Z,AZ
TRUD9017,JGO. PASTILLA DE FRENO,198,0.757289216537484,A,3.1935,2.8784,0.9013,Y,AY
WT032121113,TERMOSTATO 87º,198,0.7576799217011067,A,3.1935,5.0188,1.5715,Z,AZ
FG-3480,FILTRO GASOLINA,197,0.758068653606327,A,3.1774,4.1911,1.319,Z,AZ
SL164700C070,RESERVORIO,197,0.7584573855115475,A,3.1774,7.2657,2.2867,Z,AZ
5-87310455-0,FILTRO AIRE,197,0.758846117416768,A,3.1774,5.5344,1.7418,Z,AZ
5DA358000-651,BOBINA ENCENDIDO,197,0.7592348493219884,A,3.1774,4.0102,1.2621,Z,AZ
KR0KL02-10-155,RETEN VALVULAS,197,0.7596235812272089,A,3.1774,3.1187,0.9815,Y,AY
FLE4036M,MODULO GASOLINA SUMERGIBLE,197,0.7600123131324293,A,3.1774,7.5253,2.3684,Z,AZ
SE94460-0X000,SENSOR NIVEL GASOLINA,196,0.7603990717792476,A,3.1613,5.4837,1.7346,Z,AZ
760655,LETRA EMBLEMA SAVEIRO,195,0.7607838571676638,A,3.1452,4.1653,1.3244,Z,AZ
DKR3047,BOMBA GASOLINA SUMERGIBLE FORSA,195,0.76116864255608,A,3.1452,3.1869,1.0133,Z,AZ
026109107B,PROTECTOR SUP B D G V 1 8,195,0.7615534279444962,A,3.1452,3.5371,1.1246,Z,AZ
FL31110-3X500,MODULO GASOLINA SUMERGIBLE,195,0.7619382133329123,A,3.1452,6.3674,2.0245,Z,AZ
FLFILAVEO,FILTRO GASOLINA SUMERGIBLE,194,0.7623210254629265,A,3.129,2.7503,0.879,Y,AY
FLE3500M,MODULO GASOLINA SUMERGIBLE,194,0.7627038375929405,A,3.129,9.2988,2.9718,Z,AZ
TRUDB1366,JGO. PASTILLA DE FRENO,194,0.7630866497229545,A,3.129,3.1185,0.9966,Y,AY
3G0598611A,CUBO RUEDA POST TIGUAN,194,0.7634694618529686,A,3.129,6.2022,1.9821,Z,AZ
KR8-92063672-0,JUEGO CABLES DE BUJIA,194,0.7638522739829826,A,3.129,6.0601,1.9367,Z,AZ
FL30CHN019,BOMBA GASOLINA SUMERGIBLE,194,0.7642350861129966,A,3.129,3.6256,1.1587,Z,AZ
SL96553368,TUBO CALEFACCION,194,0.7646178982430107,A,3.129,3.8958,1.245,Z,AZ
PR9023792,SENSOR OXIGENO,193,0.7649987371146226,A,3.1129,5.3945,1.7329,Z,AZ
FLBT5,PREFILTRO,193,0.7653795759862345,A,3.1129,3.9924,1.2825,Z,AZ
TRUD677,JGO. PASTILLA DE FRENO,193,0.7657604148578465,A,3.1129,3.3317,1.0703,Z,AZ
FL8972875181,VALVULA CEBADORA,193,0.7661412537294584,A,3.1129,3.7162,1.1938,Z,AZ
8-97356127-0,"FILTRO AIRE CABINA D-MAX 2.5L, 3.0L (2010/2018)  WINGLE 2.8L (2010/2012) WINGLE 5 2.4L, 2.8L (2012/2018)",193,0.7665220926010703,A,3.1129,5.9245,1.9032,Z,AZ
SL95352004,RESERVORIO,192,0.7669009582142801,A,3.0968,6.252,2.0189,Z,AZ
A15251,FILTRO AIRE,192,0.7672798238274898,A,3.0968,2.4211,0.7818,Y,AY
373868404,MANIJA INT DER PLASTICA GOL 98,192,0.7676586894406996,A,3.0968,5.2692,1.7015,Z,AZ
FL30057B01,BOMBA GASOLINA SUMERGIBLE,191,0.7680355817955072,A,3.0806,5.4456,1.7677,Z,AZ
6PA358066-401,SENSOR OXIGENO,191,0.7684124741503149,A,3.0806,3.102,1.0069,Z,AZ
FL15100-61M00,MODULO GASOLINA SUMERGIBLE,191,0.7687893665051225,A,3.0806,5.392,1.7503,Z,AZ
WT03C121111AM,CAJA REGULADORA DE AGUA,191,0.7691662588599302,A,3.0806,2.4449,0.7936,Y,AY
FLAC62,TAPA BOMBA GASOLINA,190,0.7695411779563357,A,3.0645,6.1641,2.0114,Z,AZ
ALHP-1022,BUJE PUENTE POST GOLF IV JETTA,190,0.7699160970527412,A,3.0645,5.0477,1.6472,Z,AZ
SE94460-1G000,SENSOR NIVEL GASOLINA,190,0.7702910161491467,A,3.0645,8.5588,2.7929,Z,AZ
WT04C109175F,PROTECTOR DISTRIBUCION INF.,190,0.7706659352455523,A,3.0645,6.6717,2.1771,Z,AZ
KR90412744,BOMBA ACEITE,189,0.7710388810835557,A,3.0484,6.7212,2.2049,Z,AZ
EP20-1238,JUEGO DE CORREAS DENTADAS,189,0.7714118269215591,A,3.0484,7.1627,2.3497,Z,AZ
8DD355105-411,DISCO FRENO POST.,189,0.7717847727595624,A,3.0484,3.7821,1.2407,Z,AZ
FL0K020,SENSOR NIVEL GASOLINA TOYOTA HILUX,188,0.7721557453391636,A,3.0323,5.3339,1.7591,Z,AZ
FIN233-28040,FILTRO,187,0.7725247446603628,A,3.0161,5.1447,1.7057,Z,AZ
DR42431-02070,DISCO FRENO,187,0.7728937439815619,A,3.0161,7.6189,2.5261,Z,AZ
FL2114704094,MODULO GASOLINA SUMERGIBLE,187,0.773262743302761,A,3.0161,4.3459,1.4409,Z,AZ
FL101YU20,BANDA DISTRIBUCION,187,0.7736317426239601,A,3.0161,3.7048,1.2283,Z,AZ
FLMFVW06KIT,KIT REPARACION INYECTORES,186,0.7739987686867571,A,3.0,3.7114,1.2371,Z,AZ
FL1770A106,SEMI MODULO GASOLINA SUMERGIBLE,186,0.774365794749554,A,3.0,3.0321,1.0107,Z,AZ
PRSU4667,SENSOR DETONACION,186,0.7747328208123511,A,3.0,5.8365,1.9455,Z,AZ
TRUD866,JGO. PASTILLA DE FRENO,186,0.775099846875148,A,3.0,3.1623,1.0541,Z,AZ
DK0K97212730,TEMPLADOR BANDA DISTRIBUCION,185,0.7754648996795428,A,2.9839,3.7951,1.2719,Z,AZ
XI-21,FILTRO GASOLINA,185,0.7758299524839377,A,2.9839,2.8312,0.9488,Y,AY
FL40HONDA01,BOMBA GASOLINA SUMERGIBLE,185,0.7761950052883325,A,2.9839,2.6427,0.8856,Y,AY
FL96464637,MODULO GASOLINA SUMERGIBLE,185,0.7765600580927273,A,2.9839,5.0497,1.6923,Z,AZ
KR0K30F-18-140,JUEGO CABLES DE BUJIA,185,0.7769251108971222,A,2.9839,3.0822,1.0329,Z,AZ
AVM938,JGO. DE RUEDA LIBRE,185,0.777290163701517,A,2.9839,6.6052,2.2136,Z,AZ
TRUD652,JGO. PASTILLA DE FRENO,184,0.7776532432475097,A,2.9677,3.7801,1.2737,Z,AZ
FL13584225,MODULO GASOLINA SUMERGIBLE,184,0.7780163227935024,A,2.9677,6.1171,2.0612,Z,AZ
OES-9EN0030,ENI I-SINT 5W-30 1QT,183,0.778377429081093,A,2.9516,4.8174,1.6321,Z,AZ
ENLA-0012,RODAMIENTO AGUJA CAJA GOL,183,0.7787385353686836,A,2.9516,4.4592,1.5108,Z,AZ
23304-EV290,FILTRO DE GASOLINA HINO,183,0.7790996416562742,A,2.9516,2.7145,0.9197,Y,AY
FL17040-9N00A,MODULO GASOLINA SUMERGIBLE,182,0.7794587746854627,A,2.9355,2.4748,0.8431,Y,AY
377399113,SOPORTE DEL GOL 97,182,0.7798179077146511,A,2.9355,3.569,1.2158,Z,AZ
1ND012755-121,FARO NEBLINERO RH,181,0.7801750674854373,A,2.9194,4.6604,1.5964,Z,AZ
XI-23,FILTRO INTANK,181,0.7805322272562236,A,2.9194,4.4876,1.5372,Z,AZ
SP-1096,JGO. PASTILLA DE FRENO,181,0.7808893870270099,A,2.9194,3.8742,1.3271,Z,AZ
FIN31112-2E000,FILTRO INTANK,181,0.7812465467977963,A,2.9194,5.6291,1.9282,Z,AZ
FLE2296S,MODULO GASOLINA SUMERGIBLE,181,0.7816037065685826,A,2.9194,4.1864,1.434,Z,AZ
FLAC92,TAPA RESERVORIO,181,0.7819608663393689,A,2.9194,3.4092,1.1678,Z,AZ
FLSP2469M,MODULO GASOLINA SUMERGIBLE,180,0.7823160528517531,A,2.9032,4.7577,1.6388,Z,AZ
TRUD813,JGO. PASTILL A DE FRENO,180,0.7826712393641372,A,2.9032,3.7705,1.2987,Z,AZ
C3585,FILTRO AIRE,180,0.7830264258765214,A,2.9032,3.6487,1.2568,Z,AZ
FL8943183980,SENSOR NIVEL GASOLINA,180,0.7833816123889056,A,2.9032,5.2631,1.8128,Z,AZ
ENLA-2508,POLEA ALTERNADOR,180,0.7837367989012897,A,2.9032,3.0781,1.0602,Z,AZ
SL93397748,TERMOSTATO METÁLICO,180,0.7840919854136739,A,2.9032,5.26,1.8118,Z,AZ
TRUD285,JGO. PASTILLA DE FRENO,180,0.7844471719260581,A,2.9032,6.5616,2.2601,Z,AZ
TRUD194,JGO. PASTILLA DE FRENO,180,0.7848023584384423,A,2.9032,3.7188,1.2809,Z,AZ
TRUD1202,JGO. PASTILLA DE FRENO,180,0.7851575449508263,A,2.9032,3.7533,1.2928,Z,AZ
SE94460-B4000,SENSOR NIVEL GASOLINA,180,0.7855127314632105,A,2.9032,4.8782,1.6803,Z,AZ
DK90353176,TEMPLADOR BANDA DISTRIBUCION,180,0.7858679179755947,A,2.9032,4.9439,1.7029,Z,AZ
FL31110-D3100,MODULO GASOLINA SUMERGIBLE,180,0.7862231044879789,A,2.9032,5.1579,1.7766,Z,AZ
XI-35,FILTRO GASOLINA,180,0.786578291000363,A,2.9032,4.0984,1.4117,Z,AZ
036109675C,SELLOS DE VALVULAS POLO 6MM,179,0.7869315042543451,A,2.8871,5.0036,1.7331,Z,AZ
DK96349976,TEMPLADOR BANDA,179,0.7872847175083272,A,2.8871,4.0125,1.3898,Z,AZ
FG-3600,FILTRO GASOLINA,179,0.7876379307623091,A,2.8871,3.4224,1.1854,Z,AZ
HP8533,JGO. PASTILLA DE FRENO,179,0.7879911440162912,A,2.8871,3.5428,1.2271,Z,AZ
ALHP-2437,POLEA REENVIO,179,0.7883443572702733,A,2.8871,6.0804,2.1061,Z,AZ
ETCK0116,KIT  DISTRIBUCION,178,0.7886955972658531,A,2.871,3.7652,1.3115,Z,AZ
PR76080,KIT DISTRIBUCION,178,0.7890468372614331,A,2.871,3.6654,1.2767,Z,AZ
5X0857552,PARASOL GOL DER PROMOCION,178,0.7893980772570129,A,2.871,3.9736,1.3841,Z,AZ
ALHP-1001,RULIMAN SOPORTE AMORT G V97,178,0.7897493172525929,A,2.871,3.2203,1.1217,Z,AZ
WT96540793,INTERRUPTOR PARQUEO,178,0.7901005572481727,A,2.871,3.0716,1.0699,Z,AZ
TRUD363,JGO. PASTILLA DE FRENO,177,0.7904498239853506,A,2.8548,6.4454,2.2577,Z,AZ
FLMF006POR,MICRO FILTRO,177,0.7907990907225283,A,2.8548,5.9238,2.075,Z,AZ
WT191411329,BUJE PERNO BARRA ESTABILIZADORA,176,0.7911463842013039,A,2.8387,7.8989,2.7826,Z,AZ
GM94700309,VALVULA IAC,176,0.7914936776800796,A,2.8387,5.1999,1.8318,Z,AZ
377711141A,MANOPLA P C GOL,176,0.7918409711588552,A,2.8387,4.6496,1.6379,Z,AZ
WT1J0959481A,TERMOSWICHT,176,0.7921882646376308,A,2.8387,6.2995,2.2191,Z,AZ
WT1J0422371C,DEPOSITO HIDRAULICO,175,0.7925335848580043,A,2.8226,5.7768,2.0466,Z,AZ
SEN-CH000,SENSOR NIVEL GASOLINA,175,0.7928789050783778,A,2.8226,4.4013,1.5593,Z,AZ
OES-9EN0254,ENI I-SINT 5W-30 1GL,175,0.7932242252987514,A,2.8226,2.82,0.9991,Y,AY
WT191411315,PERNO BARRA ESTABILIZADORA CON COJINES,175,0.7935695455191248,A,2.8226,5.7824,2.0486,Z,AZ
N90813202,TORNILLO CARTER ACEITE GOLF IV,175,0.7939148657394983,A,2.8226,5.9011,2.0907,Z,AZ
WT811407181A,BUJE SUSPENSION,175,0.7942601859598718,A,2.8226,3.8291,1.3566,Z,AZ
XI-50,FILTRO GASOLINA,175,0.7946055061802453,A,2.8226,3.7782,1.3386,Z,AZ
EP20-1341,JUEGO DE CORREAS DENTADAS,175,0.7949508264006188,A,2.8226,6.8026,2.4101,Z,AZ
3259112614,RELAY B COMBUSTIBLE GOL 95 VERDE,175,0.7952961466209924,A,2.8226,4.5597,1.6154,Z,AZ
MO5151-2M-0110,TAPA BANDA DIST. INF,175,0.7956414668413658,A,2.8226,7.5808,2.6858,Z,AZ
GM24579728,CARTER,175,0.7959867870617393,A,2.8226,3.9697,1.4064,Z,AZ
KR27501-22B10,JUEGO CABLES DE BUJIA,175,0.7963321072821128,A,2.8226,2.4661,0.8737,Y,AY
KR36120-21740,AUTOMATICO,174,0.7966754542440841,A,2.8065,3.7582,1.3391,Z,AZ
TRUD1571,JGO. PASTILLA DE FRENO,174,0.7970188012060555,A,2.8065,3.9588,1.4106,Z,AZ
FL30SILVER,BOMBA GASOLINA SUMERGIBLE,174,0.7973621481680269,A,2.8065,5.9726,2.1282,Z,AZ
LOGISD,SERVICIO LOGISTICA D,174,0.7977054951299982,A,2.8065,2.9339,1.0454,Z,AZ
PR76182,KIT DISTRIBUCION,174,0.7980488420919696,A,2.8065,2.1087,0.7514,Y,AY
FL42454BYH,BOMBA GASOLINA SUMERGIBLE,174,0.7983921890539409,A,2.8065,2.6079,0.9293,Y,AY
PR76417,KIT DISTRIBUCION,173,0.7987335627575102,A,2.7903,4.311,1.545,Z,AZ
SE2571-KOS-1704,INTERRUPTOR LUCES,173,0.7990749364610794,A,2.7903,4.5442,1.6286,Z,AZ
FL30T21132,BOMBA GASOLINA SUMERGIBLE,173,0.7994163101646486,A,2.7903,4.3594,1.5623,Z,AZ
EP21-0152,JUEGO DE CADENA DE DISTRIBUCIÓN,173,0.7997576838682179,A,2.7903,3.1934,1.1445,Z,AZ
EP20-2171,JUEGO DE CORREAS DENTADAS,173,0.8000990575717871,B,2.7903,5.5216,1.9788,Z,BZ
TRUD1099,JGO. PASTILLA DE FRENO,173,0.8004404312753564,B,2.7903,3.0115,1.0793,Z,BZ
AVM918,JGO. DE RUEDA LIBRE,173,0.8007818049789256,B,2.7903,3.8317,1.3732,Z,BZ
TRUD1710,JGO. PASTILLA DE FRENO,173,0.8011231786824948,B,2.7903,6.3478,2.2749,Z,BZ
068117021B,RADIADOR DE ACEITE,172,0.801462579127662,B,2.7742,4.229,1.5244,Z,BZ
FLSZNEXT,FILTRO INTANK,172,0.8018019795728291,B,2.7742,3.7132,1.3385,Z,BZ
5X0711303B,PALANCA FRENO MANO GOL,172,0.8021413800179961,B,2.7742,2.4258,0.8744,Y,BY
DKR-016-HY,JGO MOQUETA,172,0.8024807804631632,B,2.7742,8.2977,2.991,Z,BZ
FL4001R000,BOMBA GASOLINA SUMERGIBLE,172,0.8028201809083303,B,2.7742,2.9915,1.0783,Z,BZ
DR51712-1C100,DISCO FRENO,172,0.8031595813534974,B,2.7742,3.0713,1.1071,Z,BZ
TRUD679,JGO. PASTILLA DE FRENO,171,0.8034970085402624,B,2.7581,4.5674,1.656,Z,BZ
TRUD1965,JGO. PASTILLA DE FRENO,171,0.8038344357270273,B,2.7581,4.6583,1.689,Z,BZ
PR96864850,SENSOR OXIGENO,171,0.8041718629137923,B,2.7581,5.3391,1.9358,Z,BZ
FL40VSZ001,BOMBA GASOLINA SUMERGIBLE,171,0.8045092901005573,B,2.7581,3.4157,1.2385,Z,BZ
GM25189697,BOMBA ACEITE,171,0.8048467172873222,B,2.7581,7.3719,2.6728,Z,BZ
CR1931-MAR-1653,EMBLEMA POST,170,0.805182171215685,B,2.7419,3.7629,1.3723,Z,BZ
TRUD1210,JGO. PASTILLA DE FRENO,170,0.8055176251440479,B,2.7419,3.1001,1.1306,Z,BZ
FL26296818,MODULO GASOLINA SUMERGIBLE,170,0.8058530790724107,B,2.7419,4.9739,1.814,Z,BZ
FL60908090,BOMBA GASOLINA SUMERGIBLE,170,0.8061885330007735,B,2.7419,6.3422,2.313,Z,BZ
FL93717,KIT TEMPLADORES,170,0.8065239869291363,B,2.7419,3.5648,1.3001,Z,BZ
VW171498203,GUARDAPOLVO PUNTA EJE,169,0.806857467599097,B,2.7258,4.3186,1.5844,Z,BZ
1H0819373C,MANGUERA RETORNO AGUA A A G V,169,0.8071909482690577,B,2.7258,6.4412,2.3631,Z,BZ
FL7186M,MODULO GASOLINA SUMERGIBLE,169,0.8075244289390184,B,2.7258,3.293,1.2081,Z,BZ
DKR-014-KI,JGO MOQUETA,169,0.8078579096089791,B,2.7258,6.2299,2.2855,Z,BZ
USNS-0994,"CUBO RUEDA DEL GOLF IV 1997---2005, JETTA 1998---2013, NEW BEETLE 1998---2010",168,0.8081894170205377,B,2.7097,2.8815,1.0634,Z,BZ
TRUD924,JGO. PASTILLA DE FRENO,168,0.8085209244320962,B,2.7097,5.1693,1.9077,Z,BZ
FL30CAB034,BOMBA GASOLINA SUMERGIBLE,168,0.8088524318436547,B,2.7097,3.634,1.3411,Z,BZ
8DD355111-341,DISCO FRENO DEL.,168,0.8091839392552134,B,2.7097,5.4162,1.9988,Z,BZ
FL42VRT001,BOMBA DE GASOLINA,167,0.8095134734083698,B,2.6935,5.5463,2.0591,Z,BZ
KR96181318,EMPAQUE TAPA VALVULA,167,0.8098430075615262,B,2.6935,4.2105,1.5632,Z,BZ
KR0K2A2-18-W63,REGULADOR ALTERNADOR,167,0.8101725417146827,B,2.6935,3.3916,1.2592,Z,BZ
TRUKB1150,TRUKB1150,167,0.8105020758678391,B,2.6935,3.2308,1.1995,Z,BZ
FL93373262,MODULO GASOLINA SUMERGIBLE,167,0.8108316100209955,B,2.6935,3.9822,1.4784,Z,BZ
EP20-1365,JUEGO DE CORREAS DENTADAS,167,0.8111611441741519,B,2.6935,5.6614,2.1018,Z,BZ
17801-3380,FILTRO AIRE,166,0.8114887050689061,B,2.6774,3.4162,1.2759,Z,BZ
CR1921-UNI-1647,ELEVA VENTANA MANUAL DELA RH,166,0.8118162659636605,B,2.6774,4.5287,1.6914,Z,BZ
TRUD904,JGO. PASTILLA DE FRENO,166,0.8121438268584148,B,2.6774,6.3469,2.3705,Z,BZ
FLE2181S,MODULO GASOLINA SUMERGIBLE,166,0.8124713877531691,B,2.6774,6.0503,2.2597,Z,BZ
377857043,MOLDURA PORTA REJILLA IZQ GOL 00,166,0.8127989486479233,B,2.6774,6.1586,2.3002,Z,BZ
RD1J0498625A,RULIMAN RUEDA,166,0.8131265095426776,B,2.6774,6.1533,2.2982,Z,BZ
037121121A,BRIDA TUBULADORA G V,165,0.8134520971790298,B,2.6613,4.5114,1.6952,Z,BZ
VW03L115105B,BOMBA ACEITE,165,0.8137776848153819,B,2.6613,2.6757,1.0054,Z,BZ
ARRENDAMIENTOACTIVOS,ARRENDAMIENTO ACTIVOS,165,0.8141032724517341,B,2.6613,2.8338,1.0648,Z,BZ
EP20-1038,JUEGO DE CORREAS DENTADAS,165,0.8144288600880862,B,2.6613,3.8811,1.4583,Z,BZ
191711208A,CASQUILLO VARILLA MANDO,165,0.8147544477244384,B,2.6613,6.016,2.2605,Z,BZ
VW5Z0919149,SENSOR VELOCIDAD,165,0.8150800353607905,B,2.6613,4.5824,1.7219,Z,BZ
WTWLF2151H0,BASE TERMOSTATO,165,0.8154056229971427,B,2.6613,4.0119,1.5075,Z,BZ
TRUD691,JGO. PASTILLA DE FRENO,165,0.8157312106334949,B,2.6613,5.4416,2.0447,Z,BZ
CR3611-GVW-1654,MOLDURA CENTRAL,165,0.816056798269847,B,2.6613,3.7586,1.4123,Z,BZ
FL40SAIL01,BOMBA GASOLINA SUMERGIBLE,165,0.8163823859061992,B,2.6613,5.37,2.0178,Z,BZ
TRUD1624,JGO. PASTILLA DE FRENO,165,0.8167079735425513,B,2.6613,2.9673,1.115,Z,BZ
ALHP-0260,CAJA REGULADORA AGUA POLO 1 6 CA,165,0.8170335611789035,B,2.6613,2.753,1.0344,Z,BZ
DK25180907,POLEA AIRE ACONDICIONADO,164,0.8173571755568535,B,2.6452,3.8983,1.4737,Z,BZ
FL30046001,BOMBA GASOLINA SUMERGIBLE,164,0.8176807899348035,B,2.6452,3.8859,1.469,Z,BZ
FL2QD919051B,MODULO GASOLINA SUMERGIBLE,164,0.8180044043127536,B,2.6452,4.6319,1.7511,Z,BZ
TRUD440,JGO. PASTILLA DE FRENO,163,0.8183260454323015,B,2.629,3.9359,1.4971,Z,BZ
WT032121026BA,"CAJA REGULADORA DE AGUA SIN  A/C  GOL V 1.6, POLO BRASIL 1.6, FOX",163,0.8186476865518494,B,2.629,2.6593,1.0115,Z,BZ
PRAFH45M-46,SENSOR MAF,163,0.8189693276713972,B,2.629,3.2291,1.2282,Z,BZ
SE5971-BZM-1715,PITO GRAVE,163,0.8192909687909451,B,2.629,2.4444,0.9298,Y,BY
TRUD340,JGO. PASTILLA DE FRENO,163,0.819612609910493,B,2.629,3.9523,1.5033,Z,BZ
FL109YU25,BANDA DISTRIBUCION,163,0.8199342510300409,B,2.629,6.4163,2.4406,Z,BZ
TRUD562,JGO. PASTILLA DE FRENO,163,0.8202558921495888,B,2.629,6.4314,2.4463,Z,BZ
TRUD1398,JGO. PASTILLA DE FRENO,163,0.8205775332691366,B,2.629,5.5219,2.1004,Z,BZ
KR96535087,BUJE SUSPENSION,162,0.8208972011302824,B,2.6129,4.7768,1.8282,Z,BZ
FL31110-D7100,MODULO GASOLINA SUMERGIBLE,162,0.8212168689914282,B,2.6129,3.2989,1.2625,Z,BZ
03L145100E,BOMBA VACIO SISTEMA FRENO AMAROK,162,0.8215365368525739,B,2.6129,7.6545,2.9295,Z,BZ
ST0131-DAY-0626,BANDA ALTERNADOR 6DK1285,162,0.8218562047137197,B,2.6129,4.2135,1.6126,Z,BZ
HP8195,JGO. PASTILLA DE FRENO,162,0.8221758725748655,B,2.6129,6.546,2.5053,Z,BZ
FL30CHN009,BOMBA GASOLINA SUMERGIBLE,162,0.8224955404360111,B,2.6129,3.7389,1.4309,Z,BZ
DK06A903315D,POLEA TENSORA,162,0.8228152082971569,B,2.6129,6.9801,2.6714,Z,BZ
PR23796-EN20A,VALVULA VVT,162,0.8231348761583027,B,2.6129,3.6648,1.4026,Z,BZ
HP5160,JGO. PASTILLA DE FRENO,162,0.8234545440194484,B,2.6129,5.0108,1.9177,Z,BZ
TRUD1679,JGO. PASTILLA DE FRENO,162,0.8237742118805942,B,2.6129,4.3342,1.6588,Z,BZ
OES-9EN0139,ENI I-BASE PLUS 20W50 4EC SL/CF 1GL,161,0.8240919064833379,B,2.5968,4.4738,1.7228,Z,BZ
FG-0G00,FILTRO GASOLINA,161,0.8244096010860814,B,2.5968,4.1677,1.605,Z,BZ
TR0331-KIT-1356,BASE PALANCA CAMBIO,161,0.8247272956888251,B,2.5968,4.3791,1.6863,Z,BZ
FL373998051,SENSOR NIVEL GASOLINA,161,0.8250449902915686,B,2.5968,3.795,1.4614,Z,BZ
FL17040-JE20A,MODULO GASOLINA SUMERGIBLE,161,0.8253626848943123,B,2.5968,5.2378,2.017,Z,BZ
FL31110-2E000,MODULO GASOLINA SUMERGIBLE,160,0.8256784062386537,B,2.5806,4.7606,1.8447,Z,BZ
SF5181-OEM-1384,TAPA RESERVORIO HIDRAULICO,160,0.8259941275829953,B,2.5806,3.9249,1.5209,Z,BZ
17801-3390,FILTRO AIRE,160,0.8263098489273367,B,2.5806,4.9172,1.9054,Z,BZ
WT5U0121207A,ELECTROVENTILADOR CON BASE,160,0.8266255702716783,B,2.5806,4.3941,1.7027,Z,BZ
SL13256823,RESERVORIO,160,0.8269412916160197,B,2.5806,3.8877,1.5065,Z,BZ
XI-99,FILTRO ACEITE CAJA CAMBIO,160,0.8272570129603611,B,2.5806,4.8644,1.885,Z,BZ
TRUD371,JGO. PASTILLA DE FRENO,160,0.8275727343047027,B,2.5806,3.0029,1.1636,Z,BZ
FG-1051B,FILTRO GASOLINA,160,0.8278884556490441,B,2.5806,3.6303,1.4067,Z,BZ
8EA012527-401,MOTOR ARRANQUE,160,0.8282041769933857,B,2.5806,3.3961,1.316,Z,BZ
FL93702,KIT TEMPLADORES,159,0.828517925079325,B,2.5645,2.8547,1.1131,Z,BZ
PM01,MOTOSIERRA,159,0.8288316731652643,B,2.5645,5.6501,2.2032,Z,BZ
KR24410-2X701,TEMPLADOR BANDA DISTRIBUCION,159,0.8291454212512037,B,2.5645,2.7038,1.0543,Z,BZ
FL30VW9051,BOMBA GASOLINA SUMERGIBLE,159,0.829459169337143,B,2.5645,4.6822,1.8258,Z,BZ
FL40453070,BOMBA GASOLINA SUMERGIBLE,159,0.8297729174230823,B,2.5645,3.6217,1.4122,Z,BZ
PRC7700274008,BOBINA ENCENDIDO,159,0.8300866655090218,B,2.5645,4.478,1.7461,Z,BZ
FL30454131,BOMBA GASOLINA SUMERGIBLE,158,0.830398440336559,B,2.5484,3.2512,1.2758,Z,BZ
KR95710800,SWICH ENCENDIDO,158,0.8307102151640962,B,2.5484,3.4157,1.3403,Z,BZ
KR27501-38B00,JUEGO CABLES DE BUJIA,158,0.8310219899916333,B,2.5484,4.442,1.7431,Z,BZ
TRUFDB757,JGO. PASTILLA DE FRENO,158,0.8313337648191707,B,2.5484,3.135,1.2302,Z,BZ
305419809A,BUJE B D GOL,158,0.8316455396467078,B,2.5484,4.2906,1.6836,Z,BZ
13272719,FILTRO AIRE,158,0.831957314474245,B,2.5484,2.6316,1.0326,Z,BZ
DKR1510,BOMBA GASOLINA SUMERGIBLE,158,0.8322690893017822,B,2.5484,5.6787,2.2284,Z,BZ
GM13592601,FILTRO GASOLINA    SPARK GT,157,0.8325788908709173,B,2.5323,3.281,1.2957,Z,BZ
PR76044,KIT DISTRIBUCION,157,0.8328886924400524,B,2.5323,4.1142,1.6247,Z,BZ
FL30P9890K,BOMBA GASOLINA SUMERGIBLE,157,0.8331984940091874,B,2.5323,4.9667,1.9614,Z,BZ
ALHP-2433,CUBO DE RUEDA,157,0.8335082955783226,B,2.5323,3.325,1.313,Z,BZ
28113-1R100,FILTRO AIRE,157,0.8338180971474577,B,2.5323,3.0253,1.1947,Z,BZ
PR18213-65J11,SENSOR OXIGENO,157,0.8341278987165928,B,2.5323,2.8495,1.1253,Z,BZ
CR1921-Z.E-2636,ELEVA VENTANA MANUAL DELA RH,157,0.8344377002857278,B,2.5323,6.1637,2.4341,Z,BZ
FL8L0919673E,SENSOR,157,0.8347475018548629,B,2.5323,4.8948,1.933,Z,BZ
FL50334800,BOMBA GASOLINA SUMERGIBLE,156,0.8350553301655959,B,2.5161,5.9017,2.3456,Z,BZ
377906383,RELAY B COMBUSTIBLE GOL 97,156,0.8353631584763288,B,2.5161,6.6472,2.6418,Z,BZ
FL31110-2S510,MODULO GASOLINA SUMERGIBLE,156,0.8356709867870618,B,2.5161,3.2565,1.2942,Z,BZ
FL60254910,BOMBA GASOLINA SUMERGIBLE,156,0.8359788150977947,B,2.5161,4.011,1.5941,Z,BZ
PRE269,SOKQUET,156,0.8362866434085277,B,2.5161,4.4531,1.7698,Z,BZ
SC4381-OEM-2630,RIEL INYECTORES,156,0.8365944717192606,B,2.5161,4.7983,1.907,Z,BZ
FL77020-04061,MODULO GASOLINA SUMERGIBLE,155,0.8369003267715914,B,2.5,4.0351,1.6141,Z,BZ
KR0K30E-10-155,RETEN VALVULAS,155,0.8372061818239223,B,2.5,5.5146,2.2059,Z,BZ
FL4202P000,BOMBA GASOLINA SUMERGIBLE,155,0.837512036876253,B,2.5,4.6412,1.8565,Z,BZ
TRUD976,JGO. PASTILLA DE FRENO,155,0.8378178919285838,B,2.5,4.0828,1.6331,Z,BZ
ALHP-2209,ELECTROVENTILADOR POLO,154,0.8381217737225125,B,2.4839,2.3606,0.9504,Y,BY
ETCK2036,KIT DISTRIBUCION,154,0.8384256555164412,B,2.4839,6.7483,2.7169,Z,BZ
TRUD1447,JGO. PASTILLA DE FRENO,154,0.8387295373103699,B,2.4839,3.2811,1.321,Z,BZ
SL90352677,TERMOSTATO METÁLICO,154,0.8390334191042985,B,2.4839,2.227,0.8966,Y,BY
ECO-0.5-LBPACK,GRASA AZUL,154,0.8393373008982272,B,2.4839,3.9747,1.6002,Z,BZ
KR95224-2D000,RELAY LUCES,153,0.8396392094337538,B,2.4677,3.5818,1.4515,Z,BZ
WT1K0407183E,BUJE MESA SUSPENSION,153,0.8399411179692803,B,2.4677,4.4819,1.8162,Z,BZ
020409289B,TAPON CAJA CAMBIOS GOLF,153,0.8402430265048069,B,2.4677,3.5863,1.4533,Z,BZ
ETBK5006,KIT DISTRIBUCION,153,0.8405449350403335,B,2.4677,4.4385,1.7986,Z,BZ
TRUD1354,JGO. PASTILLA DE FRENO,153,0.8408468435758599,B,2.4677,4.6653,1.8905,Z,BZ
WT96325226,PROTECTOR DISTRIBUCION INF.,153,0.8411487521113865,B,2.4677,2.6195,1.0615,Z,BZ
PR76532-2US,KIT DISTRIBUCION,153,0.841450660646913,B,2.4677,3.6488,1.4786,Z,BZ
FG-55AC,FILTRO GASOLINA,153,0.8417525691824396,B,2.4677,2.6924,1.091,Z,BZ
FL31110-B2500,MODULO GASOLINA SUMERGIBLE,153,0.8420544777179662,B,2.4677,4.3319,1.7554,Z,BZ
TRUD1295,JGO. PASTILLA DE FRENO,153,0.8423563862534926,B,2.4677,3.3347,1.3513,Z,BZ
FL402B9000,BOMBA GASOLINA SUMERGIBLE,152,0.8426563215306171,B,2.4516,1.8376,0.7495,Y,BY
FL30454001,BOMBA GASOLINA SUMERGIBLE,152,0.8429562568077414,B,2.4516,2.4539,1.001,Z,BZ
WT06A103663C,TUBO ALOJAMIENTO,152,0.8432561920848659,B,2.4516,2.6007,1.0608,Z,BZ
SL93275736,TERMOSTATO METÁLICO,152,0.8435561273619903,B,2.4516,2.9165,1.1896,Z,BZ
DR51712-2F100,DISCO FRENO,152,0.8438560626391147,B,2.4516,2.2409,0.9141,Y,BY
DR96574633,DISCO FRENO,152,0.8441559979162391,B,2.4516,3.6175,1.4756,Z,BZ
WT6Q0121407A,RESERVORIO,152,0.8444559331933635,B,2.4516,2.7748,1.1318,Z,BZ
FL30454CYH,BOMBA GASOLINA SUMERGIBLE,152,0.844755868470488,B,2.4516,6.5073,2.6543,Z,BZ
KR1H0998031A,JUEGO CABLES DE BUJIA,152,0.8450558037476124,B,2.4516,4.1258,1.6829,Z,BZ
ALHP-0956,BRIDA DISTRIBUIDOR AKL AVU,152,0.8453557390247368,B,2.4516,3.5951,1.4664,Z,BZ
FLMF001POR,MICRO FILTRO,152,0.8456556743018612,B,2.4516,4.613,1.8816,Z,BZ
ETCK0118,KIT  DISTRIBUCION,151,0.8459536363205834,B,2.4355,3.6439,1.4962,Z,BZ
TH-3593A,"FILTRO ACEITE MAZDA, HYUNDAI, AUTOS, KIA AUTOS, ALLEGRO, L200 SPORTERO 3.5CC GASOLINA, MONTERO SPORT, LUV 3.2CC V6, HOND...",150,0.8462496250809036,B,2.4194,5.0881,2.1031,Z,BZ
PR6409065,COMPUTADOR LAPTOP,150,0.8465456138412237,B,2.4194,4.1292,1.7067,Z,BZ
FL15100-65J0K,SEMI MODULO GASOLINA SUMERGIBLE,150,0.8468416026015438,B,2.4194,2.3039,0.9523,Y,BY
FL02111B26,BOMBA GASOLINA SUMERGIBLE,150,0.8471375913618641,B,2.4194,5.0147,2.0727,Z,BZ
ALHP-0628,JUNTA EMPAQUE DISTRIBUCION TIGUAN,150,0.8474335801221842,B,2.4194,6.1998,2.5626,Z,BZ
TRUD1627,JGO. PASTILLA DE FRENO,150,0.8477295688825043,B,2.4194,4.1292,1.7067,Z,BZ
FIN31112-1G500,FILTRO INTANK,150,0.8480255576428244,B,2.4194,3.4386,1.4213,Z,BZ
TRUD815,JGO. PASTILLA DE FRENO,150,0.8483215464031446,B,2.4194,2.8144,1.1633,Z,BZ
DK90354858,PIÑON CIGUEÑAL,150,0.8486175351634647,B,2.4194,4.5421,1.8774,Z,BZ
YKD392111NB13,PUNTA HOMOCINETICA,149,0.8489115506653827,B,2.4032,4.0658,1.6918,Z,BZ
037145271E,BANDA DIRECCION HIDRAULICA SIN AIRE GOLF VENTO,149,0.8492055661673007,B,2.4032,3.2798,1.3647,Z,BZ
1J0945511A,INTERRUPTOR LUZ DE FRENO,149,0.8494995816692188,B,2.4032,3.2896,1.3688,Z,BZ
EP20-1773,JUEGO DE CORREAS DENTADAS,149,0.8497935971711368,B,2.4032,2.6118,1.0868,Z,BZ
FL52060351,BOMBA GASOLINA SUMERGIBLE,149,0.8500876126730548,B,2.4032,4.038,1.6802,Z,BZ
TRUD1040,JGO. PASTILLA DE FRENO,149,0.8503816281749728,B,2.4032,5.7655,2.3991,Z,BZ
28113-H9100,FILTRO AIRE,148,0.8506736704184886,B,2.3871,2.7554,1.1543,Z,BZ
DK045903119A,POLEA ALTERNADOR,148,0.8509657126620045,B,2.3871,3.7775,1.5825,Z,BZ
FLAC5,PREFILTRO,148,0.8512577549055204,B,2.3871,3.9446,1.6525,Z,BZ
HP2002,JGO. PASTILLA DE FRENO,148,0.8515497971490362,B,2.3871,4.0055,1.678,Z,BZ
ALHP-0637,FILTRO DE ACEITE TIGUAN,148,0.8518418393925521,B,2.3871,3.1179,1.3061,Z,BZ
USNS-1286,BOMBA DIRECCION HIDRAULICA AMAROK	AMAROK 2009--->,148,0.852133881636068,B,2.3871,4.6882,1.964,Z,BZ
TRUD606,JGO. PASTILLA DE FRENO,148,0.8524259238795838,B,2.3871,3.4797,1.4577,Z,BZ
SE94460-2E000,SENSOR NIVEL GASOLINA,147,0.8527159928646976,B,2.371,2.9851,1.259,Z,BZ
EP20-1310,JUEGO DE CORREAS DENTADAS,147,0.8530060618498113,B,2.371,3.7211,1.5694,Z,BZ
FL3024000A,BOMBA GASOLINA SUMERGIBLE,147,0.8532961308349251,B,2.371,2.0653,0.8711,Y,BY
FLE2144S,MODULO GASOLINA SUMERGIBLE,147,0.8535861998200388,B,2.371,3.2836,1.3849,Z,BZ
026121041P,EMPAQUE BOMBA DE AGUA,147,0.8538762688051525,B,2.371,6.9287,2.9223,Z,BZ
TH-3593,"FILTRO ACEITE MITSUBISHI MONTERO 3.5 - 3.0 - 3.8,  HYUNDAI ACCENT VERNA",147,0.8541663377902663,B,2.371,3.7037,1.5621,Z,BZ
305721338A,GRAPA SEGURIDAD EMBRAGUE GOL,146,0.8544544335169779,B,2.3548,3.6194,1.537,Z,BZ
WT6R0121253A,RADIADOR DE AGUA,146,0.8547425292436895,B,2.3548,4.5227,1.9206,Z,BZ
FL42454006,BOMBA GASOLINA SUMERGIBLE,146,0.8550306249704012,B,2.3548,2.2867,0.9711,Y,BY
TRUD1567,JGO. PASTILLA DE FRENO,146,0.8553187206971127,B,2.3548,5.1309,2.1789,Z,BZ
FL17040-JD00A,MODULO GASOLINA,146,0.8556068164238243,B,2.3548,3.4739,1.4752,Z,BZ
TB1635.Q9,CUERPO ACELERACION,146,0.8558949121505359,B,2.3548,3.3268,1.4128,Z,BZ
191953227A,RELAY DIRECCIONALES,145,0.8561810346188454,B,2.3387,4.1966,1.7944,Z,BZ
DKR2288,BOMBA GASOLINA SUMERGIBLE,145,0.8564671570871549,B,2.3387,4.8458,2.072,Z,BZ
FL65D00,BOYA TANQUE GASOLINA,145,0.8567532795554643,B,2.3387,4.4611,1.9075,Z,BZ
XI-90,FILTRO GASOLINA,145,0.8570394020237738,B,2.3387,1.9172,0.8198,Y,BY
KR22224-23500,RETEN VALVULAS,145,0.8573255244920833,B,2.3387,2.8677,1.2262,Z,BZ
FLIS6U9H307AD,MODULO GASOLINA SUMERGIBLE,145,0.8576116469603927,B,2.3387,4.1385,1.7696,Z,BZ
SP-1217,JGO. PASTILLA DE FRENO,144,0.8578957961703001,B,2.3226,3.2911,1.417,Z,BZ
ETCK0101,KIT DISTRIBUCION,144,0.8581799453802075,B,2.3226,4.5322,1.9514,Z,BZ
SL96413748,DEPOSITO HIDRAULICO,143,0.8584621213317126,B,2.3065,4.5316,1.9647,Z,BZ
FLCAP-1G000,TAPA MODULO GASOLINA,143,0.8587442972832179,B,2.3065,2.6976,1.1696,Z,BZ
AVM461,JGO. DE RUEDA LIBRE,143,0.859026473234723,B,2.3065,5.0244,2.1784,Z,BZ
TRUD1036,JGO. PASTILLA DE FRENO,143,0.8593086491862282,B,2.3065,5.6443,2.4472,Z,BZ
GM96481581,CARTER,143,0.8595908251377334,B,2.3065,3.7614,1.6308,Z,BZ
FL0902E000,FILTRO GASOLINA SUMERGIBLE,143,0.8598730010892386,B,2.3065,5.0532,2.1909,Z,BZ
FL3N619H307,MODULO GASOLINA SUMERGIBLE,143,0.8601551770407438,B,2.3065,3.0246,1.3114,Z,BZ
HP5146,JGO. PASTILLA DE FRENO,142,0.8604353797338469,B,2.2903,4.4228,1.9311,Z,BZ
TRUD1852,JGO. PASTILLA DE FRENO,142,0.86071558242695,B,2.2903,3.2745,1.4297,Z,BZ
EP21-0036,JUEGO DE CADENA DE DISTRIBUCIÓN,142,0.860995785120053,B,2.2903,3.739,1.6325,Z,BZ
TRUD9029,JGO. PASTILLA DE FRENO,141,0.8612740145547539,B,2.2742,3.8654,1.6997,Z,BZ
FD1770A106,FILTRO COMBUSTIBLE,141,0.861552243989455,B,2.2742,4.7287,2.0793,Z,BZ
FLM2N159H307AA,MODULO GASOLINA SUMERGIBLE,141,0.8618304734241559,B,2.2742,4.4583,1.9604,Z,BZ
1H0698151F,JGO PASTILLAS G V 95 96 FRASLEE PD328,141,0.8621087028588568,B,2.2742,4.6979,2.0657,Z,BZ
28113-4H000,FILTRO AIRE,141,0.8623869322935577,B,2.2742,2.5663,1.1285,Z,BZ
ALHP-0067,RETEN MOTRIZ EMBRAGUE G V,140,0.8626631884698565,B,2.2581,5.4327,2.4059,Z,BZ
FG-128,FILTRO GASOLINA SAIL,140,0.8629394446461554,B,2.2581,4.1888,1.8551,Z,BZ
HP5013,JGO. PASTILLA DE FRENO,140,0.8632157008224541,B,2.2581,2.1094,0.9342,Y,BY
1K0122291R,ACOPLE REFRIGERANTE AGUA BORA,140,0.8634919569987529,B,2.2581,2.4818,1.0991,Z,BZ
TH-1012,FILTRO ACEITE RENAUL CON TUERCA M20 X 1.5,140,0.8637682131750517,B,2.2581,4.5292,2.0058,Z,BZ
373868404A,MANIJA INT DER CROMADA GOL 98 PLASTICA,140,0.8640444693513505,B,2.2581,2.9124,1.2898,Z,BZ
SEN-LOGAN,SENSOR NIVEL GASOLINA,140,0.8643207255276493,B,2.2581,5.4386,2.4085,Z,BZ
ALHP-1016,TERMINAL B D DER GOLF IV,140,0.864596981703948,B,2.2581,4.443,1.9676,Z,BZ
FG-0056,FILTRO GASOLINA,139,0.8648712646218447,B,2.2419,5.3992,2.4083,Z,BZ
FL30174202,BOMBA GASOLINA SUMERGIBLE,138,0.8651435742813393,B,2.2258,4.8507,2.1793,Z,BZ
ETCK5032,KIT DISTRIBUCION,138,0.8654158839408338,B,2.2258,4.183,1.8793,Z,BZ
PRSU8901,SENSOR ARBOL ELEVAS,138,0.8656881936003283,B,2.2258,4.3382,1.949,Z,BZ
VW03L103603M,CARTER,138,0.8659605032598229,B,2.2258,2.1659,0.9731,Y,BY
TRUD418,JGO. PASTILLA DE FRENO,138,0.8662328129193174,B,2.2258,4.4988,2.0212,Z,BZ
USNS-2503,MODULO GASOLINA COMBUSTIBLE,137,0.8665031493204098,B,2.2097,3.5882,1.6239,Z,BZ
ALHP-2444,FORRO PEDAL ACELERADOR,137,0.8667734857215023,B,2.2097,2.9079,1.316,Z,BZ
KR96256433,JUEGO CABLES DE BUJIA,137,0.8670438221225946,B,2.2097,7.2959,3.3018,Z,BZ
KR25330-17000,TAPA RADIADOR,137,0.867314158523687,B,2.2097,2.4039,1.0879,Z,BZ
ALHP-0418,BRIDA AMAROK 03L121131M,137,0.8675844949247794,B,2.2097,2.9792,1.3482,Z,BZ
TB16119AE01C,CUERPO ACELERACION,136,0.8678528580674697,B,2.1935,6.0023,2.7363,Z,BZ
OES-SP-1202,PASTILLAS FRENO ELANTRA XD,136,0.8681212212101599,B,2.1935,2.1764,0.9922,Y,BY
5DA193175-731,BOBINA ENCENDIDO,136,0.8683895843528502,B,2.1935,3.2963,1.5027,Z,BZ
SL95380033,RESERVORIO,136,0.8686579474955405,B,2.1935,2.8275,1.289,Z,BZ
FL65842,SENSOR NIVEL GASOLINA VITARA SZ,135,0.8689243373798285,B,2.1774,2.9211,1.3416,Z,BZ
DR55311-60B30,DISCO FRENO,135,0.8691907272641167,B,2.1774,6.1264,2.8136,Z,BZ
TRUD1149,JGO. PASTILLA DE FRENO,135,0.8694571171484048,B,2.1774,3.5538,1.6321,Z,BZ
WT2Q0121407B,RESERVORIO,135,0.869723507032693,B,2.1774,4.5597,2.0941,Z,BZ
KR23300-2G400,BOMBA ACEITE,135,0.869989896916981,B,2.1774,3.5945,1.6508,Z,BZ
TS028-GIN-1810,PROPULSOR HIDRAULICO AMAROK,135,0.8702562868012692,B,2.1774,5.2778,2.4239,Z,BZ
WT1H0422371D,DEPOSITO ACEITE HIDRAULICO,134,0.8705207034271552,B,2.1613,4.2014,1.9439,Z,BZ
EP20-1611,JUEGO DE CORREAS DENTADAS,134,0.8707851200530412,B,2.1613,3.8151,1.7652,Z,BZ
16546-ED000,FILTRO AIRE,134,0.8710495366789271,B,2.1613,4.6496,2.1513,Z,BZ
5DA358000-171,BOBINA ENCENDIDO,134,0.8713139533048132,B,2.1613,6.1229,2.833,Z,BZ
FL1J0919087H,MODULO GASOLINA SUMERGIBLE,134,0.8715783699306991,B,2.1613,2.579,1.1933,Z,BZ
VW06A103601T,CARTER,134,0.8718427865565852,B,2.1613,4.4656,2.0662,Z,BZ
TRUD1769,JGO. PASTILLA DE FRENO,133,0.872105229924069,B,2.1452,3.4165,1.5927,Z,BZ
307419812.1,TERMINAL DIRECCION H GOL DRIVEWAY,133,0.8723676732915528,B,2.1452,3.1204,1.4546,Z,BZ
28113-A0100,FILTRO AIRE,133,0.8726301166590368,B,2.1452,2.9449,1.3728,Z,BZ
XI-22,FILTRO GASOLINA,133,0.8728925600265206,B,2.1452,4.7582,2.2181,Z,BZ
SL95269001,RESERVORIO,133,0.8731550033940044,B,2.1452,3.822,1.7817,Z,BZ
FL60170DEL,BOMBA GASOLINA SUMERGIBLE,133,0.8734174467614884,B,2.1452,3.741,1.7439,Z,BZ
06A103663B,TUBO ALOJAMIENTO V ACEITE AKL AGU,133,0.8736798901289722,B,2.1452,4.1147,1.9181,Z,BZ
DR3217,DISCO FRENO,133,0.873942333496456,B,2.1452,5.5818,2.602,Z,BZ
FL77020-0D180,MODULO GASOLINA SUMERGIBLE,132,0.8742028036055377,B,2.129,4.4486,2.0895,Z,BZ
FL31110-B8500,MODULO GASOLINA SUMERGIBLE,132,0.8744632737146195,B,2.129,2.4395,1.1458,Z,BZ
TRUD1086H,JGO. PASTILLA DE FRENO,132,0.8747237438237012,B,2.129,1.9632,0.9221,Y,BY
FL5N0919087G,MODULO GASOLINA SUMERGIBLE,132,0.8749842139327829,B,2.129,5.5518,2.6076,Z,BZ
FL105RUT022,BANDA DISTRIBUCION,131,0.8752427107834625,B,2.1129,3.2033,1.5161,Z,BZ
DKR-024-TY,JGO MOQUETA,131,0.8755012076341421,B,2.1129,3.1679,1.4993,Z,BZ
TRUD333,JGO. PASTILLA DE FRENO,131,0.8757597044848217,B,2.1129,3.4035,1.6108,Z,BZ
ETCK5033,KIT DISTRIBUCION,131,0.8760182013355012,B,2.1129,4.1508,1.9645,Z,BZ
HP8452,JGO. PASTILLA DE FRENO,131,0.8762766981861809,B,2.1129,3.4318,1.6242,Z,BZ
FL5U0919052A,SENSOR DE NIVEL,131,0.8765351950368605,B,2.1129,4.3925,2.0789,Z,BZ
TRUD726,JGO. PASTILLA DE FRENO,131,0.8767936918875401,B,2.1129,4.3445,2.0562,Z,BZ
FL17040-CH000,MODULO GASOLINA SUMERGIBLE NISSAN SENTRA 02-06 TIIDA E9547M,131,0.8770521887382197,B,2.1129,4.2733,2.0225,Z,BZ
ALHP-0620,BOMBA DE AUA GOLF IV 16 AKL,131,0.8773106855888992,B,2.1129,2.2655,1.0722,Z,BZ
ALHP-1852,APOYO MOTOR,131,0.8775691824395788,B,2.1129,3.3988,1.6086,Z,BZ
FLFSZVAL,FILTRO GASOLINA SUMERGIBLE         VITARA SZ CON VALVULA,130,0.8778257060318563,B,2.0968,2.0534,0.9793,Y,BY
TRUD1142,JGO. PASTILLA DE FRENO,129,0.8780802563657316,B,2.0806,1.8166,0.8731,Y,BY
FLCSZ,CONECTOR,129,0.878334806699607,B,2.0806,2.7726,1.3325,Z,BZ
SL96837836,RESERVORIO,128,0.8785873837750802,B,2.0645,2.9614,1.4344,Z,BZ
SE94460-25010,SENSOR NIVEL GASOLINA,128,0.8788399608505533,B,2.0645,2.442,1.1829,Z,BZ
SE94460-1S000,SENSOR NIVEL GASOLINA,128,0.8790925379260265,B,2.0645,4.0635,1.9683,Z,BZ
TRUD303,JGO. PASTILLA DE FRENO,128,0.8793451150014997,B,2.0645,2.4354,1.1797,Z,BZ
FG-0490,FILTRO GASOLINA,128,0.8795976920769729,B,2.0645,2.8105,1.3613,Z,BZ
MO5531-HJ-2638,MANGUERA REFRIGERANTE SALIDA RESERVORIO,127,0.8798482958940439,B,2.0484,4.5735,2.2327,Z,BZ
TRUD680,JGO. PASTILLA DE FRENO,127,0.880098899711115,B,2.0484,3.7948,1.8526,Z,BZ
DK032145299A,POLEA TENSORA,127,0.880349503528186,B,2.0484,3.585,1.7502,Z,BZ
FL65842COM,MODULO GASOLINA SUMERGIBLE,127,0.8806001073452571,B,2.0484,3.2845,1.6035,Z,BZ
MAC90200836,TERMOSTATO,127,0.8808507111623282,B,2.0484,4.6781,2.2838,Z,BZ
FL170428HK0A,BOMBA DE GASOLINA SUMERGIBLE,127,0.8811013149793991,B,2.0484,3.48,1.6989,Z,BZ
TRUD1325,JGO. PASTILLA DE FRENO,126,0.8813499455380681,B,2.0323,2.8959,1.425,Z,BZ
TRUD704,JGO. PASTILLA DE FRENO,126,0.881598576096737,B,2.0323,3.0372,1.4945,Z,BZ
FL17040-4M500,MODULO GASOLINA SUMERGIBLE,126,0.881847206655406,B,2.0323,3.7112,1.8262,Z,BZ
DBFH05K,MANGUERA BOMBA GASOLINA SUMER,126,0.8820958372140748,B,2.0323,4.4212,2.1755,Z,BZ
1J6955707A,BRAZO LIMPIAPARABRISAS PLUMA POSTERIOR,125,0.8823424945143417,B,2.0161,3.9123,1.9405,Z,BZ
FL31110-02000,MODULO GASOLINA SUMERGIBLE,125,0.8825891518146084,B,2.0161,2.7968,1.3872,Z,BZ
KR96535082,PLATO SUSPENSION,125,0.8828358091148752,B,2.0161,1.7734,0.8796,Y,BY
ALHP-2213,CONMUTADOR VIDRIOS IZQ DEL POLO 16 BR,125,0.883082466415142,B,2.0161,3.1341,1.5545,Z,BZ
FL13579019,MODULO GASOLINA SUMERGIBLE,125,0.8833291237154087,B,2.0161,4.1211,2.0441,Z,BZ
TRUD1269,JGO. PASTILLA DE FRENO,125,0.8835757810156756,B,2.0161,3.5264,1.7491,Z,BZ
ENLA-1261,DEPOSITO AGUA RADIADOR AMAROK,125,0.8838224383159423,B,2.0161,7.4476,3.694,Z,BZ
PR4031,REGULADOR PRESION GASOLINA,125,0.8840690956162092,B,2.0161,3.7308,1.8505,Z,BZ
SP-1043,JGO. PASTILLA DE FRENO,125,0.8843157529164759,B,2.0161,5.2563,2.6071,Z,BZ
FL30ASTR20,BOMBA GASOLINA SUMERGIBLE,125,0.8845624102167428,B,2.0161,3.4942,1.7331,Z,BZ
28113-G2100,FILTRO AIRE,125,0.8848090675170095,B,2.0161,5.2132,2.5857,Z,BZ
TRUD973,JGO. PASTILLA DE FRENO,125,0.8850557248172762,B,2.0161,1.7915,0.8886,Y,BY
TRUD477,JGO. PASTILLA DE FRENO,124,0.885300408859141,B,2.0,3.3793,1.6896,Z,BZ
6ZF008621-421,TROMPO RETRO,124,0.8855450929010056,B,2.0,5.415,2.7075,Z,BZ
WT8200134513,TUBO REFRIGERANTE RADIADOR,124,0.8857897769428702,B,2.0,3.746,1.873,Z,BZ
SL9128719,TUBO CALECFACCION,124,0.8860344609847349,B,2.0,3.5241,1.7621,Z,BZ
377407365B,ROTULA M S D H P G IZQ GOL 98,124,0.8862791450265995,B,2.0,5.9243,2.9621,Z,BZ
PRUNI14,ELECTRO VENTILADOR,124,0.8865238290684642,B,2.0,2.3071,1.1535,Z,BZ
KR96450249,JUEGO CABLES DE BUJIA,123,0.8867665398519267,B,1.9839,2.3314,1.1752,Z,BZ
FLBT50,SENSOR NIVEL GASOLINA,123,0.8870092506353892,B,1.9839,2.5431,1.2819,Z,BZ
XI-69,FILTRO GASOLINA,123,0.8872519614188518,B,1.9839,3.2053,1.6157,Z,BZ
5DA358057-471,BOBINA ENCENDIDO,123,0.8874946722023143,B,1.9839,2.1136,1.0654,Z,BZ
8DD355104-211,DISCO FRENO DEL.,123,0.8877373829857768,B,1.9839,2.4789,1.2495,Z,BZ
DR1742318,DISCO FRENO,122,0.8879781205108371,B,1.9677,4.5719,2.3234,Z,BZ
FL30HY9000,BOMBA GASOLINA SUMERGIBLE,122,0.8882188580358975,B,1.9677,1.959,0.9956,Y,BY
DKR1575,BOMBA GASOLINA SUMERGIBLE,121,0.8884576223025558,B,1.9516,1.7079,0.8751,Y,BY
XI-25,TAPA MODULO GASOLINA SUMERGIBLE,121,0.888696386569214,B,1.9516,6.1786,3.1659,Z,BZ
FL03L109119,BANDA DE DISTRIBUCION 160RU25,121,0.8889351508358723,B,1.9516,4.2632,2.1845,Z,BZ
FL17040-EL70A,MODULO GASOLINA SUMERGIBLE,121,0.8891739151025305,B,1.9516,3.4003,1.7423,Z,BZ
TRUD1935,JGO. PASTILLA DE FRENO,121,0.8894126793691888,B,1.9516,2.3924,1.2258,Z,BZ
DK026109243,TEMPLADOR BANDA DISTRIBUCION,121,0.889651443635847,B,1.9516,2.151,1.1022,Z,BZ
AVM443,JGO. DE RUEDA LIBRE,121,0.8898902079025053,B,1.9516,3.5261,1.8067,Z,BZ
FLPFS482,MODULO GASOLINA SUMERGIBLE,121,0.8901289721691635,B,1.9516,3.7478,1.9204,Z,BZ
FIN23300-28040,FILTRO,121,0.8903677364358218,B,1.9516,2.0115,1.0307,Z,BZ
WT1L8Z-8A080-BB-F,RESERVORIO,120,0.8906045274440778,B,1.9355,2.4618,1.2719,Z,BZ
DR51712-2Y000,DISCO FRENO,120,0.8908413184523339,B,1.9355,2.6933,1.3915,Z,BZ
TRUD830,JGO. PASTILLA DE FRENO,120,0.8910781094605901,B,1.9355,5.0891,2.6294,Z,BZ
TRUD833,JGO. PASTILLA DE FRENO,120,0.8913149004688462,B,1.9355,1.4127,0.7299,Y,BY
377121275,COJIN SUP RADIADOR AGUA GOL,120,0.8915516914771023,B,1.9355,3.5915,1.8556,Z,BZ
FG-5040,FILTRO GASOLINA,120,0.8917884824853585,B,1.9355,5.0285,2.5981,Z,BZ
WT6N0905865,CONMUTADOR ENCENDIDO,120,0.8920252734936145,B,1.9355,4.28,2.2113,Z,BZ
WT059121012B,BOMBA DE AGUA AUXILIAR,119,0.8922600912434685,B,1.9194,3.2144,1.6747,Z,BZ
FLMF007KIT,JGO MICROFILTRO,119,0.8924949089933225,B,1.9194,4.1748,2.1751,Z,BZ
XI-41,FILTRO GASOLINA,119,0.8927297267431765,B,1.9194,3.1892,1.6616,Z,BZ
XI-154,PORTA FILTRO COMBUSTIBLE,119,0.8929645444930304,B,1.9194,2.405,1.253,Z,BZ
USNS-0653,"BANDA ALTERNADOR 5PK1060 BORA V 2005---2010, GOLF 2007---2013, JETTA 2008---2014",119,0.8931993622428844,B,1.9194,1.7067,0.8892,Y,BY
DR569000,DISCO FRENO,119,0.8934341799927384,B,1.9194,3.5574,1.8534,Z,BZ
17801-78020,FILTRO AIRE,118,0.8936670244841902,B,1.9032,3.4206,1.7972,Z,BZ
TRUD654,JGO. PASTILLA DE FRENO,118,0.8938998689756421,B,1.9032,2.5823,1.3568,Z,BZ
DR3140,DISCO FRENO,118,0.894132713467094,B,1.9032,3.796,1.9945,Z,BZ
RD2H0498627,RULIMAN RUEDA,117,0.8943635847001437,B,1.8871,4.7148,2.4984,Z,BZ
KR27450-23700,CABLE DE BUJIA,117,0.8945944559331933,B,1.8871,3.4271,1.8161,Z,BZ
PR76184,KIT DISTRIBUCION,117,0.8948253271662431,B,1.8871,3.1628,1.676,Z,BZ
WT1J0407181,BUJE MESA SUSPENSION GRANDE,117,0.8950561983992927,B,1.8871,3.4832,1.8458,Z,BZ
TRUD2014,JGO. PASTILLA DE FRENO,117,0.8952870696323425,B,1.8871,3.9599,2.0984,Z,BZ
TRUD2006,JGO. PASTILLA DE FRENO,117,0.8955179408653922,B,1.8871,2.4436,1.2949,Z,BZ
TR4441-COB-0046,RULIMAN RODILLOS C/CAMBIOS,117,0.8957488120984419,B,1.8871,2.8461,1.5082,Z,BZ
ALHP-0231,KIT BANDAS DISTRIBUCION POLO 1 6,117,0.8959796833314916,B,1.8871,4.3221,2.2904,Z,BZ
TRUD1145,JGO. PASTILLA DE FRENO,117,0.8962105545645414,B,1.8871,2.4104,1.2773,Z,BZ
6PU012039-001,SENSOR ABS RH,117,0.896441425797591,B,1.8871,2.2726,1.2043,Z,BZ
GM24105453,CARTER,117,0.8966722970306408,B,1.8871,5.0867,2.6955,Z,BZ
FL17040-8H31B,MODULO GASOLINA SUMERGIBLE,117,0.8969031682636904,B,1.8871,3.3845,1.7935,Z,BZ
KR96391553,GUARDAPOLVO,116,0.8971320662383381,B,1.871,4.7671,2.5479,Z,BZ
SL21200-31U11,TERMOSTATO METÁLICO,116,0.8973609642129856,B,1.871,4.9919,2.6681,Z,BZ
FL30353777,BOMBA GASOLINA SUMERGIBLE,116,0.8975898621876331,B,1.871,4.1948,2.242,Z,BZ
WT5X0412329,BASE AMORTIGUADOR,116,0.8978187601622808,B,1.871,3.9533,2.113,Z,BZ
FIN23300-20130,FILTRO INTANK,116,0.8980476581369283,B,1.871,3.4477,1.8427,Z,BZ
EPP540,BOMBA DE AGUA,116,0.898276556111576,B,1.871,3.661,1.9567,Z,BZ
FLBOYAB13,SENSOR NIVEL GASOLINA,116,0.8985054540862235,B,1.871,3.54,1.8921,Z,BZ
KR27301-26640,BOBINA ENCENDIDO,116,0.898734352060871,B,1.871,2.562,1.3694,Z,BZ
TRD4072,KIT DISTRIBUCION,116,0.8989632500355187,B,1.871,3.748,2.0033,Z,BZ
COR1,FILTRO GASOLINA,116,0.8991921480101662,B,1.871,3.3141,1.7713,Z,BZ
DKR-1/4-GREEN,VERDE LITRO USA,116,0.8994210459848138,B,1.871,3.9777,2.126,Z,BZ
WT93388683,PROTECTOR DISTRIBUCION SUP.,116,0.8996499439594614,B,1.871,4.2025,2.2461,Z,BZ
PRC1543,BOBINA ENCENDIDO,115,0.8998768686757068,B,1.8548,5.1677,2.786,Z,BZ
CR1921-UNI-1648,MANIJA ELEVA VENTANA,115,0.9001037933919522,B,1.8548,3.1256,1.6851,Z,BZ
EP20-1325,JUEGO DE CORREAS DENTADAS,115,0.9003307181081978,B,1.8548,3.192,1.7209,Z,BZ
FL9007702,MODULO GASOLINA SUMERGIBLE,115,0.9005576428244432,B,1.8548,3.3401,1.8008,Z,BZ
DKR-093-SK,JGO MOQUETA,115,0.9007845675406886,B,1.8548,5.761,3.1059,Z,BZ
ALHP-2030,CUBO RUEDA DEL FOX,115,0.901011492256934,B,1.8548,1.9662,1.06,Z,BZ
DK7700747599,PIÑON GIGUEÑAL,115,0.9012384169731795,B,1.8548,2.6991,1.4552,Z,BZ
4RP008189-151,RELAY BOMBA COMBUSTIBLE,114,0.9014633684310228,B,1.8387,3.6553,1.988,Z,BZ
1H0711595,VARILLA SELECT MEC P C FRONTAL G V HUESO,114,0.9016883198888661,B,1.8387,2.5977,1.4128,Z,BZ
EPP513G,BASE BOMBA DE AGUA,114,0.9019132713467094,B,1.8387,3.0596,1.664,Z,BZ
TRUD1213,JGO PASTILLA DE FRENO,114,0.9021382228045527,B,1.8387,2.6952,1.4658,Z,BZ
TRUD451,JGO. PASTILLA DE FRENO,114,0.902363174262396,B,1.8387,4.2243,2.2974,Z,BZ
TRUD1414,JGO. PASTILLA DE FRENO,114,0.9025881257202393,B,1.8387,4.186,2.2766,Z,BZ
FL11REN514,BOMBA GASOLINA SUMERGIBLE,114,0.9028130771780827,B,1.8387,5.7395,3.1215,Z,BZ
PRGR540B,REGULADOR ELECTRONICO,113,0.9030360553775238,B,1.8226,2.2181,1.217,Z,BZ
FG-0136,FILTRO GASOLINA,113,0.903259033576965,B,1.8226,3.1598,1.7337,Z,BZ
SL90411948,TERMOSTATO METÁLICO,113,0.9034820117764062,B,1.8226,5.7629,3.1619,Z,BZ
KR96291306,JUEGO CABLES DE BUJIA,113,0.9037049899758474,B,1.8226,2.4065,1.3204,Z,BZ
DRBP6Y3325XB,DISCO FRENO,113,0.9039279681752885,B,1.8226,2.3107,1.2678,Z,BZ
USNS-2507,"CAUCHO BARRA ESTABILIZADORA FOX 1.6cc (5Z1,5Z3,5Z4) 2003---2014, FOX (5Z5) 2014---2017, GOL V 2009--->, POLO 1.6cc (9...",113,0.9041509463747297,B,1.8226,4.2026,2.3059,Z,BZ
TRD7001,KIT DISTRIBUCION,113,0.9043739245741709,B,1.8226,3.5493,1.9474,Z,BZ
TRUD1044,JGO. PASTILLA DE FRENO,113,0.904596902773612,B,1.8226,1.5295,0.8392,Y,BY
WT0261091731,PROTECTOR DISTRIBUCION SUP.,113,0.9048198809730532,B,1.8226,4.0382,2.2157,Z,BZ
1J0122291,ACOPLE RADIADOR SUP AGUA GOLFIV,113,0.9050428591724944,B,1.8226,3.3674,1.8476,Z,BZ
TH-7317,"FILTRO ACEITE NISSAN PATHFINDER,MITSUBISHI, BAIC X25, X35, X55, DONGFENG AX4, AX7, H30, S30, GREAT WALL M4, H6 1.5CC, VO...",113,0.9052658373719356,B,1.8226,3.0719,1.6854,Z,BZ
FL31110-1R200,MODULO GASOLINA SUMERGIBLE,113,0.9054888155713767,B,1.8226,5.7991,3.1818,Z,BZ
WT1HM121253,RADIADOR DE AGUA,112,0.9057098205124158,B,1.8065,2.9612,1.6393,Z,BZ
FL17040-5RB0A,MODULO GASOLINA SUMERGIBLE,112,0.9059308254534548,B,1.8065,3.5462,1.9631,Z,BZ
FL40CLK001,BOMBA GASOLINA SUMERGIBLE,112,0.9061518303944939,B,1.8065,4.3988,2.4351,Z,BZ
TRD2093,KIT DISTRIBUCION,112,0.9063728353355328,B,1.8065,3.5416,1.9605,Z,BZ
KR96984145,JUEGO CABLES DE BUJIA,112,0.9065938402765719,B,1.8065,3.1919,1.767,Z,BZ
EP21-0249,JUEGO DE CADENA DE DISTRIBUCIÓN,112,0.9068148452176109,B,1.8065,3.3975,1.8808,Z,BZ
7865217414384,MODULOS DE GALPON 2,111,0.9070338769002478,B,1.7903,4.3631,2.437,Z,BZ
TRUD137,JGO. PASTILLA DE FRENO,111,0.9072529085828848,B,1.7903,3.3942,1.8959,Z,BZ
TRUD798,JGO. PASTILLA DE FRENO,111,0.9074719402655217,B,1.7903,2.8292,1.5803,Z,BZ
TRD9003,KIT DISTRIBUCION,111,0.9076909719481585,B,1.7903,3.3656,1.8799,Z,BZ
FL31110-1C000,MODULO GASOLINA SUMERGIBLE,111,0.9079100036307954,B,1.7903,2.7009,1.5086,Z,BZ
TRUDB3535,JGO. PASTILLA DE FRENO,111,0.9081290353134324,B,1.7903,2.4831,1.3869,Z,BZ
ALHP-0447,EMISOR IMPULSOS CIGUENAL CKP POLO 1 6,110,0.9083460937376672,B,1.7742,4.3419,2.4473,Z,BZ
357412135,KIT TOPE GUARDAPOLVO DEL SUSP G V,110,0.9085631521619019,B,1.7742,3.3621,1.895,Z,BZ
SP-1160,JGO. PASTILLA DE FRENO,110,0.9087802105861367,B,1.7742,4.3715,2.464,Z,BZ
HP9994,JGO. PASTILLA DE FRENO,110,0.9089972690103715,B,1.7742,5.2222,2.9434,Z,BZ
TRD4003,KIT DISTRIBUCION,110,0.9092143274346062,B,1.7742,4.9168,2.7713,Z,BZ
GM9025197,CARTER,109,0.9094294126004389,B,1.7581,4.9012,2.7879,Z,BZ
FG-3074,FILTRO GASOLINA,109,0.9096444977662715,B,1.7581,2.0532,1.1679,Z,BZ
DR31293,DISCO FRENO,109,0.9098595829321041,B,1.7581,1.7198,0.9782,Y,BY
FLAC333,TAPA RESERVORIO CODIGO GM:94539597,109,0.9100746680979368,B,1.7581,1.8551,1.0552,Z,BZ
WT811399151B,BASE CAJA CAMBIOS,109,0.9102897532637694,B,1.7581,5.4349,3.0914,Z,BZ
CR5971-UNI-1447,LIMITADOR PUERTA,109,0.9105048384296021,B,1.7581,2.9929,1.7024,Z,BZ
XI-33,FILTRO GASOLINA,108,0.9107179503370325,B,1.7419,2.3687,1.3598,Z,BZ
WT8200660882,BASE TERMOSTATO,108,0.9109310622444631,B,1.7419,2.5332,1.4543,Z,BZ
TRUD580,JGO. PASTILLA DE FRENO,108,0.9111441741518935,B,1.7419,2.7116,1.5567,Z,BZ
95861-64J10,FILTRO AIRE GRAN VITARA SZ CAB,107,0.9113553128009219,B,1.7258,3.5522,2.0583,Z,BZ
WT1K0121070BD,TUBO REFRIGERANTE RADIADOR,107,0.9115664514499503,B,1.7258,2.7718,1.6061,Z,BZ
DR30005701,DISCO FRENO,107,0.9117775900989786,B,1.7258,3.4038,1.9723,Z,BZ
TRD2094,KIT DISTRIBUCION,107,0.911988728748007,B,1.7258,3.4462,1.9969,Z,BZ
KR49509-24A00,GUARDAPOLVO,107,0.9121998673970354,B,1.7258,2.4506,1.42,Z,BZ
RN7711120025,CARTER,107,0.9124110060460637,B,1.7258,3.2635,1.891,Z,BZ
DR55211-56B00,DISCO FRENO,107,0.9126221446950921,B,1.7258,2.1714,1.2582,Z,BZ
XI-73,FILTRO GASOLINA,107,0.9128332833441205,B,1.7258,4.0368,2.3391,Z,BZ
WT17560-57L00-000,BASE TERMOSTATO,107,0.9130444219931488,B,1.7258,4.9941,2.8938,Z,BZ
DRUR5826630,KIT REPARACION FRENOS,107,0.9132555606421772,B,1.7258,2.9793,1.7263,Z,BZ
PRC1149,BOBINA ENCENDIDO,106,0.9134647260328035,B,1.7097,2.8926,1.6919,Z,BZ
FLJOY,FILTRO INTANK,106,0.9136738914234297,B,1.7097,2.9642,1.7338,Z,BZ
TRUD1435,JGO. PASTILLA DE FRENO,106,0.9138830568140559,B,1.7097,3.5894,2.0994,Z,BZ
FI-JX30A,FILTRO GASOLINA,106,0.9140922222046821,B,1.7097,3.916,2.2905,Z,BZ
TRUD3427,JGO. PASTILLA DE FRENO,106,0.9143013875953084,B,1.7097,3.4566,2.0218,Z,BZ
HP8377,JGO. PASTILLA DE FRENO,106,0.9145105529859346,B,1.7097,2.0665,1.2087,Z,BZ
TRUD1175,JGO. PASTILLA DE FRENO,106,0.9147197183765609,B,1.7097,2.7789,1.6254,Z,BZ
USNS-2483,"TERMINAL BARRA DIRECCION GOL, PARATI, SAVEIRO",106,0.9149288837671871,B,1.7097,2.5614,1.4982,Z,BZ
1ND012755-111,FARO NEBLINERO LH,106,0.9151380491578133,B,1.7097,2.1356,1.2491,Z,BZ
WT5U0121407,RESERVORIO,106,0.9153472145484396,B,1.7097,4.1246,2.4125,Z,BZ
811711593,KIT BUJES P CAMBIOS GOL,105,0.9155544066806637,B,1.6935,1.6023,0.9461,Y,BY
TRUD905,JGO. PASTILLA DE FRENO,105,0.9157615988128878,B,1.6935,3.9168,2.3128,Z,BZ
96386780,INYECTOR COMBUSTIBLE,105,0.9159687909451119,B,1.6935,2.5501,1.5058,Z,BZ
USNS-2508,POLEA BOMBA DIRECCION HIDRAULICA AMAROK,105,0.9161759830773359,B,1.6935,3.5085,2.0717,Z,BZ
TS028-GIN-1812,"INYECTOR DE GASOLINA VIRTUS, POLO, T-CROSS",105,0.91638317520956,B,1.6935,2.4534,1.4487,Z,BZ
E115H-D208,FILTRO DE ACEITE,105,0.9165903673417841,B,1.6935,2.9653,1.751,Z,BZ
KR96325867,SENSOR ARBOL LEVAS,105,0.9167975594740082,B,1.6935,2.0524,1.2119,Z,BZ
5DA230036-181,BOBINA ENCENDIDO,105,0.9170047516062323,B,1.6935,5.4878,3.2404,Z,BZ
PRAFH55M-13,SENSOR MAF,104,0.9172099704800543,B,1.6774,2.6867,1.6017,Z,BZ
FL35IZUMOD,MODULO GASOLINA SUMERGIBLE,104,0.9174151893538762,B,1.6774,2.9988,1.7877,Z,BZ
HD36V2,MOTOSIERRA,104,0.9176204082276982,B,1.6774,2.1759,1.2972,Z,BZ
WT03C121065B,TUBO REFRIGERANTE RADIADOR,104,0.9178256271015202,B,1.6774,2.3125,1.3786,Z,BZ
EP20-2178,KIT DISTRIBUCION,104,0.9180308459753421,B,1.6774,3.7921,2.2607,Z,BZ
FIN31911-2C000,FILTRO INTANK,104,0.9182360648491641,B,1.6774,3.1097,1.8539,Z,BZ
FL42TRD007,BOMBA GASOLINA SUMERGIBLE,104,0.9184412837229861,B,1.6774,1.6731,0.9974,Y,BY
WT026121144A,TOMA DE AGUA,104,0.918646502596808,B,1.6774,3.402,2.0281,Z,BZ
ALHP-0569,TENSOR CADENA B ACEITE,103,0.9188497482122279,B,1.6613,2.6636,1.6034,Z,BZ
014301467.2,TAPA C C GOL HASTA 2008,103,0.9190529938276477,B,1.6613,2.1919,1.3194,Z,BZ
EP21-0432,JUEGO DE CADENA DE DISTRIBUCIÓN,103,0.9192562394430676,B,1.6613,3.6453,2.1943,Z,BZ
PR24105479,BOBINA DE IGNICION,103,0.9194594850584874,B,1.6613,5.6453,3.3981,Z,BZ
TRUD700,JGO. PASTILLA DE FRENO,103,0.9196627306739072,B,1.6613,5.3187,3.2015,Z,BZ
TRUD729,JGO. PASTILLA DE FRENO,103,0.9198659762893271,B,1.6613,4.3587,2.6237,Z,BZ
032105401AH,BRAZO DE BIELA POLO 1 6 BR,102,0.9200672486463447,B,1.6452,4.5369,2.7577,Z,BZ
RN8200276588,CARTER,102,0.9202685210033624,B,1.6452,2.9188,1.7742,Z,BZ
HP8373,JGO. PASTILLA DE FRENO,102,0.9204697933603802,B,1.6452,3.0643,1.8626,Z,BZ
DK91175578,POLEA ACCESORIOS,102,0.9206710657173979,B,1.6452,2.783,1.6916,Z,BZ
FL2352M,BOMBA GASOLINA SUMERGIBLE,102,0.9208723380744155,B,1.6452,6.476,3.9364,Z,BZ
HP8184,JGO. PASTILLA DE FRENO,102,0.9210736104314332,B,1.6452,4.6735,2.8408,Z,BZ
ALHP-0977,BASE MOTOR DER,102,0.9212748827884509,B,1.6452,3.7161,2.2588,Z,BZ
PRC1627,BOBINA ENCENDIDO,102,0.9214761551454687,B,1.6452,1.6568,1.0071,Z,BZ
FL40DOR078,BOMBA GASOLINA SUMERGIBLE,102,0.9216774275024863,B,1.6452,2.6341,1.6011,Z,BZ
PR76112,KIT DISTRIBUCION,101,0.9218767266011019,B,1.629,3.794,2.329,Z,BZ
WT12620112,BASE TERMOSTATO,101,0.9220760256997175,B,1.629,3.7983,2.3316,Z,BZ
5DA358057-031,BOBINA ENCENDIDO,101,0.922275324798333,B,1.629,3.747,2.3001,Z,BZ
KR27501-24A00,JUEGO CABLES DE BUJIA,101,0.9224746238969486,B,1.629,6.0462,3.7115,Z,BZ
WT06A103485F,TAPA ACEITE,100,0.9226719497371619,B,1.6129,2.4974,1.5484,Z,BZ
EP20-1602,JUEGO DE CORREAS DENTADAS,100,0.9228692755773754,B,1.6129,2.6418,1.6379,Z,BZ
FL30NIS032,BOMBA GASOLINA SUMERGIBLE,100,0.9230666014175888,B,1.6129,2.9036,1.8002,Z,BZ
FL5Q0919051BN,MODULO GASOLINA SUMERGIBLE,100,0.9232639272578023,B,1.6129,2.9312,1.8174,Z,BZ
WT03L117021C,RADIADOR ACEITE,100,0.9234612530980157,B,1.6129,3.2147,1.9931,Z,BZ
5DA193175-441,BOBINA ENCENDIDO,100,0.9236585789382291,B,1.6129,2.8644,1.776,Z,BZ
FL26296829,MODULO GASOLINA SUMERGIBLE,100,0.9238559047784426,B,1.6129,2.1876,1.3563,Z,BZ
ALHP-1410,CUBO RUEDA DEL G V,100,0.924053230618656,B,1.6129,2.7554,1.7083,Z,BZ
FL137S8M22,BANDA DISTRIBUCION,100,0.9242505564588694,B,1.6129,3.8157,2.3658,Z,BZ
FLG675-13-35ZA,MODULO GASOLINA SUMERGIBLE,100,0.9244478822990828,B,1.6129,4.7191,2.9258,Z,BZ
XI-102B,FILTRO GASOLINA,100,0.9246452081392963,B,1.6129,4.0773,2.5279,Z,BZ
HP9293,JGO. PASTILLA DE FRENO,100,0.9248425339795097,B,1.6129,2.2314,1.3835,Z,BZ
FL15310-81A00,FILTRO GASOLINA,100,0.9250398598197231,B,1.6129,2.5486,1.5801,Z,BZ
TRUD1522,JGO. PASTILLA DE FRENO,100,0.9252371856599365,B,1.6129,2.7495,1.7047,Z,BZ
KR27501-02C00,JUEGO CABLES DE BUJIA,100,0.92543451150015,B,1.6129,1.9948,1.2368,Z,BZ
1WA013Z40,FILTRO AIRE,100,0.9256318373403634,B,1.6129,4.6882,2.9067,Z,BZ
FLFILHY,PREFILTRO GASOLINA SUMERGIBLE,100,0.9258291631805768,B,1.6129,3.7818,2.3447,Z,BZ
WT1J0513353C,BASE AMORTIGUADOR,99,0.9260245157623881,B,1.5968,2.0749,1.2994,Z,BZ
PR1419,BOBINA ENCENDIDO,99,0.9262198683441994,B,1.5968,2.7851,1.7442,Z,BZ
EP20-1246,JUEGO DE CORREAS DENTADAS,99,0.9264152209260107,B,1.5968,2.0981,1.3139,Z,BZ
TRUD1275,JGO. PASTILLA DE FRENO,99,0.9266105735078219,B,1.5968,3.1339,1.9626,Z,BZ
FL169STPD24,BANDA DISTRIBUCION,99,0.9268059260896333,B,1.5968,2.338,1.4642,Z,BZ
026121121A,BRIDA TUBULADURA GOL,99,0.9270012786714446,B,1.5968,3.3527,2.0997,Z,BZ
FLAC1,PREFILTRO,99,0.9271966312532559,B,1.5968,4.0539,2.5388,Z,BZ
DKR-012-IZ,JGO MOQUETA,98,0.927390010576665,B,1.5806,4.0183,2.5422,Z,BZ
XI-13,FILTRO GASOLINA,98,0.9275833899000742,B,1.5806,6.0523,3.829,Z,BZ
HF-15A-X1,MAQUINA,98,0.9277767692234834,B,1.5806,2.4333,1.5394,Z,BZ
FG-6030,FILTRO GASOLINA,98,0.9279701485468925,B,1.5806,3.4713,2.1961,Z,BZ
DR51712-1G000,DISCO FRENO,98,0.9281635278703017,B,1.5806,4.8445,3.0649,Z,BZ
GLYSANTING48,REFRIGERANTE,97,0.9283549339353087,B,1.5645,3.4296,2.1921,Z,BZ
FL46765587,MODULO GASOLINA SUMERGIBLE,97,0.9285463400003158,B,1.5645,2.5879,1.6541,Z,BZ
WT028145278E,TENSOR BANDA ALTERNADOR,97,0.9287377460653228,B,1.5645,2.2477,1.4367,Z,BZ
325907411.1,RELAY DE POTENCIA GOL 97,97,0.9289291521303298,B,1.5645,3.0776,1.9671,Z,BZ
XI-91,FILTRO GASOLINA,97,0.9291205581953368,B,1.5645,2.6617,1.7013,Z,BZ
XI-55,FILTRO COMBUSTIBLE,97,0.9293119642603438,B,1.5645,3.6083,2.3064,Z,BZ
TB8200908869,CUERPO ACELERACION,96,0.9295013970669487,B,1.5484,3.3681,2.1753,Z,BZ
FL96629370,MODULO GASOLINA SUMERGIBLE,96,0.9296908298735536,B,1.5484,2.1227,1.3709,Z,BZ
PRTK237,KIT DISTRIBUCION,96,0.9298802626801584,B,1.5484,1.3402,0.8655,Y,BY
VW038103601NA,CARTER,96,0.9300696954867634,B,1.5484,3.041,1.964,Z,BZ
PRE789,SOKQUET,96,0.9302591282933683,B,1.5484,3.9007,2.5192,Z,BZ
GM25189698,BOMBA ACEITE,96,0.9304485610999732,B,1.5484,2.7631,1.7845,Z,BZ
FL5M519H307,MODULO GASOLINA SUMERGIBLE,96,0.9306379939065781,B,1.5484,3.3634,2.1722,Z,BZ
PRE239,SOKQUET,96,0.930827426713183,B,1.5484,3.266,2.1093,Z,BZ
OES-31111-0M000,BOMBA DE GASOLINA TUCSON NEW SPORTAGE,95,0.9310148862613857,B,1.5323,2.9222,1.9071,Z,BZ
DR51712-07500,DISCO FRENO,95,0.9312023458095885,B,1.5323,2.7458,1.792,Z,BZ
EP20-1603,KIT DISTRIBUCION,95,0.9313898053577913,B,1.5323,3.3636,2.1952,Z,BZ
ALHP-1746,PERNO RUEDA,95,0.931577264905994,B,1.5323,1.5104,0.9857,Y,BY
TRUD1092,JGO. PASTILLA DE FRENO,95,0.9317647244541968,B,1.5323,2.234,1.458,Z,BZ
EP21-0388,JUEGO DE CADENA DE DISTRIBUCIÓN,95,0.9319521840023994,B,1.5323,2.8154,1.8374,Z,BZ
TRUD1186,JGO. PASTILLA DE FRENO,94,0.9321376702922001,B,1.5161,1.8815,1.241,Z,BZ
AVM405,JGO. DE RUEDA LIBRE,94,0.9323231565820007,B,1.5161,2.487,1.6404,Z,BZ
WT5Z0121253F,RADIADOR DE AGUA,94,0.9325086428718014,B,1.5161,1.3766,0.9079,Y,BY
TRUD161,JGO. PASTILLA DE FRENO,94,0.932694129161602,B,1.5161,3.4301,2.2624,Z,BZ
WT5Z0121253E,RADIADOR DE AGUA,93,0.9328776421930005,B,1.5,2.3123,1.5415,Z,BZ
TRUD611,JGO. PASTILLA DE FRENO,93,0.9330611552243989,B,1.5,2.4871,1.658,Z,BZ
FL1K0919050AB,MODULO GASOLINA SUMERGIBLE,93,0.9332446682557974,B,1.5,2.3675,1.5783,Z,BZ
FL4000W202,BOMBA GASOLINA SUMERGIBLE,93,0.933428181287196,B,1.5,2.746,1.8306,Z,BZ
TRD4106,KIT DISTRIBUCION,93,0.9336116943185944,B,1.5,3.0201,2.0134,Z,BZ
TRUD1189,JGO. PASTILLA DE FRENO,93,0.9337952073499929,B,1.5,1.873,1.2487,Z,BZ
FIN23300-74330,FILTRO INTANK,93,0.9339787203813914,B,1.5,1.9899,1.3266,Z,BZ
ALHP-2170,CILINDRO RECEPTOR EMBRAGUE POLO BR,92,0.9341602601543877,B,1.4839,2.381,1.6046,Z,BZ
TRUD660,JGO. PASTILLA DE FRENO,92,0.9343417999273841,B,1.4839,2.6197,1.7654,Z,BZ
FL60VW0140,BOMBA GASOLINA SUMERGIBLE,92,0.9345233397003805,B,1.4839,1.8729,1.2622,Z,BZ
WP92065969,BOMBA AGUA,92,0.9347048794733768,B,1.4839,3.5954,2.423,Z,BZ
FL30CHN015,BOMBA GASOLINA SUMERGIBLE,92,0.9348864192463732,B,1.4839,3.1456,2.1199,Z,BZ
WT6Q0121619,BRIDA TUBO DISTRIBUIDOR,92,0.9350679590193695,B,1.4839,2.6685,1.7983,Z,BZ
FL30MIT033,BOMBA GASOLINA SUMERGIBLE,92,0.9352494987923659,B,1.4839,2.1757,1.4662,Z,BZ
ALHP-2434,TAPON CARTER,92,0.9354310385653622,B,1.4839,2.3331,1.5723,Z,BZ
ALHP-0777,DEPOSITO AGUA RADIADOR C S,92,0.9356125783383585,B,1.4839,3.7405,2.5208,Z,BZ
6PU013122-671,SENSOR POSICION ARBOL LEVAS,91,0.9357921448529528,B,1.4677,2.2769,1.5513,Z,BZ
WT96325222,PROTECTOR DISTRIBUCION SUP.,91,0.935971711367547,B,1.4677,3.2315,2.2017,Z,BZ
CR1931-MAR-1649,EMBLEMA DELA,91,0.9361512778821413,B,1.4677,2.6318,1.7931,Z,BZ
GM92065755,CARTER,91,0.9363308443967354,B,1.4677,3.5818,2.4404,Z,BZ
PRIAC1054,VALVULA IAC,91,0.9365104109113297,B,1.4677,2.3329,1.5895,Z,BZ
TRUD9730,JGO. PASTILLA DE FRENO,91,0.9366899774259239,B,1.4677,3.4347,2.3401,Z,BZ
EP20-1886,KIT DISTRIBUCION,90,0.936867570682116,B,1.4516,3.7575,2.5885,Z,BZ
DK032145276,POLEA ACCESORIOS,90,0.9370451639383081,B,1.4516,3.0727,2.1167,Z,BZ
373868403,MANIJA INT IZQ PLASTICA GOL 98,90,0.9372227571945001,B,1.4516,2.5188,1.7352,Z,BZ
FL1K0919051DA,MODULO GASOLINA SUMERGIBLE,90,0.9374003504506923,B,1.4516,2.5188,1.7352,Z,BZ
TRUD566,JGO. PASTILLA DE FRENO,90,0.9375779437068843,B,1.4516,2.1826,1.5036,Z,BZ
811711803A,VARILLA MARCHA CAMBIOS GOL 3257118031,90,0.9377555369630763,B,1.4516,5.192,3.5767,Z,BZ
TB03L128063S,CUERPO ACELERACION,89,0.9379311569608664,B,1.4355,3.0141,2.0997,Z,BZ
VW1H0199262F,BASE MOTOR,89,0.9381067769586563,B,1.4355,2.7393,1.9083,Z,BZ
FL42B13005,BOMBA GASOLINA SUMERGIBLE,89,0.9382823969564462,B,1.4355,2.4862,1.732,Z,BZ
FL31110-07000,MODULO GASOLINA SUMERGIBLE,88,0.938456043695834,B,1.4194,2.9213,2.0582,Z,BZ
FL17040-4BB1A,MODULO DE GAASOLINA,88,0.9386296904352218,B,1.4194,2.8029,1.9748,Z,BZ
TRUD1297,JGO. PASTILLA DE FRENO,88,0.9388033371746097,B,1.4194,1.3265,0.9346,Y,BY
TRUD430,JGO. PASTILLA DE FRENO,88,0.9389769839139975,B,1.4194,3.5312,2.4879,Z,BZ
97133-F2000,FILTRO AIRE CABINA KIA RIO 2018,88,0.9391506306533853,B,1.4194,2.3317,1.6428,Z,BZ
SL25620-23610,TERMOSTATO METALICO,88,0.9393242773927731,B,1.4194,1.8452,1.3,Z,BZ
WT036919081D,TROMPO ACEITE,88,0.9394979241321609,B,1.4194,2.06,1.4513,Z,BZ
FLE2358M,MODULO GASOLINA SUMERGIBLE,88,0.9396715708715487,B,1.4194,5.6441,3.9766,Z,BZ
EP20-1258,KIT DISTRIBUCION,88,0.9398452176109365,B,1.4194,2.1594,1.5214,Z,BZ
056919081E,TROMPO PRESION ACEITE ALTA G V BLANCO,88,0.9400188643503244,B,1.4194,3.8544,2.7156,Z,BZ
FL25060-8H311,SENSOR NIVEL GASOLINA NISSAN XTRAIL T30,88,0.9401925110897122,B,1.4194,2.7624,1.9462,Z,BZ
USNS-2485,"PISTON 2.00 cc TIGUAN (5N_) TFSI 2007---2018, GOLF VI (5K1) 2009---2012, JETTA CLASICO VI 2010--->, PASSAT 2005---201...",87,0.9403641845706979,B,1.4032,5.1976,3.704,Z,BZ
WT2E0121253B,RADIADOR DE AGUA,87,0.9405358580516836,B,1.4032,2.511,1.7895,Z,BZ
FL60150100,BOMBA GASOLINA SUMERGIBLE,87,0.9407075315326693,B,1.4032,3.9654,2.8259,Z,BZ
WT251941521,TROMPO RETRO,87,0.940879205013655,B,1.4032,2.9917,2.132,Z,BZ
TRUD882,JGO. PASTILLA DE FRENO,87,0.9410508784946406,B,1.4032,2.9208,2.0815,Z,BZ
ALHP-0755,SEGURO CENTRAL RIEL ASIENTO 435881203A,87,0.9412225519756263,B,1.4032,3.1799,2.2661,Z,BZ
FL30MU0220,BOMBA GASOLINA SUMERGIBLE,87,0.941394225456612,B,1.4032,2.2822,1.6264,Z,BZ
FL30CLI009,BOMBA GASOLINA SUMERGIBLE,86,0.9415639256791956,B,1.3871,2.5549,1.8419,Z,BZ
FL31110-25000,MODULO GASOLINA SUMERGIBLE,86,0.9417336259017791,B,1.3871,2.5231,1.819,Z,BZ
FL1760A156,MODULO GASOLINA SUMERGIBLE,86,0.9419033261243627,B,1.3871,3.2644,2.3534,Z,BZ
TRUD1035,JGO. PASTILLA DE FRENO,86,0.9420730263469462,B,1.3871,2.1504,1.5503,Z,BZ
WT547959481,TERMOSWITCH ELECTROVENTILADOR,86,0.9422427265695298,B,1.3871,1.3483,0.972,Y,BY
FL30SENR16,BOMBA GASOLINA SUMERGIBLE,85,0.9424104535337111,B,1.371,2.3639,1.7243,Z,BZ
XI-97,TAPA MODULO GASOLINA,85,0.9425781804978925,B,1.371,2.2521,1.6427,Z,BZ
DK2441023050,TENSOR.          HYUNDAI TUCSON 2.0,85,0.942745907462074,B,1.371,3.9071,2.8499,Z,BZ
FLWL81-13-ZA0,VALVULA CEBADORA,85,0.9429136344262554,B,1.371,2.6835,1.9574,Z,BZ
FLFILVW,FILTRO GASOLINA SUMERGIBLE,85,0.9430813613904367,B,1.371,1.273,0.9285,Y,BY
VW6RF199851C,BASE MOTOR,85,0.9432490883546182,B,1.371,3.1889,2.326,Z,BZ
PR96553241,ELECTRO VENTILADOR,85,0.9434168153187996,B,1.371,2.5793,1.8814,Z,BZ
WT1J0412319C,PLATILLO SUPERIOR AMORTIGUADOR DELANTERO SUPERIOR,84,0.9435825690245789,B,1.3548,3.0219,2.2305,Z,BZ
WT027115611C,VARILLA MEDIR ACEITE,84,0.9437483227303581,B,1.3548,1.8325,1.3525,Z,BZ
DKR-1-GREEN_L,VERDE LITRO,84,0.9439140764361375,B,1.3548,3.1882,2.3532,Z,BZ
FL40IZU090,BOMBA GASOLINA SUMERGIBLE,84,0.9440798301419168,B,1.3548,2.8347,2.0923,Z,BZ
DK038903315AN,POLEA TENSORA,84,0.944245583847696,B,1.3548,2.9517,2.1787,Z,BZ
USNS-0654,BANDA ALTERNADOR JETTA 2012 5DPK1554,83,0.9444093642950732,B,1.3387,3.4405,2.57,Z,BZ
DKR-058-NS,JGO MOQUETA,83,0.9445731447424504,B,1.3387,2.2284,1.6646,Z,BZ
13780-65J00,FILTRO AIRE,83,0.9447369251898274,B,1.3387,2.7176,2.03,Z,BZ
DKR4377,BOMBA GASOLINA SUMERGIBLE,83,0.9449007056372046,B,1.3387,3.3742,2.5205,Z,BZ
PRC961,BOBINA ENCENDIDO,83,0.9450644860845817,B,1.3387,1.7501,1.3073,Z,BZ
ALHP-2454,JUNTA INYECTOR,83,0.9452282665319589,B,1.3387,3.0211,2.2567,Z,BZ
HP2014,JGO. PASTILLA DE FRENO,83,0.945392046979336,B,1.3387,2.5269,1.8876,Z,BZ
DK96103222,TEMPLADOR BANDA DISTRIBUCION,83,0.9455558274267132,B,1.3387,1.7408,1.3004,Z,BZ
FIN31910-2H000,FILTRO INTANK,83,0.9457196078740904,B,1.3387,2.5712,1.9207,Z,BZ
ALHP-2452,TUBO CALEFACCION,83,0.9458833883214675,B,1.3387,2.3414,1.749,Z,BZ
WT1J5949117A,FARO GUIA LATERAL,82,0.9460451955104425,B,1.3226,3.4537,2.6114,Z,BZ
FL30CHN007,BOMBA GASOLINA SUMERGIBLE,82,0.9462070026994175,B,1.3226,2.1158,1.5997,Z,BZ
VW06J115105AB,BOMBA ACEITE,82,0.9463688098883926,B,1.3226,2.8668,2.1676,Z,BZ
HP2020,JGO. PASTILLA DE FRENO,82,0.9465306170773675,B,1.3226,1.982,1.4986,Z,BZ
AVM439,JGO. RUEDA LIBRE,82,0.9466924242663425,B,1.3226,3.4955,2.6429,Z,BZ
XI-28,FILTRO GASOLINA,82,0.9468542314553176,B,1.3226,2.513,1.9001,Z,BZ
6PU009106-091,SENSOR ABS DELANTERO LH,82,0.9470160386442925,B,1.3226,1.785,1.3496,Z,BZ
06A133398F,JUNTA TUBULADORA ASPIRACION,82,0.9471778458332676,B,1.3226,2.8271,2.1376,Z,BZ
FL0881500B,BOMBA GASOLINA SUMERGIBLE,82,0.9473396530222425,B,1.3226,1.8732,1.4163,Z,BZ
FL1604703594,BOMBA GASOLINA SUMERGIBLE,81,0.9474994869528155,B,1.3065,1.8013,1.3788,Z,BZ
6PU012681-021,SENSOR HALL,81,0.9476593208833883,B,1.3065,2.0914,1.6008,Z,BZ
AVM407,JGO. DE RUEDA LIBRE,81,0.9478191548139612,B,1.3065,2.6976,2.0648,Z,BZ
VW6RF199262Q,BASE MOTOR,81,0.9479789887445341,B,1.3065,2.0208,1.5468,Z,BZ
DR31319,DISCO FRENO,81,0.948138822675107,B,1.3065,2.2186,1.6982,Z,BZ
1K0721261R,CILINDRO RECEPTOR EMBRAGUE JETTA 25,81,0.9482986566056798,B,1.3065,2.8882,2.2107,Z,BZ
TRUD1157,JGO. PASTILLA DE FRENO,81,0.9484584905362528,B,1.3065,3.1035,2.3755,Z,BZ
TH-1051,FILTRO ACEITE,81,0.9486183244668256,B,1.3065,2.3935,1.832,Z,BZ
TRUD50,JGO. PASTILLA DE FRENO,81,0.9487781583973984,B,1.3065,3.1191,2.3874,Z,BZ
TRUD154,JGO. PASTILLA DE FRENO,80,0.9489360190695691,B,1.2903,2.7438,2.1265,Z,BZ
PROS2,SENSOR OXIGENO,80,0.94909387974174,B,1.2903,2.642,2.0476,Z,BZ
FLFILST10,FILTRO GASOLINA SUMERGIBLE,80,0.9492517404139107,B,1.2903,1.904,1.4756,Z,BZ
ALHP-0480,TERMOSTATO GOLF JETTA IV POLO CLASS,80,0.9494096010860814,B,1.2903,3.8369,2.9736,Z,BZ
GM96535010,RULIMAN BASE AMORTIGUADOR,80,0.9495674617582521,B,1.2903,2.5865,2.0045,Z,BZ
TRUD883,JGO. PASTILLA DE FRENO,80,0.949725322430423,B,1.2903,2.2171,1.7183,Z,BZ
EP21-0046,JUEGO DE CADENA DE DISTRIBUCIÓN,80,0.9498831831025937,B,1.2903,2.7261,2.1128,Z,BZ
VW036115105D,BOMBA ACEITE,80,0.9500410437747644,C,1.2903,2.7614,2.1401,Z,CZ
USNS-0746,"KIT RULIMAN DE RUEDA POSTERIOR GOL, VENTO, PARATI, SAVEIRO, FELICIA, GOLF I 1983---1993, GOLF II 1984---1991, GOLF III 1...",79,0.950196931188533,C,1.2742,2.665,2.0915,Z,CZ
1K5955651,BOMBA LAVAPARABRISAS BORA,79,0.9503528186023016,C,1.2742,3.815,2.994,Z,CZ
WT032121110L,"TERMOSTADO GOL V 1.6, POLO BRASIL 1.6, FOX 1.6 CON A/C",79,0.9505087060160702,C,1.2742,1.6081,1.2621,Z,CZ
USNS-0326,"EMPAQUE CABEZOTE ORIGINAL GOLF VENTO 2.0, GOLF IV 1.6 ALEMAN",79,0.9506645934298388,C,1.2742,2.7776,2.1799,Z,CZ
WT04L121026F,CAJA REGULADORA DE AGUA,79,0.9508204808436075,C,1.2742,5.1374,4.0319,Z,CZ
EP20-1261,JUEGO DE CORREAS DENTADAS,79,0.9509763682573761,C,1.2742,2.4768,1.9438,Z,CZ
AVM538,JGO. DE RUEDA LIBRE,79,0.9511322556711447,C,1.2742,2.707,2.1245,Z,CZ
SU9494,SENSOR MAP,79,0.9512881430849133,C,1.2742,1.6081,1.2621,Z,CZ
EP21-0397,KIT DISTRIBUCION,79,0.9514440304986819,C,1.2742,2.6284,2.0628,Z,CZ
FLDMAX218,SENSOR NIVEL GASOLINA,79,0.9515999179124505,C,1.2742,3.0277,2.3761,Z,CZ
FLRE1,PREFILTRO,78,0.9517538320678169,C,1.2581,5.0127,3.9844,Z,CZ
HP1022,JGO. PASTILLA DE FRENO,78,0.9519077462231834,C,1.2581,2.7412,2.1789,Z,CZ
CR5971-CP-1639,TOPE CAPOT AJUSTABLE,78,0.9520616603785499,C,1.2581,3.4075,2.7085,Z,CZ
TH-2870-D,FILTRO ACEITE VW DOBLE VALVULA LARGO 3/4 X 16,78,0.9522155745339164,C,1.2581,1.8573,1.4763,Z,CZ
WT049109111C,POLEA ARBOL DE LEVAS,78,0.9523694886892828,C,1.2581,2.0552,1.6336,Z,CZ
FL22021132,BOMBA GASOLINA SUMERGIBLE,78,0.9525234028446493,C,1.2581,2.5523,2.0287,Z,CZ
FG-5931,FILTRO GASOLINA,78,0.9526773170000158,C,1.2581,1.4473,1.1504,Z,CZ
TRUD1139,JGO. PASTILLA DE FRENO,77,0.9528292578969801,C,1.2419,2.5316,2.0385,Z,CZ
XI-03,FILTRO GASOLINA (31112-3E000),77,0.9529811987939445,C,1.2419,2.722,2.1917,Z,CZ
ALHP-0201,TROMPO RETRO POLO-GOLF-JETTA,77,0.9531331396909088,C,1.2419,1.316,1.0596,Z,CZ
FIN23300-21010,FILTRO INTANK,77,0.9532850805878731,C,1.2419,2.538,2.0436,Z,CZ
WT0K9BV1507XF,CAJA REGULADORA DE AGUA,77,0.9534370214848374,C,1.2419,3.1351,2.5243,Z,CZ
DR2110-3501070,DISCO FRENO,76,0.9535869891233997,C,1.2258,3.0974,2.5269,Z,CZ
MO5971-OEM-1898,BASE PORTA BATERIA,76,0.9537369567619619,C,1.2258,2.4588,2.0059,Z,CZ
377601165,EMBLEMA ARO R15,76,0.9538869244005241,C,1.2258,1.9709,1.6078,Z,CZ
DK24506756,POLEA ACCESORIOS,76,0.9540368920390863,C,1.2258,2.4457,1.9951,Z,CZ
KIT044,JGO MICROFILTRO,76,0.9541868596776485,C,1.2258,1.0537,0.8596,Y,CY
96539649,FILTRO AIRE CABINA AVEO FAMILY CHEVITAXI,76,0.9543368273162107,C,1.2258,1.7998,1.4683,Z,CZ
ETCK0022,KIT DISTRIBUCION,76,0.954486794954773,C,1.2258,2.1434,1.7486,Z,CZ
KR27501-37B00,JUEGO CABLES DE BUJIA,76,0.9546367625933351,C,1.2258,2.0432,1.6669,Z,CZ
KR93860-39012,TROMPO RETRO,75,0.9547847569734952,C,1.2097,3.1322,2.5893,Z,CZ
WT547959481A,TERMOSWICHT,75,0.9549327513536553,C,1.2097,2.8235,2.3341,Z,CZ
305419831.1,GUARDAPOLVO DE LA DIRECCION GOL,75,0.9550807457338153,C,1.2097,1.993,1.6476,Z,CZ
SF3551-FIN-2623,PALANCA FRENO MANO,75,0.9552287401139754,C,1.2097,2.0011,1.6542,Z,CZ
97617-4H000,FILTRO AIRE HYUNDAI H1 TQ NUEVA CAB,75,0.9553767344941355,C,1.2097,1.6078,1.3291,Z,CZ
ALHP-1111,RADIADOR DE LA CALEFACCION GOLF IV,75,0.9555247288742955,C,1.2097,2.3633,1.9536,Z,CZ
TR2521-FOR-0052,HORQUILLA 3RA Y 4TA ALTERNA,75,0.9556727232544556,C,1.2097,2.2586,1.8671,Z,CZ
EP29-0019,BANDA DISTRIBUCION,75,0.9558207176346157,C,1.2097,3.8317,3.1675,Z,CZ
KR95961350,TROMPO ACEITE,75,0.9559687120147757,C,1.2097,2.0879,1.726,Z,CZ
FL35180318,BOMBA GASOLINA SUMERGIBLE,74,0.9561147331365337,C,1.1935,2.5893,2.1694,Z,CZ
FG-31130,FILTRO GASOLINA,74,0.9562607542582916,C,1.1935,1.8994,1.5914,Z,CZ
KR32998031,JUEGO CABLES DE BUJIA,74,0.9564067753800496,C,1.1935,1.9743,1.6542,Z,CZ
TRUD52,JGO. PASTILLA DE FRENO,74,0.9565527965018075,C,1.1935,3.3352,2.7944,Z,CZ
CR5971-NAT-1866,GUARDAPOLVO P/CAMBIO CROMADA,74,0.9566988176235655,C,1.1935,1.9987,1.6746,Z,CZ
FL06A109119K,BANDA DE DISTRIBUCION 138S8M23,74,0.9568448387453233,C,1.1935,2.3129,1.9379,Z,CZ
WT96182952,PROTECTOR DISTRIBUCION SUP.,74,0.9569908598670813,C,1.1935,2.0307,1.7014,Z,CZ
DR42431-52080,DISCO FRENO,74,0.9571368809888392,C,1.1935,3.2421,2.7163,Z,CZ
VW051103601,CARTER,73,0.9572809288521951,C,1.1774,2.0754,1.7627,Z,CZ
USNS-0529,"BALANCINES AMAROK 2009--->, CRAFTER 30-35 AUTOBUS 2011---2016, CRAFTER 30-50 FURGON 2011---2016, EUROVAN 2009---2015,...",73,0.9574249767155508,C,1.1774,2.4661,2.0945,Z,CZ
TB35100-2B150,CUERPO ACELERACION,73,0.9575690245789067,C,1.1774,1.6899,1.4352,Z,CZ
FL31110-02500,MODULO GASOLINA SUMERGIBLE,73,0.9577130724422624,C,1.1774,1.9221,1.6324,Z,CZ
GM90410741,RETEN VALVULAS,73,0.9578571203056183,C,1.1774,2.4856,2.1111,Z,CZ
FL056109119A,BANDA DE DISTRIBUCION 121ZA18,73,0.9580011681689741,C,1.1774,2.3522,1.9978,Z,CZ
036109601AD,VALVULA ADMISION POLO 1 4,72,0.9581432427739277,C,1.1613,1.4502,1.2488,Z,CZ
FL30HYD000,BOMBA GASOLINA SUMERGIBLE,72,0.9582853173788815,C,1.1613,2.096,1.8049,Z,CZ
17801-78110,FILTRO AIRE,72,0.9584273919838351,C,1.1613,1.8333,1.5787,Z,CZ
EP20-1343,JUEGO DE CORREAS DENTADAS,72,0.9585694665887887,C,1.1613,2.0335,1.7511,Z,CZ
TRUD792,JGO. PASTILLA DE FRENO,72,0.9587115411937424,C,1.1613,2.2803,1.9636,Z,CZ
ETBK5005,KIT  DISTRIBUCION,72,0.9588536157986961,C,1.1613,2.9248,2.5186,Z,CZ
HP1034,JGO. PASTILLA DE FRENO,72,0.9589956904036497,C,1.1613,1.5366,1.3232,Z,CZ
GM96263403,RELAY LUCES,71,0.9591357917502012,C,1.1452,2.8046,2.4491,Z,CZ
FLHAVAL,MODULO GASOLINA SUMERGIBLE,71,0.9592758930967528,C,1.1452,1.891,1.6513,Z,CZ
DK8200908180,TEMPLADOR BANDA DISTRIBUCION,71,0.9594159944433044,C,1.1452,4.2344,3.6977,Z,CZ
EP21-0549,JUEGO DE CADENA DE DISTRIBUCIÓN,71,0.9595560957898559,C,1.1452,2.4551,2.1439,Z,CZ
GM24106343,MOTOR ARRANQUE,71,0.9596961971364074,C,1.1452,1.9826,1.7312,Z,CZ
FL77020-02190,MODULO GASOLINA SUMERGIBLE,71,0.9598362984829589,C,1.1452,1.0602,0.9258,Y,CY
WT1H0837187A,BOTON PUERTA,71,0.9599763998295104,C,1.1452,2.5769,2.2502,Z,CZ
17720-3640,FILTRO AIRE,71,0.960116501176062,C,1.1452,1.9079,1.6661,Z,CZ
USNS-0052,"HORQUILLA 3RA Y 4TA GOL, SAVEIRO 1994---2006",71,0.9602566025226136,C,1.1452,1.9826,1.7312,Z,CZ
FLAMAROK,PREFILTRO GASOLINA SUMERGIBLE,71,0.9603967038691651,C,1.1452,2.1391,1.8679,Z,CZ
6PU009121-451,SENSOR POSICION ARBOL LEVAS,71,0.9605368052157166,C,1.1452,2.169,1.8941,Z,CZ
FLAV1,PREFILTRO,71,0.9606769065622681,C,1.1452,2.3952,2.0916,Z,CZ
USNS-0438,SONDA LAMBDA AMAROK,71,0.9608170079088196,C,1.1452,3.3256,2.904,Z,CZ
FG-511B,FILTRO GASOLINA,70,0.960955135996969,C,1.129,3.2203,2.8523,Z,CZ
XI-153,PORTA FILTRO COMBUSTIBLE,70,0.9610932640851185,C,1.129,2.0119,1.782,Z,CZ
ETBK5001,KIT DISTRIBUCION,70,0.9612313921732679,C,1.129,3.5718,3.1636,Z,CZ
FL60THA005,BOMBA GASOLINA SUMERGIBLE,70,0.9613695202614173,C,1.129,2.2396,1.9836,Z,CZ
WT1J0973081,SOCKET TROMPO ACEITE,70,0.9615076483495667,C,1.129,3.8416,3.4025,Z,CZ
FL4012B900,BOMBA GASOLINA SUMERGIBLE,70,0.9616457764377161,C,1.129,3.2353,2.8656,Z,CZ
KR94580644,RELAY LUCES,70,0.9617839045258655,C,1.129,2.2894,2.0278,Z,CZ
HP1015,JGO. PASTILLA DE FRENO,70,0.9619220326140149,C,1.129,1.6113,1.4271,Z,CZ
HP9986,JGO. PASTILLA DE FRENO,70,0.9620601607021643,C,1.129,2.2467,1.99,Z,CZ
TBL3R413640,CUERPO ACELERACION,70,0.9621982887903137,C,1.129,1.6508,1.4622,Z,CZ
036103383AM,EMPAQUE CABEZOTE POLO 1 4,69,0.9623344436200609,C,1.1129,2.2655,2.0357,Z,CZ
FL50FORD01,BOMBA GASOLINA SUMERGIBLE,69,0.9624705984498082,C,1.1129,4.8861,4.3904,Z,CZ
FL7700431718,MODULO GASOLINA SUMERGIBLE,69,0.9626067532795555,C,1.1129,2.1784,1.9574,Z,CZ
TRUD535,JGO. PASTILLA DE FRENO,69,0.9627429081093027,C,1.1129,2.3008,2.0674,Z,CZ
FLTUG1,PREFILTRO,69,0.96287906293905,C,1.1129,1.5145,1.3609,Z,CZ
96553450,FILTRO AIRE,69,0.9630152177687973,C,1.1129,3.8942,3.4991,Z,CZ
FG-1100,FILTRO GASOLINA,68,0.9631493993401424,C,1.0968,2.0137,1.8361,Z,CZ
ED1331-OEM-1561,GUARDAPOLVO DIRECCION,68,0.9632835809114875,C,1.0968,2.3672,2.1583,Z,CZ
HP9698,JGO. PASTILLA DE FRENO,68,0.9634177624828326,C,1.0968,1.653,1.5072,Z,CZ
DR51712-02550,DISCO FRENO,68,0.9635519440541778,C,1.0968,1.72,1.5682,Z,CZ
5DA193175-951,BOMBA DE ENCENDIDO,68,0.9636861256255229,C,1.0968,1.6916,1.5424,Z,CZ
DKR3331,BOMBA GASOLINA SUMERGIBLE,68,0.9638203071968681,C,1.0968,1.72,1.5682,Z,CZ
TRUD668,JGO. PASTILLA DE FRENO,68,0.9639544887682132,C,1.0968,2.7103,2.4711,Z,CZ
FLFILTCSDSL,FILTRO GASOLINA SUMERGIBLE,68,0.9640886703395583,C,1.0968,1.8898,1.723,Z,CZ
TRUD1072,JGO. PASTILLA DE FRENO,67,0.9642208786525013,C,1.0806,2.0502,1.8972,Z,CZ
FL4001W100,BOMBA GASOLINA SUMERGIBLE,67,0.9643530869654443,C,1.0806,1.6588,1.535,Z,CZ
TRUD1184,JGO. PASTILLA DE FRENO,67,0.9644852952783873,C,1.0806,1.9202,1.7769,Z,CZ
ALHP-2150,VARILLA ACCIONAMIENTO B E POLO,67,0.9646175035913302,C,1.0806,2.6839,2.4836,Z,CZ
FL30CHN005,BOMBA GASOLINA SUMERGIBLE,67,0.9647497119042733,C,1.0806,2.1872,2.024,Z,CZ
USNS-1287,BUJE CREMALLERA AMAROK,67,0.9648819202172163,C,1.0806,2.6959,2.4947,Z,CZ
WT6Q0959455J,ELECTROVENTILADOR,67,0.9650141285301593,C,1.0806,2.0968,1.9404,Z,CZ
ALHP-2251,MESA SUSPENSION LH POLO 2017,67,0.9651463368431022,C,1.0806,1.9452,1.8,Z,CZ
WT7700600514,CAJA REGULADORA DE AGUA,67,0.9652785451560453,C,1.0806,1.9535,1.8077,Z,CZ
CR1391-ORI-2632,CERRADURA PUERTA DELA RH,67,0.9654107534689883,C,1.0806,1.1402,1.0551,Z,CZ
MO3491-OEM-2629,MULTIPLE ADMISION,67,0.9655429617819312,C,1.0806,2.33,2.1561,Z,CZ
EP21-0413,JUEGO DE CADENA DE DISTRIBUCIÓN,67,0.9656751700948742,C,1.0806,1.4513,1.343,Z,CZ
TRUD1318,JGO. PASTILLA DE FRENO,66,0.9658054051494152,C,1.0645,1.4241,1.3378,Z,CZ
AVM418,JGO. DE RUEDA LIBRE,66,0.965935640203956,C,1.0645,2.5328,2.3793,Z,CZ
026121053G,MANGUERA AGUA GOL,66,0.9660658752584969,C,1.0645,2.2423,2.1064,Z,CZ
FINMR526974,FILTRO INTANK,66,0.9661961103130378,C,1.0645,1.848,1.736,Z,CZ
TRUD1830,JGO. PASTILLA DE FRENO,66,0.9663263453675786,C,1.0645,2.577,2.4208,Z,CZ
TRUD41,JGO. PASTILLA DE FRENO,66,0.9664565804221195,C,1.0645,2.5455,2.3913,Z,CZ
TRD1001,KIT DISTRIBUCION,66,0.9665868154766603,C,1.0645,2.9885,2.8074,Z,CZ
FG-3480W,FILTRO GASOLINA,66,0.9667170505312012,C,1.0645,2.7408,2.5747,Z,CZ
5U0501117,PUNTA EJE POSTERIOR,65,0.96684531232734,C,1.0484,1.8702,1.7839,Z,CZ
TRUD200,JGO. PASTILLA DE FRENO,65,0.9669735741234786,C,1.0484,1.9628,1.8722,Z,CZ
048129717D,JUNTA COLECTOR ADMISION G V 1 8 ALEMAN,65,0.9671018359196173,C,1.0484,2.3378,2.2299,Z,CZ
377953516,KIT COBERTURA COL DIRECCION GOL 95,65,0.9672300977157561,C,1.0484,1.9791,1.8878,Z,CZ
HP5267,JGO. PASTILLA DE FRENO,65,0.9673583595118947,C,1.0484,2.3584,2.2496,Z,CZ
FL30T28030,BOMBA GASOLINA SUMERGIBLE,65,0.9674866213080335,C,1.0484,2.2535,2.1495,Z,CZ
FLTU200COM,MODULO GASOLINA SUMERGIBLE,65,0.9676148831041722,C,1.0484,1.7637,1.6823,Z,CZ
TRUD785,JGO. PASTILLA DE FRENO,65,0.967743144900311,C,1.0484,2.3031,2.1968,Z,CZ
PR9052870,SENSOR OXIGENO,64,0.9678694334380475,C,1.0323,3.2625,3.1606,Z,CZ
TR2531-KIT-2625,KIT REPARACION HORQUILLA EMBRAGUE,64,0.9679957219757842,C,1.0323,2.0158,1.9528,Z,CZ
TRUD1143,JGO. PASTILLA DE FRENO,64,0.9681220105135208,C,1.0323,1.713,1.6595,Z,CZ
RD402101554R,RULIMAN RUEDA,64,0.9682482990512573,C,1.0323,2.3346,2.2617,Z,CZ
FL3045400T,BOMBA GASOLINA SUMERGIBLE,64,0.968374587588994,C,1.0323,1.9341,1.8737,Z,CZ
KR0K30C-15-025B,ELECTROVENTILADOR,64,0.9685008761267305,C,1.0323,1.9005,1.8411,Z,CZ
FL8-97209145-0,MODULO GASOLINA SUMERGIBLE,64,0.9686271646644672,C,1.0323,2.0633,1.9988,Z,CZ
WT96182950,PROTECTOR DISTRIBUCION POST.,64,0.9687534532022037,C,1.0323,1.8576,1.7995,Z,CZ
96536696,FILTRO AIRE,64,0.9688797417399403,C,1.0323,1.6261,1.5753,Z,CZ
FLDMX,PREFILTRO,64,0.969006030277677,C,1.0323,2.2286,2.159,Z,CZ
FL191S8M32,BANDA DISTRIBUCION,63,0.9691303455570114,C,1.0161,2.6058,2.5644,Z,CZ
28113-1G000,FILTRO AIRE,63,0.9692546608363458,C,1.0161,1.9797,1.9482,Z,CZ
FL15100-78K20,MODULO GASOLINA SUMERGIBLE,63,0.9693789761156802,C,1.0161,1.9797,1.9482,Z,CZ
FL97945604,BOMBA GASOLINA SUMERGIBLE,62,0.9695013181366127,C,1.0,2.2504,2.2504,Z,CZ
014311313,CHAVETA CC GOL 1234,62,0.969623660157545,C,1.0,1.5027,1.5027,Z,CZ
ALHP-0066,BUJE GUIA ARBOL PRINC C C G V,62,0.9697460021784773,C,1.0,1.9177,1.9177,Z,CZ
TRUD242,JGO. PASTILLA DE FRENO,62,0.9698683441994096,C,1.0,1.0925,1.0925,Z,CZ
TRUDB1424,JGO. PASTILLA DE FRENO,62,0.9699906862203419,C,1.0,1.7321,1.7321,Z,CZ
USNS-2509,MODULO GASOLINA SUMERGIBLE,62,0.9701130282412742,C,1.0,3.0533,3.0533,Z,CZ
HP9543,JGO. PASTILLA DE FRENO,62,0.9702353702622066,C,1.0,2.706,2.706,Z,CZ
037121065K,CANERIA DE AGUA 18 GOLF,62,0.9703577122831389,C,1.0,1.7506,1.7506,Z,CZ
YKD96489845,PUNTA HOMOCINETICA,62,0.9704800543040712,C,1.0,1.9344,1.9344,Z,CZ
03L903137R,BANDA ALTERNADOR CRAFTER 6PK 1613,61,0.9706004230666014,C,0.9839,1.1143,1.1326,Z,CZ
MO3621-OEM-1967,DEFLECTOR RADIADOR SUP,61,0.9707207918291316,C,0.9839,1.9633,1.9955,Z,CZ
ETBK0029,KIT DISTRIBUCION,61,0.9708411605916618,C,0.9839,1.7825,1.8117,Z,CZ
FL30454078,BOMBA GASOLINA SUMERGIBLE,61,0.970961529354192,C,0.9839,2.2753,2.3126,Z,CZ
SL90873245,RESERVORIO,61,0.9710818981167222,C,0.9839,3.5401,3.5981,Z,CZ
FL35BLZ061,BOMBA GASOLINA SUMERGIBLE,61,0.9712022668792524,C,0.9839,1.8879,1.9189,Z,CZ
KR96350159,BOMBA ACEITE,61,0.9713226356417826,C,0.9839,2.2324,2.269,Z,CZ
PR76580,KIT DISTRIBUCION,61,0.9714430044043127,C,0.9839,1.9385,1.9703,Z,CZ
MO5151-2M-0107,TAPA BANDA DIST. SUP,61,0.9715633731668429,C,0.9839,1.7915,1.8209,Z,CZ
KR21310-21030,BOMBA ACEITE,61,0.9716837419293731,C,0.9839,1.8271,1.8571,Z,CZ
AVM460,JGO. DE RUEDA LIBRE,61,0.9718041106919033,C,0.9839,2.2611,2.2982,Z,CZ
1HM121101JAHU,MANGUERA PULPO GV 2 0,60,0.9719225061960314,C,0.9677,1.8225,1.8833,Z,CZ
PRF540E-1,REGULADOR VOLTAJE,60,0.9720409017001594,C,0.9677,1.1496,1.1879,Z,CZ
TRUD280,JGO. PASTILLA DE FRENO,60,0.9721592972042875,C,0.9677,1.5859,1.6388,Z,CZ
5DA193175-501,BOBINA ENCENDIDO,60,0.9722776927084156,C,0.9677,1.1773,1.2166,Z,CZ
XI-65,FILTRO GASOLINA,60,0.9723960882125436,C,0.9677,1.4698,1.5188,Z,CZ
DKR4837,BOMBA GASOLINA SUMERGIBLE,60,0.9725144837166717,C,0.9677,2.2141,2.2879,Z,CZ
USNS-2488,"CHAQUETA DE BANCADA AMAROK TSI 2010---2015, TIGUAN (5N_) TFSI 2007---2018, GOLF VI (5K1) 2009---2012, JETTA CLASICO VI 2...",60,0.9726328792207998,C,0.9677,1.5342,1.5853,Z,CZ
FL31110-1W000,MODULO GASOLINA SUMERGIBLE,60,0.9727512747249277,C,0.9677,1.8489,1.9105,Z,CZ
FL300E2258,BOMBA GASOLINA SUMERGIBLE,60,0.9728696702290558,C,0.9677,1.7868,1.8463,Z,CZ
FL31110-1R000,MODULO GASOLINA SUMERGIBLE,59,0.9729860924747817,C,0.9516,3.2599,3.4256,Z,CZ
TR2521-TAL-0050,HORQUILLA 1RA Y 2DA ALTERNA,59,0.9731025147205077,C,0.9516,2.4589,2.5839,Z,CZ
AVM432,JGO. DE RUEDA LIBRE,59,0.9732189369662336,C,0.9516,1.971,2.0712,Z,CZ
PRTK135,KIT DISTRIBUCION,59,0.9733353592119596,C,0.9516,1.8788,1.9743,Z,CZ
KR96352648,BOMBA AGUA,59,0.9734517814576854,C,0.9516,4.5841,4.8172,Z,CZ
FLCOR,PREFILTRO,59,0.9735682037034114,C,0.9516,2.4259,2.5492,Z,CZ
1H4839462A,LEVANTAVIDRIO ELEC DER POST G V,59,0.9736846259491373,C,0.9516,1.9954,2.0968,Z,CZ
FL40CE7192,BOMBA GASOLINA SUMERGIBLE,59,0.9738010481948632,C,0.9516,1.7545,1.8437,Z,CZ
FL30CHN011,BOMBA GASOLINA SUMERGIBLE,59,0.9739174704405892,C,0.9516,2.7026,2.84,Z,CZ
EP20-1244,JUEGO DE CORREAS DENTADAS,58,0.9740319194279129,C,0.9355,1.3545,1.4479,Z,CZ
WT26906247,VALVULA IAC,58,0.9741463684152367,C,0.9355,1.6546,1.7687,Z,CZ
TRD7002,KIT DISTRIBUCION,58,0.9742608174025605,C,0.9355,2.4486,2.6175,Z,CZ
KR21310-2G011,BOMBA ACEITE,58,0.9743752663898843,C,0.9355,2.2638,2.4199,Z,CZ
SL21200-31U01,TERMOSTATO METÁLICO,58,0.9744897153772081,C,0.9355,1.5332,1.6389,Z,CZ
FLSF2,PREFILTRO,58,0.9746041643645319,C,0.9355,1.8217,1.9473,Z,CZ
8-98071423-0,FILTRO AIRE,58,0.9747186133518556,C,0.9355,1.3182,1.4092,Z,CZ
96425700,FILTRO AIRE CHEVROLET SPARK 10/ COB,58,0.9748330623391794,C,0.9355,1.8654,1.994,Z,CZ
WT059109417J,BALANCINES,58,0.9749475113265033,C,0.9355,1.635,1.7478,Z,CZ
WT2H0121253A,RADIADOR,58,0.975061960313827,C,0.9355,2.4748,2.6455,Z,CZ
WT6Q0121253AE,RADIADOR DE AGUA,58,0.9751764093011508,C,0.9355,1.7859,1.909,Z,CZ
WT8200493154,CAJA REGULADORA DE AGUA,57,0.9752888850300725,C,0.9194,2.7018,2.9388,Z,CZ
HP9961,JGO. PASTILLA DE FRENO,57,0.9754013607589941,C,0.9194,2.5355,2.758,Z,CZ
DR96471275,DISCO FRENO,57,0.9755138364879158,C,0.9194,3.6425,3.962,Z,CZ
HP5274,JGO. PASTILLA DE FRENO,57,0.9756263122168374,C,0.9194,1.8691,2.033,Z,CZ
PR76532,KIT DISTRIBUCION,57,0.9757387879457591,C,0.9194,3.5709,3.8842,Z,CZ
068103085A,RETEN EJE MOTOR ARBOL LEVAS CIGUENAL,57,0.9758512636746808,C,0.9194,1.9202,2.0886,Z,CZ
TRUD1086,JGO. PASTILLA DE FRENO,57,0.9759637394036024,C,0.9194,2.2382,2.4346,Z,CZ
TRUD799,JGO. PASTILLA DE FRENO,57,0.9760762151325241,C,0.9194,2.8415,3.0908,Z,CZ
FLG677-13-35ZA,MODULO GASOLINA SUMERGIBLE,57,0.9761886908614457,C,0.9194,1.843,2.0047,Z,CZ
TRUD2038S,JGO. PASTILLA DE FRENO,57,0.9763011665903674,C,0.9194,2.8921,3.1458,Z,CZ
KR95975940,BUJE SUSPENSION,57,0.976413642319289,C,0.9194,2.5482,2.7718,Z,CZ
MO1171-OEM-1972,DEPOSITO CANISTER,57,0.9765261180482107,C,0.9194,1.5272,1.6611,Z,CZ
5DA193175-971,BOMBA ENCENDIDO,57,0.9766385937771324,C,0.9194,2.5292,2.751,Z,CZ
EPPK06651,BOMBA DE AGUA + KIT CORREA DISTRIBUCIÓN,57,0.976751069506054,C,0.9194,1.4843,1.6145,Z,CZ
DP27301-2B010,BOBINA ENCENDIDO,56,0.9768615719765735,C,0.9032,2.4868,2.7532,Z,CZ
WT1J0129684CK,TUBO UNION ASPIRACION,56,0.976972074447093,C,0.9032,2.2049,2.4411,Z,CZ
FL42454CYH,BOMBA GASOLINA SUMERGIBLE,56,0.9770825769176125,C,0.9032,2.6622,2.9475,Z,CZ
FL7237M,MODULO GASOLINA SUMERGIBLE,56,0.977193079388132,C,0.9032,1.8202,2.0152,Z,CZ
EP20-1915,JUEGO DE CORREAS DENTADAS,56,0.9773035818586515,C,0.9032,2.1828,2.4167,Z,CZ
XI-15,FILTRO GASOLINA,56,0.9774140843291711,C,0.9032,1.6724,1.8516,Z,CZ
DKR-1-GREEN,REFRIGERANTE,56,0.9775245867996906,C,0.9032,1.3762,1.5236,Z,CZ
SL12380318,VALVULA CALECFACCION,55,0.977633116011808,C,0.8871,3.0906,3.4839,Z,CZ
EPP512,BOMBA DE AGUA,55,0.9777416452239254,C,0.8871,2.3767,2.6792,Z,CZ
EP20-1687,JUEGO DE CORREAS DENTADAS,55,0.9778501744360427,C,0.8871,2.0169,2.2736,Z,CZ
TH-4386,"FILTRO ACEITE SUZUKI GRAND VITARA SZ TODOS, SHINERAY X30-X30L, COROLLA /08, CAMRY, PRIUS SPORT 1.5CC HYBRID, RAV4 2.0CC ...",55,0.9779587036481602,C,0.8871,1.8413,2.0757,Z,CZ
FL60IZU160,BOMBA GASOLINA SUMERGIBLE,55,0.9780672328602775,C,0.8871,1.8501,2.0855,Z,CZ
FL13586776,BOMBA GASOLINA SUMERGIBLE,55,0.9781757620723949,C,0.8871,1.9683,2.2189,Z,CZ
FL77024-52122,MODULO GASOLINA SUMERGIBLE,54,0.9782823180261102,C,0.871,3.0133,3.4597,Z,CZ
NAK06040,KIT EMBRAGUE,54,0.9783888739798254,C,0.871,1.6799,1.9288,Z,CZ
EPPK05133,BOMBA DE AGUA + KIT CORREA DISTRIBUCIÓN,54,0.9784954299335407,C,0.871,1.3852,1.5904,Z,CZ
SL21711-JE40A,RESERVORIO,54,0.9786019858872559,C,0.871,1.7179,1.9724,Z,CZ
DK90529810,TEMPLADOR BANDA DISTRIBUCION,54,0.9787085418409711,C,0.871,2.7444,3.151,Z,CZ
16546-F4101,FILTRO  AIRE,54,0.9788150977946865,C,0.871,1.955,2.2446,Z,CZ
KIT006HP,JGO MICROFILTRO,54,0.9789216537484017,C,0.871,2.6304,3.0201,Z,CZ
WT256202G500,CAJA REGULADORA DE AGUA,54,0.9790282097021169,C,0.871,2.8708,3.2961,Z,CZ
FL5U0919051,MODULO GASOLINA SUMERGIBLE,54,0.9791347656558321,C,0.871,1.5707,1.8034,Z,CZ
FG-0101,FILTRO GASOLINA,53,0.9792393483511452,C,0.8548,2.1087,2.4668,Z,CZ
FL24546376,MODULO GASOLINA SUMERGIBLE,53,0.9793439310464584,C,0.8548,2.1616,2.5287,Z,CZ
TRUD862,JGO. PASTILLA DE FRENO,53,0.9794485137417716,C,0.8548,1.3301,1.556,Z,CZ
FIN31911-26000,FILTRO INTANK,53,0.9795530964370847,C,0.8548,1.8478,2.1616,Z,CZ
OES-13238,ACEITE MOBIL SUPER 1000 10W30 4X4 GALON,52,0.9796557058739956,C,0.8387,1.6283,1.9415,Z,CZ
ALHP-0630,SEPARADOR DE ACEITE PCV AMAROK,52,0.9797583153109066,C,0.8387,2.3224,2.769,Z,CZ
DR51712-FD200,DISCO FRENO,52,0.9798609247478176,C,0.8387,1.5678,1.8692,Z,CZ
SL12603830,TERMOSTATO METÁLICO,52,0.9799635341847286,C,0.8387,2.065,2.4621,Z,CZ
KR96314166,ELECTRO VENTILADOR,52,0.9800661436216396,C,0.8387,1.6578,1.9766,Z,CZ
3B0837187B,BOTON PUERTA GOLF IV,52,0.9801687530585506,C,0.8387,1.7245,2.0562,Z,CZ
FL2H09190KIT,KIT DE REPARACION AMAROK,52,0.9802713624954615,C,0.8387,1.5048,1.7941,Z,CZ
DR55211-65J00,DISCO FRENO,51,0.9803719986739704,C,0.8226,2.4726,3.0059,Z,CZ
WT1J0121087B,TOMA DE AGUA GOLF IV 2000--,51,0.9804726348524792,C,0.8226,2.1215,2.5791,Z,CZ
DK8973285120,TEMPLADOR BANDA DISTRIBUCION,51,0.980573271030988,C,0.8226,1.6707,2.031,Z,CZ
EP20-1758,JUEGO DE CORREAS DENTADAS,51,0.9806739072094969,C,0.8226,1.4202,1.7265,Z,CZ
KR27350-3X100,JUEGO CABLES DE BUJIA,51,0.9807745433880057,C,0.8226,1.7918,2.1782,Z,CZ
FL17040-JY10A,MODULO GASOLINA SUMERGIBLE,50,0.9808732063081125,C,0.8065,2.0622,2.5572,Z,CZ
8-97251943-0,FILTRO AIRE,50,0.9809718692282192,C,0.8065,1.7583,2.1803,Z,CZ
PRHYACCENT,REGULADOR PRESION GASOLINA,50,0.9810705321483258,C,0.8065,1.4902,1.8478,Z,CZ
FL40TATX60,BOMBA GASOLINA SUMERGIBLE,50,0.9811691950684326,C,0.8065,1.33,1.6492,Z,CZ
DKR-1-RED,REFRIGERANTE,50,0.9812678579885393,C,0.8065,2.5262,3.1325,Z,CZ
TRUD1050,JGO. PASTILLA DE FRENO        TICO SUZUKI ALTO DEL,50,0.9813665209086461,C,0.8065,1.7305,2.1459,Z,CZ
XI-07,FILTRO GASOLINA,50,0.9814651838287527,C,0.8065,2.8218,3.499,Z,CZ
TRD4079,KIT DISTRIBUCION,50,0.9815638467488594,C,0.8065,1.8823,2.3341,Z,CZ
FL31110-0W000,MODULO GASOLINA SUMERGIBLE,50,0.9816625096689662,C,0.8065,2.6017,3.2261,Z,CZ
06A919081D,TROMPO PRESION ACEITE GOLF IV,50,0.9817611725890729,C,0.8065,3.4117,4.2306,Z,CZ
TRUD1379,JGO. PASTILLA DE FRENO,50,0.9818598355091795,C,0.8065,1.5538,1.9267,Z,CZ
WT13049F4300,BASE TERMOSTATO,50,0.9819584984292863,C,0.8065,2.6017,3.2261,Z,CZ
KR95994977,BARRA ESTABILIZADORA,50,0.982057161349393,C,0.8065,2.2707,2.8157,Z,CZ
EP21-0618,JUEGO DE CADENA DE DISTRIBUCIÓN,50,0.9821558242694998,C,0.8065,2.3059,2.8594,Z,CZ
FL72022047R,MODULO GASOLINA SUMERGIBLE,50,0.9822544871896065,C,0.8065,2.5955,3.2184,Z,CZ
EP20-2070,JUEGO DE CORREAS DENTADAS,50,0.9823531501097131,C,0.8065,1.3179,1.6341,Z,CZ
FLAC4,PREFILTRO,49,0.9824498397714178,C,0.7903,2.2298,2.8214,Z,CZ
SL96180035,TUBO CALECFACCION,49,0.9825465294331224,C,0.7903,1.724,2.1814,Z,CZ
TRUD1676,JGO. PASTILLA DE FRENO,49,0.9826432190948269,C,0.7903,1.6957,2.1456,Z,CZ
EP20-1316,JUEGO DE CORREAS DENTADAS,49,0.9827399087565315,C,0.7903,1.9272,2.4385,Z,CZ
GM94535484,RETEN VALVULAS,49,0.9828365984182361,C,0.7903,1.4934,1.8896,Z,CZ
FL309051BH,BOMBA GASOLINA SUMERGIBLE,49,0.9829332880799406,C,0.7903,1.3457,1.7027,Z,CZ
FL30CHN021,BOMBA GASOLINA SUMERGIBLE,49,0.9830299777416452,C,0.7903,1.3336,1.6875,Z,CZ
1J0121086BG,MANGUERA DOBLE GOLFIV,48,0.9831246941449476,C,0.7742,2.4324,3.1419,Z,CZ
FL1J0919087J,MODULO GASOLINA SUMERGIBLE,48,0.9832194105482501,C,0.7742,2.5236,3.2596,Z,CZ
USNS-2426,"POLEA BANDA ALTERNADOR POLO, FOX 2003--2014, GOL 2009--->, JETTA 1998---2013, SAVEIRO 2009--->",48,0.9833141269515525,C,0.7742,2.6422,3.4129,Z,CZ
PRE417,SOKQUET,48,0.983408843354855,C,0.7742,2.2101,2.8547,Z,CZ
1J0819644,FILTRO CALEFACCION GOLF JETTA IV PC,48,0.9835035597581574,C,0.7742,2.3309,3.0107,Z,CZ
ETCK0028,KIT DISTRIBUCION,48,0.9835982761614599,C,0.7742,1.7998,2.3248,Z,CZ
03L103085,RETEN ARBOL LEVAS AMAROK,48,0.9836929925647624,C,0.7742,1.1698,1.511,Z,CZ
SL96182279,RESERVORIO,48,0.9837877089680648,C,0.7742,1.4527,1.8764,Z,CZ
TRUD1555,JGO. PASTILLA DE FRENO,48,0.9838824253713673,C,0.7742,1.8176,2.3478,Z,CZ
TRUDB140,JGO. PASTILLA DE FRENO,47,0.9839751685162675,C,0.7581,2.3396,3.0863,Z,CZ
SQ-592,SOCKET ELÉCTRICO,47,0.9840679116611678,C,0.7581,1.9066,2.5151,Z,CZ
HP9369,JGO. PASTILLA DE FRENO,47,0.9841606548060682,C,0.7581,1.6033,2.115,Z,CZ
SE4121-DNI-2425,RELAY TEMPO PARABRISAS POST,47,0.9842533979509684,C,0.7581,3.0516,4.0256,Z,CZ
TRUD428,JGO. PASTILLA DE FRENO,47,0.9843461410958688,C,0.7581,1.583,2.0883,Z,CZ
YKD-01-D,TRICETA,47,0.9844388842407691,C,0.7581,1.4445,1.9055,Z,CZ
WTSK121259,BASE TERMOSTATO,47,0.9845316273856695,C,0.7581,2.7515,3.6296,Z,CZ
377819371B,MANGUERA CALEFACCION ALIM CON FALLA GOL,47,0.9846243705305697,C,0.7581,1.4106,1.8608,Z,CZ
PRSU9146,SENSOR VELOCIDAD,47,0.98471711367547,C,0.7581,1.8896,2.4926,Z,CZ
SL96320215,TERMOSTATO METÁLICO,47,0.9848098568203704,C,0.7581,2.3941,3.1582,Z,CZ
DR8-98006259-0,DISCO FRENO,46,0.9849006267068685,C,0.7419,2.9179,3.9328,Z,CZ
TB047133062D,CUERPO ACELERACION,46,0.9849913965933667,C,0.7419,2.6696,3.5982,Z,CZ
KR96245309,GUARDAPOLVO,46,0.9850821664798649,C,0.7419,1.1769,1.5862,Z,CZ
WT0261211339,"TOMA DE AGUA METALICA 2 TOMAS, GOL 1.6-1.8 1995--2006, PARATI, SAVEIRO, SANTANA",46,0.985172936366363,C,0.7419,1.7314,2.3337,Z,CZ
FL30HY8050,BOMBA GASOLINA SUMERGIBLE,46,0.9852637062528612,C,0.7419,1.4584,1.9657,Z,CZ
FLE2266S,MODULO GASOLINA SUMERGIBLE,46,0.9853544761393594,C,0.7419,0.8218,1.1076,Z,CZ
GM96353035,RETEN VALVULAS,46,0.9854452460258576,C,0.7419,2.2571,3.0422,Z,CZ
PR76043,KIT DISTRIBUCION,46,0.9855360159123557,C,0.7419,2.3275,3.1371,Z,CZ
WT03L109145B,PROTECTOR DISTRIBUCION,46,0.9856267857988539,C,0.7419,1.3905,1.8741,Z,CZ
MA94587011,KIT BUJES SELECTOR MARCHAS,45,0.98571558242695,C,0.7258,1.7243,2.3757,Z,CZ
ALHP-2234,RADIADOR DE AGUA POLO 03 C A,45,0.985804379055046,C,0.7258,1.0499,1.4465,Z,CZ
FI-3R000,FILTRO INTANK,45,0.985893175683142,C,0.7258,2.0413,2.8124,Z,CZ
DR04943-0k050,KIT REPARACION FRENOS,45,0.9859819723112381,C,0.7258,2.1035,2.8982,Z,CZ
MO5971-AUT-1620,TAPA BATERIA,45,0.9860707689393341,C,0.7258,1.2465,1.7174,Z,CZ
036109611K,VALVULA ESCAPE POLO 1 4,45,0.9861595655674302,C,0.7258,1.7705,2.4393,Z,CZ
DK96352740,PIÑON GIGUEÑAL,45,0.9862483621955263,C,0.7258,1.2204,1.6814,Z,CZ
FL2H0919673A,SENSOR NIVEL GASOLINA,45,0.9863371588236223,C,0.7258,2.4768,3.4125,Z,CZ
WT03L109521A,PROPULSOR HIDRAULICO,45,0.9864259554517183,C,0.7258,1.6281,2.2431,Z,CZ
TRUD1847,JGO. PASTILLA DE FRENO,44,0.9865127788214122,C,0.7097,1.5594,2.1974,Z,CZ
ALHP-0382,TENSOR C POLEA B ALTERNADOR AMAROK,44,0.9865996021911061,C,0.7097,2.0112,2.8339,Z,CZ
FLMI1,PREFILTRO,44,0.9866864255608,C,0.7097,1.6693,2.3522,Z,CZ
FL01V31V33,BOMBA GASOLINA SUMERGIBLE CON UN PREFILTRO DE FLFILV33 Y EL PREFILTRO FLSF2,44,0.9867732489304939,C,0.7097,2.2532,3.175,Z,CZ
PR9024423,SENSOR OXIGENO,44,0.9868600723001879,C,0.7097,2.1582,3.041,Z,CZ
FL31110-1G000,MODULO GASOLINA SUMERGIBLE,44,0.9869468956698818,C,0.7097,3.7819,5.329,Z,CZ
TRUD1362,JGO. PASTILLA DE FRENO,44,0.9870337190395757,C,0.7097,1.1555,1.6281,Z,CZ
PRC1542,BOBINA ENCENDIDO,44,0.9871205424092696,C,0.7097,2.5041,3.5285,Z,CZ
KR96489856,GUARDAPOLVO,44,0.9872073657789635,C,0.7097,2.0665,2.9119,Z,CZ
PRACRE-01,VALVULA IAC,43,0.9872922158902553,C,0.6935,1.5196,2.1911,Z,CZ
ETCK0102,KIT DISTRIBUCION,43,0.9873770660015471,C,0.6935,1.4656,2.1132,Z,CZ
TRUD1039,JGO. PASTILLA DE FRENO,43,0.9874619161128388,C,0.6935,1.2127,1.7485,Z,CZ
GM25182606,BOMBA ACEITE,43,0.9875467662241306,C,0.6935,0.9261,1.3353,Z,CZ
1J0919379A,TERMOSENSOR EXTERIOR 2 POLOS GOLF IV,43,0.9876316163354224,C,0.6935,1.363,1.9652,Z,CZ
FL30ECO001,BOMBA GASOLINA SUMERGIBLE,43,0.9877164664467142,C,0.6935,2.7155,3.9153,Z,CZ
WT06A115611C,VARILLA MEDIR ACEITE,43,0.9878013165580058,C,0.6935,0.6372,0.9188,Y,CY
857407181,BUJE M S SANTANA,42,0.9878841934108955,C,0.6774,1.4786,2.1827,Z,CZ
6PV008496-701,PEDAL ACELERADOR,42,0.9879670702637852,C,0.6774,2.2127,3.2663,Z,CZ
FLCBT50,CONECTOR,42,0.9880499471166748,C,0.6774,1.776,2.6216,Z,CZ
ALHP-1031,DISCO DE FRENO POLO GOLF IV BR BD5602,42,0.9881328239695645,C,0.6774,1.2671,1.8705,Z,CZ
TH-3614,"FILTRO ACEITE CHEV. FORZA,STEEM,SWIFT,VITARA, JIMNY, VITARA 1.6CC 3P,  QQ3-QQ6, CUORE /02,  STRADA PICK-UP, GRATOUR IX, ...",42,0.9882157008224541,C,0.6774,1.2414,1.8326,Z,CZ
FLSP8,PREFILTRO,42,0.9882985776753438,C,0.6774,1.5003,2.2147,Z,CZ
TRUD541,JGO. PASTILLA DE FRENO,41,0.9883794812698312,C,0.6613,1.5857,2.3978,Z,CZ
WT03L121111AB,TERMOSTATO,41,0.9884603848643188,C,0.6613,1.2565,1.9001,Z,CZ
FG-0198,FILTRO GASOLINA,41,0.9885412884588063,C,0.6613,1.4585,2.2055,Z,CZ
DK030145299F,POLEA TENSORA,41,0.9886221920532937,C,0.6613,2.546,3.85,Z,CZ
DBF-016N,MANGUERA BOMBA GASOLINA SUMERGIBLE,41,0.9887030956477812,C,0.6613,2.1548,3.2585,Z,CZ
EP21-0411,JUEGO DE CADENA DE DISTRIBUCIÓN,41,0.9887839992422688,C,0.6613,1.5021,2.2714,Z,CZ
KR96536666,ELECTROVENTILADOR,41,0.9888649028367563,C,0.6613,1.1351,1.7165,Z,CZ
FL13592603,MODULO GASOLINA SUMERGIBLE,41,0.9889458064312437,C,0.6613,1.177,1.7798,Z,CZ
FLNJOY,PREFILTRO,40,0.9890247367673292,C,0.6452,2.5909,4.0159,Z,CZ
FL01V31FIL,FILTRO GASOLINA SUMERGIBLE,40,0.9891036671034146,C,0.6452,0.9349,1.4491,Z,CZ
DK030105263C,PIÑON CIGUEÑAL,40,0.9891825974394999,C,0.6452,1.7515,2.7148,Z,CZ
WT6Q0407182,BUJE MESA SUSPENSION PEQUENO,40,0.9892615277755853,C,0.6452,1.4039,2.176,Z,CZ
TR3591-OEM-0703,PALANCA SELECTOR CAMBIOS,40,0.9893404581116706,C,0.6452,1.7236,2.6716,Z,CZ
DR9127966,DISCO FRENO,40,0.989419388447756,C,0.6452,1.5037,2.3308,Z,CZ
TRUD2234,JGO. PASTILLA DE FRENO,40,0.9894983187838414,C,0.6452,2.2077,3.422,Z,CZ
FL6116768357,BOMBA GASOLINA SUMERGIBLE,40,0.9895772491199267,C,0.6452,1.9269,2.9866,Z,CZ
LOGIS,SERVICIO DE LOGISTICA,40,0.9896561794560121,C,0.6452,1.4821,2.2973,Z,CZ
ALHP-0439,SENSOR MAF AMAROK,40,0.9897351097920974,C,0.6452,1.7698,2.7432,Z,CZ
KR96192077,TROMPO RETRO,40,0.9898140401281829,C,0.6452,2.156,3.3418,Z,CZ
811412365,ANILLO ESPACIADOR SOPORTE AMORTIGUADOR,40,0.9898929704642683,C,0.6452,1.8148,2.8129,Z,CZ
FLE3614M,MODULO GASOLINA SUMERGIBLE,40,0.9899719008003536,C,0.6452,1.8931,2.9343,Z,CZ
SL4914054J00,DEPOSITO HIDRAULICO,40,0.990050831136439,C,0.6452,2.0248,3.1385,Z,CZ
FL26671330,SENSOR NIVEL GASOLINA SAIL MODERNO 1.5,40,0.9901297614725243,C,0.6452,1.546,2.3964,Z,CZ
TRUD552S,JGO. PASTILLA DE FRENO,40,0.9902086918086097,C,0.6452,1.5356,2.3801,Z,CZ
FLSZ2105,FILTRO GASOLINA SUMERGIBLE,40,0.9902876221446951,C,0.6452,1.3807,2.1401,Z,CZ
SLLF5015205A,TAPA RESERVORIO,39,0.9903645792223783,C,0.629,2.3017,3.6591,Z,CZ
KR96342284,JUEGO CABLES DE BUJIA,39,0.9904415363000616,C,0.629,2.2305,3.546,Z,CZ
FL30454BYH,BOMBA GASOLINA SUMERGIBLE,39,0.9905184933777448,C,0.629,0.9711,1.5438,Z,CZ
KR24810-2X700,TEMPLADOR BANDA DISTRIBUCION,39,0.9905954504554281,C,0.629,1.3823,2.1975,Z,CZ
WT07K121133E,TOMA DE AGUA,39,0.9906724075331113,C,0.629,1.4395,2.2884,Z,CZ
WT377905865,CONMUTADOR ENCENDIDO,39,0.9907493646107945,C,0.629,2.2806,3.6256,Z,CZ
OES-K30A-34-900-C,AMORTIGUADOR DELANTERO LH RIO 2001---2002,39,0.9908263216884777,C,0.629,1.0661,1.6948,Z,CZ
PRC377905105,BOBINA ENCENDIDO,38,0.9909013055077589,C,0.6129,1.6496,2.6914,Z,CZ
KR27501-33A00,JUEGO CABLES DE BUJIA,38,0.99097628932704,C,0.6129,2.1728,3.5451,Z,CZ
DR55311-61G00,DISCO FRENO,38,0.991051273146321,C,0.6129,2.0585,3.3585,Z,CZ
ALHP-2446,SOPORTE BASE MOTOR,38,0.9911262569656022,C,0.6129,1.3953,2.2766,Z,CZ
TRUD369,JGO. PASTILLA DE FRENO,38,0.9912012407848833,C,0.6129,2.0818,3.3967,Z,CZ
FS-4310,FILTRO GASOLINA,38,0.9912762246041643,C,0.6129,2.0585,3.3585,Z,CZ
FL70TUC007,BOMBA GASOLINA SUMERGIBLE,38,0.9913512084234455,C,0.6129,1.3242,2.1605,Z,CZ
FL15310-75F01,FILTRO GASOLINA,37,0.9914242189843244,C,0.5968,1.0845,1.8173,Z,CZ
DR43512-47020,DISCO FRENO,37,0.9914972295452034,C,0.5968,3.2352,5.4211,Z,CZ
OES-9EN0096,ENI I-SINT PROFESSIONAL 10W30 4EC 1GL,37,0.9915702401060824,C,0.5968,1.3375,2.2413,Z,CZ
TRUD1199,JGO. PASTILLA DE FRENO,37,0.9916432506669614,C,0.5968,1.5289,2.5619,Z,CZ
PRC9023781,BOBINA ENCENDIDO,37,0.9917162612278403,C,0.5968,1.1565,1.9379,Z,CZ
FL31110-1H000,MODULO GASOLINA SUMERGIBLE,37,0.9917892717887192,C,0.5968,1.4308,2.3975,Z,CZ
TRD2901,KIT DISTRIBUCION,37,0.9918622823495983,C,0.5968,1.2631,2.1166,Z,CZ
FL16117197076,MODULO GASOLINA SUMERGIBLE,37,0.9919352929104772,C,0.5968,1.4969,2.5083,Z,CZ
FL17040-VK01A,MODULO GASOLINA SUMERGIBLE,37,0.9920083034713562,C,0.5968,0.9062,1.5186,Z,CZ
FL17040-EM30A,MODULO GASOLINA SUMERGIBLE,36,0.992079340773833,C,0.5806,1.5192,2.6164,Z,CZ
DKOK93712730,TEMPLADOR BANDA DISTRIBUCION,36,0.9921503780763099,C,0.5806,1.1988,2.0645,Z,CZ
SL9627628980,BASE TERMOSTATO,36,0.9922214153787867,C,0.5806,1.4205,2.4463,Z,CZ
RD357407625,RULIMAN RUEDA,36,0.9922924526812635,C,0.5806,1.939,3.3393,Z,CZ
PRSE93744675,VALVULA IAC,36,0.9923634899837404,C,0.5806,1.1006,1.8954,Z,CZ
KR49506-17A10,GUARDAPOLVO,36,0.9924345272862172,C,0.5806,1.2643,2.1773,Z,CZ
OES-12576-MOBIL,ACEITE MOBIL SUPER 1000 20W50 LITRO,36,0.992505564588694,C,0.5806,1.4541,2.5043,Z,CZ
ENLA-1620,TAPA BATERIA GOL III,36,0.9925766018911708,C,0.5806,1.386,2.387,Z,CZ
WT3Q0955455,TAPA RESERVORIO PLUMAS,35,0.9926456659352455,C,0.5645,1.1162,1.9772,Z,CZ
FG-0105,FILTRO GASOLINA,35,0.9927147299793202,C,0.5645,1.7378,3.0784,Z,CZ
GM24109517,HORQUILLA EMBRAGUE,35,0.992783794023395,C,0.5645,1.889,3.3463,Z,CZ
DR04943-0K030,KIT REPARACION FRENOS,35,0.9928528580674697,C,0.5645,1.1997,2.1253,Z,CZ
191512131B,TOPE AMORTIGUADOR POST G V,35,0.9929219221115444,C,0.5645,0.775,1.3729,Z,CZ
USNS-2478,"BOBINA DE ENCENDIDO POLO INDU 2009--->, GOLF VI 2002---2012, TIGUAN LIMITED (5N_) 2008---2018, VENTO V 2010--->",35,0.9929909861556191,C,0.5645,1.8016,3.1914,Z,CZ
1N0271295-421,FARO NEBLINERO RH,34,0.9930580769412917,C,0.5484,1.1595,2.1144,Z,CZ
KR27301-04000,BOBINA DE ENCENDIDO,34,0.9931251677269641,C,0.5484,1.2531,2.285,Z,CZ
TRUD949,JGO. PASTILLA DE FRENO,34,0.9931922585126367,C,0.5484,1.3875,2.5301,Z,CZ
WT8V218K218AB,RESERVORIO,34,0.9932593492983093,C,0.5484,1.5521,2.8303,Z,CZ
377399541A,SOPORTE BASE C C GOL,34,0.9933264400839819,C,0.5484,3.2313,5.8923,Z,CZ
9029858,FILTRO AIRE CHEVROLET SAIL CAB,34,0.9933935308696544,C,0.5484,1.1595,2.1144,Z,CZ
WT037121144H,TOMA DE AGUA,34,0.993460621655327,C,0.5484,1.5206,2.7728,Z,CZ
AVM462,JGO. DE RUEDA LIBRE,33,0.9935257391825975,C,0.5323,1.1739,2.2055,Z,CZ
TRUD1338,JGO. PASTILLA DE FRENO,33,0.9935908567098679,C,0.5323,1.5629,2.9363,Z,CZ
NAK5612P,KIT EMBRAGUE,33,0.9936559742371383,C,0.5323,2.234,4.1973,Z,CZ
69826-2,MASCARILLA REJILLA VENTILACION GOL III NEGRA,33,0.9937210917644087,C,0.5323,2.1306,4.0029,Z,CZ
XI-46,FILTRO GASOLINA,33,0.9937862092916792,C,0.5323,1.3995,2.6294,Z,CZ
8TF358303631,BOMBA GASOLINA SUMERGIBLE,33,0.9938513268189496,C,0.5323,1.7294,3.2492,Z,CZ
KR96518977,BOMBA AGUA,33,0.9939164443462201,C,0.5323,0.8747,1.6434,Z,CZ
WT0279983851,SENSOR TPS,33,0.9939815618734904,C,0.5323,1.5421,2.8972,Z,CZ
WT037121619,TOMA DE AGUA,33,0.9940466794007609,C,0.5323,1.0583,1.9883,Z,CZ
TRUD227,JGO. PASTILLA DE FRENO,32,0.9941098236696292,C,0.5161,1.2919,2.5031,Z,CZ
WT1H0711173,KIT BUJES SELECTOR MARCHAS,32,0.9941729679384975,C,0.5161,1.9323,3.7437,Z,CZ
EP20-1647,JUEGO DE CORREAS DENTADAS,32,0.9942361122073657,C,0.5161,1.5106,2.9268,Z,CZ
ETCK5018,KIT DISTRIBUCION,32,0.9942992564762341,C,0.5161,1.0887,2.1093,Z,CZ
XI-48,FILTRO INTANK,32,0.9943624007451024,C,0.5161,1.4999,2.9061,Z,CZ
FL31110-2E000SM,MODULO GASOLINA SUMERGIBLE,32,0.9944255450139706,C,0.5161,1.9571,3.792,Z,CZ
FL8R0919051N,MODULO GASOLINA SUMERGIBLE,31,0.9944867160244368,C,0.5,0.8567,1.7133,Z,CZ
28113-G6000,FILTRO AIRE,31,0.994547887034903,C,0.5,2.0694,4.1387,Z,CZ
037253039D,JUNTA COLECTOR ESCAPE G V 2 0,31,0.9946090580453691,C,0.5,1.7483,3.4965,Z,CZ
TRD9002,KIT DISTRIBUCION,31,0.9946702290558354,C,0.5,1.4564,2.9127,Z,CZ
037121133C,BRIDA S A G V 83 92 PASSAT 95,31,0.9947314000663015,C,0.5,2.4346,4.8693,Z,CZ
TRUD438,JGO. PASTILLA DE FRENO,31,0.9947925710767677,C,0.5,1.353,2.706,Z,CZ
KR96352650,BOMBA AGUA,31,0.9948537420872338,C,0.5,1.4227,2.8455,Z,CZ
5DA006623-951,BOBINA ENCENDIDO,31,0.9949149130977,C,0.5,1.2411,2.4822,Z,CZ
FLLOG,PREFILTRO,30,0.994974110849764,C,0.4839,2.0615,4.2604,Z,CZ
FLAC9,PREFILTRO,30,0.995033308601828,C,0.4839,1.8293,3.7807,Z,CZ
DKR2004,BOMBA GASOLINA SUMERGIBLE,30,0.995092506353892,C,0.4839,1.2014,2.4828,Z,CZ
DKR-075-SK,JGO MOQUETA,30,0.9951517041059561,C,0.4839,1.4339,2.9635,Z,CZ
TRD4025,KIT DISTRIBUCION,30,0.9952109018580201,C,0.4839,0.8375,1.7308,Z,CZ
GM94535214,RULIMAN RUEDA,29,0.995268126351682,C,0.4677,1.1461,2.4502,Z,CZ
EP20-1254,JUEGO DE CORREAS DENTADAS,29,0.9953253508453439,C,0.4677,1.8899,4.0404,Z,CZ
WT7700869985,TUBO REFRIGERANTE RADIADOR,29,0.9953825753390058,C,0.4677,1.1601,2.4801,Z,CZ
FLST2,PRE FILTRO TOYOTA VIGO 2.7,29,0.9954397998326677,C,0.4677,2.1306,4.555,Z,CZ
ALHP-0432,EMPAQUE BASE ENFRIADOR AMAROK,29,0.9954970243263296,C,0.4677,1.6725,3.5757,Z,CZ
FL30028090,BOMBA GASOLINA SUMERGIBLE,29,0.9955542488199914,C,0.4677,1.3879,2.9673,Z,CZ
SLLF50-15-170C,TERMOSTATO PLÁSTICO,29,0.9956114733136534,C,0.4677,1.1875,2.5389,Z,CZ
DBF-025,MANGUERA BOMBA GASOLINA SUMERGIBLE,29,0.9956686978073153,C,0.4677,1.3995,2.9921,Z,CZ
FL1525Y4,MODULO GASOLINA SUMERGIBLE,28,0.995723949042575,C,0.4516,1.7008,3.7661,Z,CZ
WT028919501C,SENSOR TEMPERATURA,28,0.9957792002778347,C,0.4516,1.3281,2.9407,Z,CZ
1K4959857B,CONMUTADOR VENTANAS AMAROK Y BORA,28,0.9958344515130946,C,0.4516,1.1025,2.4411,Z,CZ
FL020E2487,BOMBA GASOLINA SUMERGIBLE,28,0.9958897027483543,C,0.4516,1.6625,3.6812,Z,CZ
1N0271289-411,FARO NEBLINERO LH,28,0.995944953983614,C,0.4516,1.4775,3.2717,Z,CZ
TRUDS1169,JGO. PASTILLA DE FRENO,28,0.9960002052188738,C,0.4516,1.3875,3.0723,Z,CZ
VW037906265,SENSOR OXIGENO,28,0.9960554564541336,C,0.4516,1.2005,2.6583,Z,CZ
FL77020-02181,MODULO GASOLINA SUMERGIBLE,28,0.9961107076893934,C,0.4516,1.117,2.4733,Z,CZ
KR95015324,BASE SUSPENSION,28,0.9961659589246531,C,0.4516,0.9618,2.1297,Z,CZ
FIN23300-0L010,FILTRO COMBUSTIBLE,28,0.9962212101599128,C,0.4516,0.8167,1.8084,Z,CZ
SP-1174,JGO. PASTILLA DE FRENO,28,0.9962764613951727,C,0.4516,1.2786,2.8311,Z,CZ
CR1931-OEM-2627,LETRAS EMBLEMA,28,0.9963317126304324,C,0.4516,1.3758,3.0464,Z,CZ
020141741B,VARILLA ACCIONAMIENTO C C G V TOPRAN,28,0.9963869638656921,C,0.4516,0.6881,1.5236,Z,CZ
SL96282726,TERMOSTATO PLÁSTICO,27,0.9964402418425498,C,0.4355,1.1162,2.5631,Z,CZ
SL25650-02501,TERMOSTATO PLÁSTICO,27,0.9964935198194074,C,0.4355,1.2263,2.816,Z,CZ
WT1K0959455N,ELECTROVENTILADOR,27,0.996546797796265,C,0.4355,1.2263,2.816,Z,CZ
FG-9096,FILTRO GASOLINA,27,0.9966000757731226,C,0.4355,1.1997,2.755,Z,CZ
TRUD172,JGO. PASTILLA DE FRENO,27,0.9966533537499803,C,0.4355,1.3152,3.0201,Z,CZ
ET0271-HJ-1570,CAUCHO BASE INF ESPIRAL POST,27,0.9967066317268379,C,0.4355,0.6123,1.4059,Z,CZ
ALHP-0576,BRIDA AGUA GOLF IV JETTA,27,0.9967599097036955,C,0.4355,1.3515,3.1034,Z,CZ
377598131,KIT TOPE GUARDAPOLVO POST SUSP GOL,26,0.996811214422151,C,0.4194,1.1151,2.6591,Z,CZ
FL60THA001,BOMBA GASOLINA SUMERGIBLE,26,0.9968625191406065,C,0.4194,0.7082,1.6888,Z,CZ
WT1H0121407A,RESERVORIO,25,0.9969118506006599,C,0.4032,1.8091,4.4866,Z,CZ
FL31110-B4000,MODULO GASOLINA SUMERGIBLE,25,0.9969611820607133,C,0.4032,1.2631,3.1325,Z,CZ
FL0580314361,MODULO GASOLINA SUMERGIBLE,25,0.9970105135207665,C,0.4032,1.1565,2.868,Z,CZ
FL31110-2S200,MODULO GASOLINA SUMERGIBLE,25,0.9970598449808199,C,0.4032,1.5705,3.8948,Z,CZ
TS028-GIN-1578,RETENEDOR DE TRANSMISION 020409374,25,0.9971091764408733,C,0.4032,2.0514,5.0876,Z,CZ
MO5971-OEM-2631,PERNOS CABEZOTE,25,0.9971585079009266,C,0.4032,0.7923,1.9649,Z,CZ
1J0711067L,CASQUILLO PALANCA C GOLF IV,25,0.99720783936098,C,0.4032,1.0543,2.6147,Z,CZ
SL96591467,RESERVORIO,25,0.9972571708210334,C,0.4032,0.9412,2.3341,Z,CZ
ALHP-0714,ELECTROVENTILADOR GOLF VENT SA,25,0.9973065022810867,C,0.4032,0.9062,2.2475,Z,CZ
TRUD350,JGO. PASTILLA DE FRENO,25,0.9973558337411401,C,0.4032,0.7717,1.9137,Z,CZ
SL93369686,VALVULA CALECFACCION,25,0.9974051652011934,C,0.4032,1.7082,4.2364,Z,CZ
WT050109309H,PROPULSOR HIDRAULICO,24,0.9974525234028446,C,0.3871,1.1689,3.0196,Z,CZ
FL70DAE170,BOMBA GASOLINA SUMERGIBLE,24,0.9974998816044959,C,0.3871,0.6805,1.7579,Z,CZ
95981206,FILTRO AIRE CABINA AVEO EMOTION 1.6 2007-2018,24,0.9975472398061471,C,0.3871,0.922,2.3819,Z,CZ
FL40JOY001,BOMBA GASOLINA SUMERGIBLE,23,0.9975926247493961,C,0.371,0.9373,2.5266,Z,CZ
FLPELK1335XA,MODULA GASOLINA SUMERGIBLE,23,0.9976380096926453,C,0.371,1.0509,2.8328,Z,CZ
USNS-0516,VALVULA CONTROL PRESION COMBUSTIBLE AMAROK 2009--->,23,0.9976833946358944,C,0.371,0.8657,2.3337,Z,CZ
ALHP-0566,BANDA DISTRIBUCION GJ PC 138 D,23,0.9977287795791434,C,0.371,1.3468,3.6306,Z,CZ
DR3460,DISCO FRENO,23,0.9977741645223925,C,0.371,1.1106,2.9937,Z,CZ
TH-1044,"FILTRO ACEITE CHEVROLET SAIL, SPARK GT, N200, N300",23,0.9978195494656417,C,0.371,0.8842,2.3834,Z,CZ
FG-5555,FILTRO GASOLINA SAIL 2016-->,23,0.9978649344088907,C,0.371,1.0038,2.7058,Z,CZ
PRTK120,KIT DISTRIBUCION,23,0.9979103193521398,C,0.371,0.701,1.8897,Z,CZ
PRTK368,KIT DISTRIBUCION,23,0.9979557042953889,C,0.371,1.0197,2.7488,Z,CZ
SL55593189,TAPA FILTRO ACEITE,22,0.9979991159802358,C,0.3548,1.4712,4.1461,Z,CZ
SL7701468746,RESERVORIO,22,0.9980425276650828,C,0.3548,1.4821,4.1769,Z,CZ
DKR-002-TY,JGO MOQUETA,22,0.9980859393499297,C,0.3548,0.8249,2.3249,Z,CZ
VW037129101H,VALVULA PCV,22,0.9981293510347767,C,0.3548,1.9435,5.4772,Z,CZ
KIT005HP,JGO MICROFILTRO,20,0.9981688162028194,C,0.3226,1.0438,3.2357,Z,CZ
ALHP-2441,CERRADURA DE DIRECCION,20,0.998208281370862,C,0.3226,1.3293,4.1207,Z,CZ
XI-88,FILTRO GASOLINA,20,0.9982477465389048,C,0.3226,1.3293,4.1207,Z,CZ
KR96353002,EMPAQUE TAPA VALVULA,20,0.9982872117069475,C,0.3226,0.9293,2.881,Z,CZ
AVM419,JGO. DE RUEDA LIBRE,20,0.9983266768749901,C,0.3226,0.8757,2.7148,Z,CZ
MO1691-OEM-2026,DEPURADOR FILTRO AIRE,20,0.9983661420430329,C,0.3226,1.2923,4.0062,Z,CZ
FLFJB-13-35X,MODULO GASOLINA SUMERGIBLE,19,0.9984036339526734,C,0.3065,0.8906,2.9062,Z,CZ
3054198113,TERMINAL BARRA DIR MEC GOL IZQUIERDA01 DRIVEWAY,19,0.9984411258623139,C,0.3065,0.8723,2.8465,Z,CZ
FL31110-2S100,MODULO GASOLINA SUMERGIBLE,19,0.9984786177719545,C,0.3065,0.977,3.188,Z,CZ
PRTPS474,SENSOR CKP,19,0.998516109681595,C,0.3065,1.0253,3.3457,Z,CZ
PRUNI12,ELECTRO VENTILADOR,19,0.9985536015912356,C,0.3065,0.5844,1.9071,Z,CZ
PR76584,KIT DISTRIBUCION,19,0.9985910935008762,C,0.3065,1.1157,3.6407,Z,CZ
EPPK05471,KIT DISTRIBUCION CON BOMBA AGUA,19,0.9986285854105167,C,0.3065,1.0563,3.4469,Z,CZ
DK377145299B,POLEA ACCESORIOS,18,0.9986641040617551,C,0.2903,1.1966,4.1216,Z,CZ
G601-13-Z40,FILTRO AIRE,18,0.9986996227129935,C,0.2903,0.7045,2.4267,Z,CZ
CR1921-UNI-1646,ELEVA VENTANA MANUAL DELA LH,18,0.9987351413642319,C,0.2903,0.7908,2.7239,Z,CZ
PR76142,KIT DISTRIBUCION,18,0.9987706600154703,C,0.2903,1.4523,5.0025,Z,CZ
WT3258812132,GUIA ASIENTO,18,0.9988061786667087,C,0.2903,1.3724,4.7271,Z,CZ
FL31120-H9000,MODULO GASOLINA SUMERGIBLE,18,0.9988416973179471,C,0.2903,0.7702,2.6527,Z,CZ
SL96407677,TERMOSTATO METÁLICO,17,0.9988752427107834,C,0.2742,1.0651,3.8846,Z,CZ
811407181A,BUJE M S GOL,17,0.9989087881036197,C,0.2742,0.6518,2.3771,Z,CZ
23390-0L010,FILTRO DE GASOLINA DMAX TOYOTA VIGO,17,0.998942333496456,C,0.2742,0.5133,1.8722,Z,CZ
TRD6001,KIT DISTRIBUCION,17,0.9989758788892923,C,0.2742,0.9011,3.2862,Z,CZ
HP8529,JGO. PASTILLA DE FRENO,17,0.9990094242821286,C,0.2742,0.9011,3.2862,Z,CZ
06C103485N,TAPA DE ACEITE AMAROK,17,0.9990429696749649,C,0.2742,0.7656,2.7921,Z,CZ
FL42454008,BOMBA GASOLINA SUMERGIBLE,17,0.9990765150678012,C,0.2742,0.9188,3.3509,Z,CZ
PRACD5184,VALVULA IAC,16,0.9991080872022353,C,0.2581,0.7816,3.0285,Z,CZ
GM9071745,SELECTOR MARCHAS,16,0.9991396593366695,C,0.2581,0.9827,3.8079,Z,CZ
305407175.2,PLACA FIJACION ROTULA GOL,16,0.9991712314711036,C,0.2581,0.5059,1.9605,Z,CZ
0K74R-23-603,FILTRO AIRE,15,0.9992008303471356,C,0.2419,0.8554,3.5358,Z,CZ
TRUD378,JGO. PASTILLA DE FRENO,15,0.9992304292231676,C,0.2419,0.5871,2.4267,Z,CZ
EP20-1762,JUEGO DE CORREAS DENTADAS,15,0.9992600280991997,C,0.2419,0.7336,3.0324,Z,CZ
058109601C,VALVULA ADMISION GOLF 1 8 TURBO,15,0.9992896269752317,C,0.2419,1.0424,4.3086,Z,CZ
WT040121155H,CAJA TERMOSTATICA VIRTUS,15,0.9993192258512636,C,0.2419,1.1026,4.5573,Z,CZ
8DB355008-591,JGO. PASTILLA DE FRENO,15,0.9993488247272957,C,0.2419,0.6644,2.7463,Z,CZ
377412375,CAPERUZA,14,0.9993764503449256,C,0.2258,0.6579,2.9137,Z,CZ
ECO-1-LBPACK,GRASA AZUL,13,0.9994021027041533,C,0.2097,0.9356,4.4622,Z,CZ
EP20-1309,KIT DISTRIBUCION,12,0.9994257818049789,C,0.1935,0.6681,3.4521,Z,CZ
DKR1068,BOMBA GASOLINA SUMERGIBLE,12,0.9994494609058046,C,0.1935,0.534,2.7588,Z,CZ
FL96447642,MODULO GASOLINA SUMERGIBLE,12,0.9994731400066301,C,0.1935,0.9476,4.8961,Z,CZ
ETCK2057,KIT DISTRIBUCION,11,0.9994948458490536,C,0.1774,0.5827,3.2841,Z,CZ
6ZF003272-011,TROMPO RETRO,11,0.9995165516914771,C,0.1774,0.5543,3.1242,Z,CZ
KRGNR-D012B,REGULADOR ALTERNADOR,11,0.9995382575339006,C,0.1774,0.6097,3.4366,Z,CZ
16546-1HK0J,FILTRO AIRE,11,0.999559963376324,C,0.1774,0.8894,5.0132,Z,CZ
FLMF003KIT,JGO MICROFILTRO,11,0.9995816692187476,C,0.1774,0.925,5.2136,Z,CZ
WT7701470460,RESERVORIO,11,0.999603375061171,C,0.1774,0.5827,3.2841,Z,CZ
WT06A121132,"TOMA DE AGUA GOLF IV, POLO CLASSIC 2000---",11,0.9996250809035945,C,0.1774,0.6097,3.4366,Z,CZ
KR22441-26801,EMPAQUE TAPA VALVULA,11,0.9996467867460179,C,0.1774,0.7077,3.9886,Z,CZ
DR7700780892,DISCO FRENO,10,0.9996665193300394,C,0.1613,0.6009,3.7256,Z,CZ
XI-45,FILTRO GASOLINA,10,0.9996862519140607,C,0.1613,0.6009,3.7256,Z,CZ
HP9188,JGO. PASTILLA DE FRENO,10,0.999705984498082,C,0.1613,0.5141,3.1875,Z,CZ
PRTPS452,SENSOR TPS,10,0.9997257170821033,C,0.1613,0.4817,2.9866,Z,CZ
TRUD1169,JGO. PASTILLA DE FRENO,10,0.9997454496661247,C,0.1613,0.8461,5.246,Z,CZ
PR76530,KIT DISTRIBUCION,10,0.999765182250146,C,0.1613,0.447,2.7713,Z,CZ
USNS-0659,"EMISOR IMPULSOS CIGUENAL CKP JETTA 2.5 2010 --->, BORA V 2006---2010, NEW BEETLE 2005---2010",9,0.9997829415757652,C,0.1452,0.5915,4.0749,Z,CZ
1H0422371D,DEPOSITO ACEITE HIDRAULICO G V,8,0.9997987276429823,C,0.129,0.4206,3.2596,Z,CZ
KIT007HP,JGO MICROFILTRO,8,0.9998145137101994,C,0.129,0.6835,5.2974,Z,CZ
FLFIL5PK,FILTRO GASOLINA SUMERGIBLE,8,0.9998302997774164,C,0.129,0.5231,4.0543,Z,CZ
FL40GSS342,BOMBA GASOLINA SUMERGIBLE,7,0.9998441125862314,C,0.1129,0.3165,2.8031,Z,CZ
PRAC167,VALVULA IAC,7,0.9998579253950464,C,0.1129,0.4058,3.5942,Z,CZ
020945415/A,TROMPO DE RETRO G V,7,0.9998717382038613,C,0.1129,0.4438,3.9305,Z,CZ
FL3C0919051AJ,MODULO GASOLINA SUMERGIBLE,6,0.999883577754274,C,0.0968,0.2957,3.0551,Z,CZ
WT06B115611C,VARILLA MEDIR ACEITE,6,0.9998954173046869,C,0.0968,0.3898,4.0277,Z,CZ
GM96518397,CARTER,6,0.9999072568550997,C,0.0968,0.3459,3.5746,Z,CZ
GM9071524,HORQUILLA EMBRAGUE,5,0.9999171231471103,C,0.0806,0.5174,6.4156,Z,CZ
WT048103772C,RESPIRADERO MOTOR,5,0.9999269894391211,C,0.0806,0.2723,3.3764,Z,CZ
SL26693016,RESERVORIO,5,0.9999368557311317,C,0.0806,0.4134,5.1264,Z,CZ
DK244102X700,TEMPLADOR BANDA DISTRIBUCION,4,0.9999447487647403,C,0.0645,0.3043,4.717,Z,CZ
1H0253147B,CAUCHO SOPORTE ESCAPE G V,4,0.9999526417983488,C,0.0645,0.3534,5.4772,Z,CZ
6PU009106-071,SENSOR ABS DELANTERO RH,4,0.9999605348319573,C,0.0645,0.3964,6.1441,Z,CZ
ALHP-0712,SOPORTA LAT GUARDACHOQUES G V,4,0.9999684278655658,C,0.0645,0.2457,3.8079,Z,CZ
KR22224-38010,RETEN VALVULAS,4,0.9999763208991744,C,0.0645,0.3964,6.1441,Z,CZ
EPP891,BOMBA AGUA,4,0.9999842139327829,C,0.0645,0.2457,3.8079,Z,CZ
5K0498621,CUBO RUEDA DEL GOLF IV 18 BORA,2,0.9999881604495872,C,0.0323,0.1767,5.4772,Z,CZ
WT06H109210AG,PROTECTOR DISTRIBUCION,2,0.9999921069663915,C,0.0323,0.2519,7.8102,Z,CZ
823253147A,CAUCHO SILENCIADOR ESCAPE,2,0.9999960534831958,C,0.0323,0.1767,5.4772,Z,CZ
SL96352644,TUBO CALECFACCION,1,0.9999980267415979,C,0.0161,0.126,7.8102,Z,CZ
CR5971-CEN-1635,CAPOT,1,1.0,C,0.0161,0.126,7.8102,Z,CZ
