REFERENCIA,DESCRIPCIÓN,N_PERIODS,NON_ZERO_PERIODS,PCT_NON_ZERO,ADI,CV2,DEMAND_TYPE
698286,MASCARILLA REJILLA VENTILACION URANIO,62,40,0.6452,1.55,0.876,Lumpy
760655,LETRA EMBLEMA SAVEIRO,62,26,0.4194,2.3846,1.7539,Lumpy
1784527,ANTENA TECHO,62,26,0.4194,2.3846,2.3115,Lumpy
9029858,FILTRO AIRE CHEVROLET SAIL CAB,62,16,0.2581,3.875,4.4706,Lumpy
13272719,FILTRO AIRE,62,35,0.5645,1.7714,1.0663,Lumpy
24103565,FILTRO ACEITE SAIL 2012 2017 1.4 N200 N300 M18X1.5,62,18,0.2903,3.4444,4.0044,Lumpy
26109675,SELLOS DE VALVULAS MOTOR 1 8,62,25,0.4032,2.48,3.6488,Lumpy
90799322,FILTRO AIRE,62,47,0.7581,1.3191,0.5487,Erratic
95981206,FILTRO AIRE CABINA AVEO EMOTION 1.6 2007-2018,62,13,0.2097,4.7692,5.6736,Lumpy
96386780,INYECTOR COMBUSTIBLE,62,26,0.4194,2.3846,2.2673,Lumpy
96425700,FILTRO AIRE CHEVROLET SPARK 10/ COB,62,17,0.2742,3.6471,3.9762,Lumpy
96536696,FILTRO AIRE,62,23,0.371,2.6957,2.4814,Lumpy
96539649,FILTRO AIRE CABINA AVEO FAMILY CHEVITAXI,62,25,0.4032,2.48,2.1558,Lumpy
96553450,FILTRO AIRE,62,8,0.129,7.75,12.2439,Lumpy
96827723,FILTRO AIRE,62,35,0.5645,1.7714,0.9777,Lumpy
113711333,BOTON PALANCA FRENO GOL,62,21,0.3387,2.9524,2.7854,Lumpy
131411811,BRIDA RULIMAN EMBRAGUE GOL,62,27,0.4355,2.2963,1.887,Lumpy
191411329,COJIN PERNO B E G V,62,46,0.7419,1.3478,0.4976,Lumpy
191955531,RELAY PLUMAS,62,32,0.5161,1.9375,1.5135,Lumpy
357412135,KIT TOPE GUARDAPOLVO DEL SUSP G V,62,18,0.2903,3.4444,3.5911,Lumpy
373868403,MANIJA INT IZQ PLASTICA GOL 98,62,23,0.371,2.6957,3.0109,Lumpy
373868404,MANIJA INT DER PLASTICA GOL 98,62,19,0.3065,3.2632,2.8952,Lumpy
377121275,COJIN SUP RADIADOR AGUA GOL,62,17,0.2742,3.6471,3.4433,Lumpy
377199339,COJIN AMORTIG VIBRACION MOTOR GOL,62,41,0.6613,1.5122,1.7543,Lumpy
377399113,SOPORTE DEL GOL 97,62,31,0.5,2.0,1.4782,Lumpy
377412375,CAPERUZA,62,8,0.129,7.75,8.4898,Lumpy
377598131,KIT TOPE GUARDAPOLVO POST SUSP GOL,62,11,0.1774,5.6364,7.071,Lumpy
377601165,EMBLEMA ARO R15,62,26,0.4194,2.3846,2.5852,Lumpy
377857043,MOLDURA PORTA REJILLA IZQ GOL 00,62,15,0.2419,4.1333,5.2909,Lumpy
377906383,RELAY B COMBUSTIBLE GOL 97,62,14,0.2258,4.4286,6.9793,Lumpy
377953516,KIT COBERTURA COL DIRECCION GOL 95,62,21,0.3387,2.9524,3.5638,Lumpy
811412365,ANILLO ESPACIADOR SOPORTE AMORTIGUADOR,62,12,0.1935,5.1667,7.9125,Lumpy
811711593,KIT BUJES P CAMBIOS GOL,62,41,0.6613,1.5122,0.8951,Lumpy
857407181,BUJE M S SANTANA,62,20,0.3226,3.1,4.7642,Lumpy
3054198113,TERMINAL BARRA DIR MEC GOL IZQUIERDA01 DRIVEWAY,62,9,0.1452,6.8889,8.1025,Lumpy
3259112614,RELAY B COMBUSTIBLE GOL 95 VERDE,62,26,0.4194,2.3846,2.6097,Lumpy
14311561111,HORQUILLA 1RA Y 2DA ALTERNA,62,39,0.629,1.5897,0.7332,Lumpy
7865217374831,REFRIGERADORA 16 370LT IND TOP,62,38,0.6129,1.6316,0.8267,Lumpy
7865217388258,SERVICIOS LOGISTICOS,62,27,0.4355,2.2963,1.5537,Lumpy
7865217414384,MODULOS DE GALPON 2,62,26,0.4194,2.3846,5.9392,Lumpy
7865217471462,MODULOS DE GALPON 1,62,20,0.3226,3.1,4.0498,Lumpy
013311269.1,ANILLO SINCRONIZADO 1 Y 2 GOL,62,31,0.5,2.0,1.3159,Lumpy
014301467.2,TAPA C C GOL HASTA 2008,62,32,0.5161,1.9375,1.7409,Lumpy
014311313,CHAVETA CC GOL 1234,62,27,0.4355,2.2963,2.2581,Lumpy
014941521.1,TROMPO DE RETRO GOL 95,62,35,0.5645,1.7714,1.0671,Lumpy
020141741B,VARILLA ACCIONAMIENTO C C G V TOPRAN,62,21,0.3387,2.9524,2.3214,Lumpy
020301227D,ANILLO HERMETICO ARBOL CC GV,62,29,0.4677,2.1379,2.114,Lumpy
020311113B,RETEN ACEITE MOTRIZ C C G V 2 0,62,17,0.2742,3.6471,4.1305,Lumpy
020409289B,TAPON CAJA CAMBIOS GOLF,62,24,0.3871,2.5833,2.1121,Lumpy
020945415/A,TROMPO DE RETRO G V,62,5,0.0806,12.4,15.449,Lumpy
026109107B,PROTECTOR SUP B D G V 1 8,62,31,0.5,2.0,1.2648,Lumpy
026121041P,EMPAQUE BOMBA DE AGUA,62,11,0.1774,5.6364,8.54,Lumpy
026121053G,MANGUERA AGUA GOL,62,15,0.2419,4.1333,4.4371,Lumpy
026121121A,BRIDA TUBULADURA GOL,62,24,0.3871,2.5833,4.4086,Lumpy
028103500,CAUCHO DESFOGUE T V,62,15,0.2419,4.1333,4.4778,Lumpy
030145299F,POLEA TENSOR B ALT POLO 1 6 BR S A,62,16,0.2581,3.875,5.5368,Lumpy
032105401AH,BRAZO DE BIELA POLO 1 6 BR,62,15,0.2419,4.1333,7.6052,Lumpy
032129620B,FILTRO DE AIRE,62,27,0.4355,2.2963,1.9449,Lumpy
036103383AM,EMPAQUE CABEZOTE POLO 1 4,62,14,0.2258,4.4286,4.1439,Lumpy
036103464G,RESPIRADERO ACEITE POLO 1 6,62,25,0.4032,2.48,2.4836,Lumpy
036109601AD,VALVULA ADMISION POLO 1 4,62,27,0.4355,2.2963,1.5594,Lumpy
036109611K,VALVULA ESCAPE POLO 1 4,62,11,0.1774,5.6364,5.9501,Lumpy
036109675C,SELLOS DE VALVULAS POLO 6MM,62,21,0.3387,2.9524,3.0036,Lumpy
037121065K,CANERIA DE AGUA 18 GOLF,62,23,0.371,2.6957,3.0645,Lumpy
037121065L,CANERIA DE AGUA GOLF VENTO,62,30,0.4839,2.0667,1.4326,Lumpy
037121121A,BRIDA TUBULADORA G V,62,23,0.371,2.6957,2.8737,Lumpy
037121133C,BRIDA S A G V 83 92 PASSAT 95,62,4,0.0645,15.5,23.7097,Lumpy
037145271E,BANDA DIRECCION HIDRAULICA SIN AIRE GOLF VENTO,62,27,0.4355,2.2963,1.8625,Lumpy
037253039D,JUNTA COLECTOR ESCAPE G V 2 0,62,6,0.0968,10.3333,12.2258,Lumpy
03L103085,RETEN ARBOL LEVAS AMAROK,62,28,0.4516,2.2143,2.283,Lumpy
03L115264A,BANDA BOMBA DE ACEITE AMAROK,62,28,0.4516,2.2143,1.5845,Lumpy
03L145100E,BOMBA VACIO SISTEMA FRENO AMAROK,62,14,0.2258,4.4286,8.5821,Lumpy
03L903137R,BANDA ALTERNADOR CRAFTER 6PK 1613,62,31,0.5,2.0,1.2827,Lumpy
04,TRANSPORTE QUITO,62,33,0.5323,1.8788,2.9747,Lumpy
048129717D,JUNTA COLECTOR ADMISION G V 1 8 ALEMAN,62,17,0.2742,3.6471,4.9725,Lumpy
056919081C,TROMPO PRESION ACEITE BAJA G VCAFE,62,28,0.4516,2.2143,1.5404,Lumpy
056919081E,TROMPO PRESION ACEITE ALTA G V BLANCO,62,18,0.2903,3.4444,7.3745,Lumpy
058109601C,VALVULA ADMISION GOLF 1 8 TURBO,62,5,0.0806,12.4,18.5644,Lumpy
058109611E,VALVULA ESCAPE GOLF IV 1 8 TURBO,62,35,0.5645,1.7714,0.9725,Lumpy
068103085A,RETEN EJE MOTOR ARBOL LEVAS CIGUENAL,62,20,0.3226,3.1,4.3623,Lumpy
068117021B,RADIADOR DE ACEITE,62,23,0.371,2.6957,2.3238,Lumpy
06A103663B,TUBO ALOJAMIENTO V ACEITE AKL AGU,62,20,0.3226,3.1,3.6792,Lumpy
06A121011H,BOMBA DE AGUA GOLFIV JETTA 20,62,21,0.3387,2.9524,2.4913,Lumpy
06A133398F,JUNTA TUBULADORA ASPIRACION,62,14,0.2258,4.4286,4.5693,Lumpy
06A198012A,JGO EMPAQUES MOTOR GOLF IV 1 8 TURBO,62,25,0.4032,2.48,1.8018,Lumpy
06A919081D,TROMPO PRESION ACEITE GOLF IV,62,5,0.0806,12.4,17.8976,Lumpy
06C103485N,TAPA DE ACEITE AMAROK,62,11,0.1774,5.6364,7.7958,Lumpy
085141165H,RULIMAN EMBRAGUE POLO 1 4,62,42,0.6774,1.4762,0.7745,Lumpy
0K74R-23-603,FILTRO AIRE,62,6,0.0968,10.3333,12.5022,Lumpy
1109101-K08-A1,FILTRO AIRE,62,23,0.371,2.6957,2.4164,Lumpy
1109101-k80,FILTRO AIRE,62,12,0.1935,5.1667,6.4344,Lumpy
13780-58B00,FILTRO AIRE,62,28,0.4516,2.2143,2.587,Lumpy
13780-62B00,FILTRO AIRE,62,17,0.2742,3.6471,3.061,Lumpy
13780-65J00,FILTRO AIRE,62,20,0.3226,3.1,4.1209,Lumpy
13780-77E00,FILTRO AIRE,62,25,0.4032,2.48,1.8843,Lumpy
13780-78K00,FILTRO AIRE,62,22,0.3548,2.8182,7.6091,Lumpy
1500A098,FILTRO AIRE,62,28,0.4516,2.2143,1.6986,Lumpy
16546-1HK0J,FILTRO AIRE,62,3,0.0484,20.6667,25.1322,Lumpy
16546-86G00,FILTRO AIRE,62,26,0.4194,2.3846,3.9028,Lumpy
16546-ED000,FILTRO AIRE,62,16,0.2581,3.875,4.6282,Lumpy
16546-F4101,FILTRO  AIRE,62,20,0.3226,3.1,5.0384,Lumpy
17720-3640,FILTRO AIRE,62,21,0.3387,2.9524,2.7758,Lumpy
17801-2460,FILTRO AIRE,62,38,0.6129,1.6316,0.7939,Lumpy
17801-3380,FILTRO AIRE,62,26,0.4194,2.3846,1.628,Lumpy
17801-3390,FILTRO AIRE,62,18,0.2903,3.4444,3.6306,Lumpy
17801-38051,FILTRO AIRE,62,41,0.6613,1.5122,0.8253,Lumpy
17801-78020,FILTRO AIRE,62,19,0.3065,3.2632,3.2301,Lumpy
17801-78110,FILTRO AIRE,62,25,0.4032,2.48,2.4923,Lumpy
191512131B,TOPE AMORTIGUADOR POST G V,62,25,0.4032,2.48,1.8849,Lumpy
191711208A,CASQUILLO VARILLA MANDO,62,15,0.2419,4.1333,5.11,Lumpy
191953227A,RELAY DIRECCIONALES,62,18,0.2903,3.4444,3.2198,Lumpy
1C0945511A,INTERRUPTOR LUZ FRENO GLFIV POLO JETTA,62,27,0.4355,2.2963,2.5304,Lumpy
1H0253147B,CAUCHO SOPORTE ESCAPE G V,62,2,0.0323,31.0,30.0,Lumpy
1H0422371D,DEPOSITO ACEITE HIDRAULICO G V,62,6,0.0968,10.3333,10.625,Lumpy
1H0422884,RECEPTOR GOMA DIRECCION G V,62,31,0.5,2.0,2.5961,Lumpy
1H0698151F,JGO PASTILLAS G V 95 96 FRASLEE PD328,62,20,0.3226,3.1,4.2672,Lumpy
1H0711595,VARILLA SELECT MEC P C FRONTAL G V HUESO,62,28,0.4516,2.2143,1.996,Lumpy
1H0819373,MANGUERA ENTRADA AGUA A A G V 2 0,62,22,0.3548,2.8182,2.2967,Lumpy
1H0819373C,MANGUERA RETORNO AGUA A A G V,62,16,0.2581,3.875,5.584,Lumpy
1H0959481B,TERMOSWICHT G V PC ALEMAN,62,32,0.5161,1.9375,1.225,Lumpy
1H0959565,CONMUTADOR ESPEJO ELECTRICO G V,62,27,0.4355,2.2963,1.7889,Lumpy
1H1721335A,CABLE EMBRAGUE G V AUTOMATICO,62,31,0.5,2.0,5.1931,Lumpy
1H4839461A,LEVANTAVIDRIO ELECT POST IZQ G V,62,33,0.5323,1.8788,1.1041,Lumpy
1H4839462A,LEVANTAVIDRIO ELEC DER POST G V,62,23,0.371,2.6957,4.3967,Lumpy
1H685714701C,MANIJA GUANTERA G V,62,30,0.4839,2.0667,1.599,Lumpy
1HM121101JAHU,MANGUERA PULPO GV 2 0,62,25,0.4032,2.48,3.5467,Lumpy
1J0121086BG,MANGUERA DOBLE GOLFIV,62,9,0.1452,6.8889,9.8715,Lumpy
1J0122291,ACOPLE RADIADOR SUP AGUA GOLFIV,62,20,0.3226,3.1,3.4137,Lumpy
1J0253115J,JUNTA TUBO ESCAPE GOLF IV APK,62,40,0.6452,1.55,0.8871,Lumpy
1J0698123DS,KIT REPARO MORDAZA DEL,62,36,0.5806,1.7222,0.8877,Lumpy
1J0711067L,CASQUILLO PALANCA C GOLF IV,62,9,0.1452,6.8889,6.8368,Lumpy
1J0721174C,CAUCHO PEDAL EMBRAGUE,62,26,0.4194,2.3846,3.0495,Lumpy
1J0819644,FILTRO CALEFACCION GOLF JETTA IV PC,62,11,0.1774,5.6364,9.0642,Lumpy
1J0823593C,VARILLA CAPOT GOLF IV,62,31,0.5,2.0,1.796,Lumpy
1J0919379A,TERMOSENSOR EXTERIOR 2 POLOS GOLF IV,62,15,0.2419,4.1333,3.8621,Lumpy
1J0927183,TROMPO PEDAL EMBRAGUE GOLF 01,62,18,0.2903,3.4444,5.2951,Lumpy
1J0945511A,INTERRUPTOR LUZ DE FRENO,62,27,0.4355,2.2963,1.8737,Lumpy
1J4837461H,LEVANTAVIDRIO ELECTR DEL LH CON BASE,62,41,0.6613,1.5122,0.7573,Lumpy
1J4837462F,LEVANTAVIDRIO ELECT DER,62,32,0.5161,1.9375,1.1489,Lumpy
1J4837462H,LEVANTAVIDRIO ELECT DEL DER CON BASE,62,25,0.4032,2.48,1.8244,Lumpy
1J6955707A,BRAZO LIMPIAPARABRISAS PLUMA POSTERIOR,62,18,0.2903,3.4444,3.7656,Lumpy
1K0122291R,ACOPLE REFRIGERANTE AGUA BORA,62,32,0.5161,1.9375,1.208,Lumpy
1K0721261R,CILINDRO RECEPTOR EMBRAGUE JETTA 25,62,23,0.371,2.6957,4.8872,Lumpy
1K4959857B,CONMUTADOR VENTANAS AMAROK Y BORA,62,16,0.2581,3.875,5.9592,Lumpy
1K5955651,BOMBA LAVAPARABRISAS BORA,62,11,0.1774,5.6364,8.9641,Lumpy
1N0271289-411,FARO NEBLINERO LH,62,8,0.129,7.75,10.7041,Lumpy
1N0271295-421,FARO NEBLINERO RH,62,15,0.2419,4.1333,4.4706,Lumpy
1ND012755-111,FARO NEBLINERO LH,62,28,0.4516,2.2143,1.5603,Lumpy
1ND012755-121,FARO NEBLINERO RH,62,24,0.3871,2.5833,2.5484,Lumpy
1WA013Z40,FILTRO AIRE,62,14,0.2258,4.4286,8.4488,Lumpy
23304-EV290,FILTRO DE GASOLINA HINO,62,37,0.5968,1.6757,0.8458,Lumpy
23390-0L010,FILTRO DE GASOLINA DMAX TOYOTA VIGO,62,15,0.2419,4.1333,3.5052,Lumpy
28113-08000,FILTRO AIRE,62,28,0.4516,2.2143,3.6086,Lumpy
28113-1G000,FILTRO AIRE,62,20,0.3226,3.1,3.7957,Lumpy
28113-1R100,FILTRO AIRE,62,33,0.5323,1.8788,1.4273,Lumpy
28113-2S000,FILTRO AIRE,62,30,0.4839,2.0667,2.5845,Lumpy
28113-4H000,FILTRO AIRE,62,31,0.5,2.0,1.2734,Lumpy
28113-A0100,FILTRO AIRE,62,28,0.4516,2.2143,1.8846,Lumpy
28113-D3300,FILTRO AIRE,62,27,0.4355,2.2963,2.6806,Lumpy
28113-G2100,FILTRO AIRE,62,10,0.1613,6.2,6.686,Lumpy
28113-G6000,FILTRO AIRE,62,6,0.0968,10.3333,17.129,Lumpy
28113-H9100,FILTRO AIRE,62,29,0.4677,2.1379,1.3324,Lumpy
305407175.2,PLACA FIJACION ROTULA GOL,62,14,0.2258,4.4286,3.8437,Lumpy
305419809A,BUJE B D GOL,62,19,0.3065,3.2632,2.8346,Lumpy
305419831.1,GUARDAPOLVO DE LA DIRECCION GOL,62,21,0.3387,2.9524,2.7145,Lumpy
305711025.1,KIT BASE PALANCA CAMBIOS GOL,62,20,0.3226,3.1,2.6121,Lumpy
305721338A,GRAPA SEGURIDAD EMBRAGUE GOL,62,23,0.371,2.6957,2.3624,Lumpy
307411309.6,BARRA ESTABILIZADORA GOL,62,18,0.2903,3.4444,3.5902,Lumpy
307419812.1,TERMINAL DIRECCION H GOL DRIVEWAY,62,22,0.3548,2.8182,2.1159,Lumpy
321611939E,MANGUERA DE VACIO G V 1 8,62,29,0.4677,2.1379,1.5984,Lumpy
325422375.1,TAPA DEPOSITO HIDRAULICO,62,14,0.2258,4.4286,9.257,Lumpy
325907411.1,RELAY DE POTENCIA GOL 97,62,19,0.3065,3.2632,3.8696,Lumpy
327823397.1,PRESILLA VARILLA APOYO CAPOT GOL,62,28,0.4516,2.2143,1.5363,Lumpy
34810-65J00,SENSOR NIVEL GASOLINA,62,41,0.6613,1.5122,0.7145,Lumpy
373868404A,MANIJA INT DER CROMADA GOL 98 PLASTICA,62,26,0.4194,2.3846,1.6635,Lumpy
377399541A,SOPORTE BASE C C GOL,62,3,0.0484,20.6667,34.7197,Lumpy
377407365B,ROTULA M S D H P G IZQ GOL 98,62,11,0.1774,5.6364,8.7742,Lumpy
377711141A,MANOPLA P C GOL,62,22,0.3548,2.8182,2.6829,Lumpy
377819371B,MANGUERA CALEFACCION ALIM CON FALLA GOL,62,19,0.3065,3.2632,3.4627,Lumpy
3B0837187B,BOTON PUERTA GOLF IV,62,23,0.371,2.6957,4.2278,Lumpy
3BD853601,EMBLEMA DELANTERO PASSAT 98 GOL V,62,39,0.629,1.5897,0.746,Lumpy
3G0598611A,CUBO RUEDA POST TIGUAN,62,16,0.2581,3.875,3.9289,Lumpy
4RP008189-151,RELAY BOMBA COMBUSTIBLE,62,23,0.371,2.6957,3.952,Lumpy
4RV008188-461,RELAY PRECALIENTAMIENTO,62,28,0.4516,2.2143,2.5931,Lumpy
5-87310455-0,FILTRO AIRE,62,22,0.3548,2.8182,3.0339,Lumpy
5DA006623-951,BOBINA ENCENDIDO,62,14,0.2258,4.4286,6.1613,Lumpy
5DA193175-381,BOBINA ENCENDIDO,62,26,0.4194,2.3846,2.4999,Lumpy
5DA193175-441,BOBINA ENCENDIDO,62,19,0.3065,3.2632,3.154,Lumpy
5DA193175-481,BOBINA ENCENDIDO,62,33,0.5323,1.8788,3.3268,Lumpy
5DA193175-501,BOBINA ENCENDIDO,62,28,0.4516,2.2143,1.48,Lumpy
5DA193175-731,BOBINA ENCENDIDO,62,38,0.6129,1.6316,2.2582,Lumpy
5DA193175-951,BOMBA DE ENCENDIDO,62,27,0.4355,2.2963,2.3789,Lumpy
5DA193175-971,BOMBA ENCENDIDO,62,9,0.1452,6.8889,7.5682,Lumpy
5DA230036-181,BOBINA ENCENDIDO,62,18,0.2903,3.4444,10.5002,Lumpy
5DA358000-171,BOBINA ENCENDIDO,62,17,0.2742,3.6471,8.0258,Lumpy
5DA358000-651,BOBINA ENCENDIDO,62,28,0.4516,2.2143,1.5929,Lumpy
5DA358057-031,BOBINA ENCENDIDO,62,20,0.3226,3.1,5.2906,Lumpy
5DA358057-471,BOBINA ENCENDIDO,62,34,0.5484,1.8235,1.1351,Lumpy
5DA358057-891,BOBINA ENCENDIDO,62,22,0.3548,2.8182,1.9957,Lumpy
5DA358168-431,BOBINA ENCENDIDO,62,26,0.4194,2.3846,3.311,Lumpy
5K0498621,CUBO RUEDA DEL GOLF IV 18 BORA,62,2,0.0323,31.0,30.0,Lumpy
5U0501117,PUNTA EJE POSTERIOR,62,18,0.2903,3.4444,3.1822,Lumpy
5X0121293A,DEFLECTOR SUPERIOR,62,26,0.4194,2.3846,4.3169,Lumpy
5X0412319,PLATO SUPERIOR AMORTIG DEL GOL,62,30,0.4839,2.0667,2.7496,Lumpy
5X0711303B,PALANCA FRENO MANO GOL,62,38,0.6129,1.6316,0.7646,Lumpy
5X0857551,PARASOL GOL IZQ PROMOCION,62,38,0.6129,1.6316,0.8208,Lumpy
5X0857552,PARASOL GOL DER PROMOCION,62,23,0.371,2.6957,1.9157,Lumpy
69826-2,MASCARILLA REJILLA VENTILACION GOL III NEGRA,62,10,0.1613,6.2,16.023,Lumpy
6PA358066-401,SENSOR OXIGENO,62,36,0.5806,1.7222,1.0139,Lumpy
6PU009106-071,SENSOR ABS DELANTERO RH,62,2,0.0323,31.0,37.75,Lumpy
6PU009106-091,SENSOR ABS DELANTERO LH,62,25,0.4032,2.48,1.8215,Lumpy
6PU009121-451,SENSOR POSICION ARBOL LEVAS,62,16,0.2581,3.875,3.5876,Lumpy
6PU009163-491,SENSOR POSICION CIGUENAL,62,29,0.4677,2.1379,1.8753,Lumpy
6PU010039-991,SENSOR ABS LH,62,27,0.4355,2.2963,1.5391,Lumpy
6PU012039-001,SENSOR ABS RH,62,29,0.4677,2.1379,1.4503,Lumpy
6PU012681-021,SENSOR HALL,62,26,0.4194,2.3846,2.5626,Lumpy
6PU013122-671,SENSOR POSICION ARBOL LEVAS,62,22,0.3548,2.8182,2.4066,Lumpy
6PV008496-701,PEDAL ACELERADOR,62,10,0.1613,6.2,10.6689,Lumpy
6Q0407183,BUJE MESA GRANDE POLO,62,21,0.3387,2.9524,2.9938,Lumpy
6Q0711303,PALANCA FRENO MANO POLOBR,62,30,0.4839,2.0667,2.6577,Lumpy
6ZF003272-011,TROMPO RETRO,62,7,0.1129,8.8571,9.7603,Lumpy
6ZF008621-421,TROMPO RETRO,62,13,0.2097,4.7692,7.3306,Lumpy
7C3Z9601A,FILTRO AIRE,62,29,0.4677,2.1379,1.4723,Lumpy
8-97035303-0,FILTRO AIRE,62,27,0.4355,2.2963,3.4139,Lumpy
8-97062294-0,FILTRO AIRE,62,21,0.3387,2.9524,2.7501,Lumpy
8-971478609-0,FILTRO AIRE,62,24,0.3871,2.5833,2.05,Lumpy
8-97251943-0,FILTRO AIRE,62,13,0.2097,4.7692,4.7536,Lumpy
8-97356127-0,"FILTRO AIRE CABINA D-MAX 2.5L, 3.0L (2010/2018)  WINGLE 2.8L (2010/2012) WINGLE 5 2.4L, 2.8L (2012/2018)",62,17,0.2742,3.6471,3.6222,Lumpy
8-98071423-0,FILTRO AIRE,62,32,0.5161,1.9375,1.9857,Lumpy
8-98071424-0,FILTRO AIRE,62,42,0.6774,1.4762,0.669,Lumpy
8-98140266-0,FILTRO AIRE,62,37,0.5968,1.6757,1.4951,Lumpy
811407181A,BUJE M S GOL,62,12,0.1935,5.1667,5.6505,Lumpy
811711803A,VARILLA MARCHA CAMBIOS GOL 3257118031,62,8,0.129,7.75,12.7931,Lumpy
823253147A,CAUCHO SILENCIADOR ESCAPE,62,2,0.0323,31.0,30.0,Lumpy
8DB355008-591,JGO. PASTILLA DE FRENO,62,9,0.1452,6.8889,7.5422,Lumpy
8DB355018-111,JGO. PASTILLA DE FRENO,62,28,0.4516,2.2143,3.7903,Lumpy
8DD355104-211,DISCO FRENO DEL.,62,29,0.4677,2.1379,1.5613,Lumpy
8DD355105-411,DISCO FRENO POST.,62,28,0.4516,2.2143,1.5393,Lumpy
8DD355111-341,DISCO FRENO DEL.,62,15,0.2419,4.1333,3.9953,Lumpy
8DD355117-151,DISCO FRENO DEL.,62,35,0.5645,1.7714,1.0019,Lumpy
8DD355134-251,DISCO FRENO DEL.,62,23,0.371,2.6957,2.8911,Lumpy
8EA011612-641,MOTOR ARRANQUE,62,36,0.5806,1.7222,2.3232,Lumpy
8EA012527-401,MOTOR ARRANQUE,62,34,0.5484,1.8235,1.7319,Lumpy
8EL012430-951,ALTERNADOR,62,30,0.4839,2.0667,1.2975,Lumpy
8TF358106-101,MODULO GASOLINA SUMERGIBLE,62,39,0.629,1.5897,0.8281,Lumpy
8TF358146-621,BOMBA GASOLINA SUMERGIBLE,62,17,0.2742,3.6471,7.0277,Lumpy
8TF358303631,BOMBA GASOLINA SUMERGIBLE,62,10,0.1613,6.2,10.5574,Lumpy
95861-64J10,FILTRO AIRE GRAN VITARA SZ CAB,62,18,0.2903,3.4444,4.2366,Lumpy
97133-F2000,FILTRO AIRE CABINA KIA RIO 2018,62,28,0.4516,2.2143,2.6989,Lumpy
97133-G6000,FILTRO AIRE CABINA KIA PICANTO,62,29,0.4677,2.1379,2.2206,Lumpy
97617-4H000,FILTRO AIRE HYUNDAI H1 TQ NUEVA CAB,62,25,0.4032,2.48,1.7666,Lumpy
A12-1109111,FILTRO AIRE,62,34,0.5484,1.8235,2.4917,Lumpy
A15251,FILTRO AIRE,62,43,0.6935,1.4419,0.6112,Lumpy
ALHP-0066,BUJE GUIA ARBOL PRINC C C G V,62,17,0.2742,3.6471,3.6774,Lumpy
ALHP-0067,RETEN MOTRIZ EMBRAGUE G V,62,14,0.2258,4.4286,5.7884,Lumpy
ALHP-0201,TROMPO RETRO POLO-GOLF-JETTA,62,34,0.5484,1.8235,1.1228,Lumpy
ALHP-0220,BOMBA DE AGUA POLO 16,62,36,0.5806,1.7222,2.0965,Lumpy
ALHP-0231,KIT BANDAS DISTRIBUCION POLO 1 6,62,14,0.2258,4.4286,5.2457,Lumpy
ALHP-0260,CAJA REGULADORA AGUA POLO 1 6 CA,62,34,0.5484,1.8235,1.0701,Lumpy
ALHP-0373,CARTER ACEITE GOLF JETTA PC,62,26,0.4194,2.3846,4.8932,Lumpy
ALHP-0379,POLEA D H GOLF IV,62,29,0.4677,2.1379,4.0578,Lumpy
ALHP-0382,TENSOR C POLEA B ALTERNADOR AMAROK,62,12,0.1935,5.1667,8.031,Lumpy
ALHP-0418,BRIDA AMAROK 03L121131M,62,24,0.3871,2.5833,1.8177,Lumpy
ALHP-0428,KIT BANDAS Y TENSOR DISTRIBUCION AMAROK,62,22,0.3548,2.8182,3.4917,Lumpy
ALHP-0432,EMPAQUE BASE ENFRIADOR AMAROK,62,6,0.0968,10.3333,12.786,Lumpy
ALHP-0439,SENSOR MAF AMAROK,62,12,0.1935,5.1667,7.525,Lumpy
ALHP-0447,EMISOR IMPULSOS CIGUENAL CKP POLO 1 6,62,11,0.1774,5.6364,5.9891,Lumpy
ALHP-0480,TERMOSTATO GOLF JETTA IV POLO CLASS,62,15,0.2419,4.1333,8.8425,Lumpy
ALHP-0566,BANDA DISTRIBUCION GJ PC 138 D,62,6,0.0968,10.3333,13.1815,Lumpy
ALHP-0569,TENSOR CADENA B ACEITE,62,23,0.371,2.6957,2.5707,Lumpy
ALHP-0576,BRIDA AGUA GOLF IV JETTA,62,10,0.1613,6.2,9.631,Lumpy
ALHP-0609,SENSOR TEMPERATURA 2 PATAS POLO,62,31,0.5,2.0,1.3786,Lumpy
ALHP-0619,VARILLA MEDIR ACEITE GOLF IV AKL AVU AGU,62,40,0.6452,1.55,0.7254,Lumpy
ALHP-0620,BOMBA DE AUA GOLF IV 16 AKL,62,34,0.5484,1.8235,1.1496,Lumpy
ALHP-0628,JUNTA EMPAQUE DISTRIBUCION TIGUAN,62,12,0.1935,5.1667,6.5668,Lumpy
ALHP-0629,JUNTA CARTER AMAROK,62,33,0.5323,1.8788,2.9683,Lumpy
ALHP-0630,SEPARADOR DE ACEITE PCV AMAROK,62,12,0.1935,5.1667,7.6672,Lumpy
ALHP-0637,FILTRO DE ACEITE TIGUAN,62,29,0.4677,2.1379,1.706,Lumpy
ALHP-0692,RULIMAN EMBRAGUE G A S,62,26,0.4194,2.3846,2.1785,Lumpy
ALHP-0712,SOPORTA LAT GUARDACHOQUES G V,62,4,0.0645,15.5,14.5,Lumpy
ALHP-0713,RELAY 30,62,23,0.371,2.6957,2.9451,Lumpy
ALHP-0714,ELECTROVENTILADOR GOLF VENT SA,62,14,0.2258,4.4286,5.0512,Lumpy
ALHP-0755,SEGURO CENTRAL RIEL ASIENTO 435881203A,62,13,0.2097,4.7692,5.1353,Lumpy
ALHP-0777,DEPOSITO AGUA RADIADOR C S,62,16,0.2581,3.875,6.3544,Lumpy
ALHP-0789,GUARDAPOLVO PUNTA EJE GOLF,62,36,0.5806,1.7222,1.3065,Lumpy
ALHP-0866,RADIADOR DE LA CALEFACCION G V III,62,35,0.5645,1.7714,2.0797,Lumpy
ALHP-0956,BRIDA DISTRIBUIDOR AKL AVU,62,24,0.3871,2.5833,2.1505,Lumpy
ALHP-0977,BASE MOTOR DER,62,16,0.2581,3.875,5.1023,Lumpy
ALHP-1001,RULIMAN SOPORTE AMORT G V97,62,31,0.5,2.0,1.2582,Lumpy
ALHP-1005,JGO SOPORTE RULIMAN AMORT GOLF IV GOL V,62,15,0.2419,4.1333,4.2962,Lumpy
ALHP-1015,TERMINAL B D IZQ GOLF IV,62,23,0.371,2.6957,4.259,Lumpy
ALHP-1016,TERMINAL B D DER GOLF IV,62,18,0.2903,3.4444,3.8714,Lumpy
ALHP-1022,BUJE PUENTE POST GOLF IV JETTA,62,22,0.3548,2.8182,2.7131,Lumpy
ALHP-1031,DISCO DE FRENO POLO GOLF IV BR BD5602,62,16,0.2581,3.875,3.4989,Lumpy
ALHP-1061,CILINDRO RECEPTOR EMBRAGUE 16 AKL AVU GOLF IV,62,19,0.3065,3.2632,3.6917,Lumpy
ALHP-1103,TERMOSWICHT GOLF IV,62,22,0.3548,2.8182,2.8011,Lumpy
ALHP-1111,RADIADOR DE LA CALEFACCION GOLF IV,62,19,0.3065,3.2632,3.8167,Lumpy
ALHP-1279,CAUCHO B E AMAROK,62,21,0.3387,2.9524,4.1613,Lumpy
ALHP-1296,DISCO DE FRENO DEL AMAROK 303MM BD 6382 50,62,38,0.6129,1.6316,0.8962,Lumpy
ALHP-1410,CUBO RUEDA DEL G V,62,19,0.3065,3.2632,2.9184,Lumpy
ALHP-1421,CILINDRO PRINCIPAL DE FRENOS G V,62,30,0.4839,2.0667,2.0456,Lumpy
ALHP-1427,JGO PASTILLAS GTI VENTO 2000 PD329,62,29,0.4677,2.1379,1.4306,Lumpy
ALHP-1746,PERNO RUEDA,62,34,0.5484,1.8235,0.9716,Lumpy
ALHP-1852,APOYO MOTOR,62,22,0.3548,2.8182,2.5876,Lumpy
ALHP-2030,CUBO RUEDA DEL FOX,62,34,0.5484,1.8235,1.1237,Lumpy
ALHP-2145,ROTULA M S IZQ POLO FOX,62,38,0.6129,1.6316,0.9799,Lumpy
ALHP-2146,ROTULA M S DER POLO FOX,62,37,0.5968,1.6757,0.9455,Lumpy
ALHP-2150,VARILLA ACCIONAMIENTO B E POLO,62,17,0.2742,3.6471,6.1682,Lumpy
ALHP-2170,CILINDRO RECEPTOR EMBRAGUE POLO BR,62,22,0.3548,2.8182,2.5747,Lumpy
ALHP-2209,ELECTROVENTILADOR POLO,62,36,0.5806,1.7222,0.9032,Lumpy
ALHP-2213,CONMUTADOR VIDRIOS IZQ DEL POLO 16 BR,62,27,0.4355,2.2963,2.4164,Lumpy
ALHP-2234,RADIADOR DE AGUA POLO 03 C A,62,23,0.371,2.6957,2.0923,Lumpy
ALHP-2251,MESA SUSPENSION LH POLO 2017,62,29,0.4677,2.1379,3.2401,Lumpy
ALHP-2261,MESA SUSPENSION POLO 14,62,31,0.5,2.0,2.3555,Lumpy
ALHP-2266,CABLE EMBRAGUE POLO HATCH 1 4,62,34,0.5484,1.8235,1.4521,Lumpy
ALHP-2372,TORNILLO PINON CIGUENAL SOLO CONSUMIDOR,62,30,0.4839,2.0667,1.3524,Lumpy
ALHP-2433,CUBO DE RUEDA,62,29,0.4677,2.1379,1.7241,Lumpy
ALHP-2434,TAPON CARTER,62,22,0.3548,2.8182,2.4721,Lumpy
ALHP-2437,POLEA REENVIO,62,19,0.3065,3.2632,4.4355,Lumpy
ALHP-2441,CERRADURA DE DIRECCION,62,6,0.0968,10.3333,16.98,Lumpy
ALHP-2444,FORRO PEDAL ACELERADOR,62,27,0.4355,2.2963,1.7318,Lumpy
ALHP-2446,SOPORTE BASE MOTOR,62,14,0.2258,4.4286,5.1828,Lumpy
ALHP-2448,JUNTA INYECTOR,62,23,0.371,2.6957,1.9275,Lumpy
ALHP-2452,TUBO CALEFACCION,62,24,0.3871,2.5833,3.0589,Lumpy
ALHP-2454,JUNTA INYECTOR,62,13,0.2097,4.7692,5.0929,Lumpy
ALHP-2458,SELECTOR DE MARCHAS,62,20,0.3226,3.1,4.1095,Lumpy
ALHP-2466,TUERCA DE EXPANSION,62,30,0.4839,2.0667,2.759,Lumpy
ALHP-2469,GUARDAPOLVO PALANCA CAMBIOS LARGA,62,34,0.5484,1.8235,1.1262,Lumpy
ALHP-2471,SENSOR DE OXIGENO,62,26,0.4194,2.3846,4.3435,Lumpy
ARRENDAMIENTOACTIVOS,ARRENDAMIENTO ACTIVOS,62,33,0.5323,1.8788,1.1338,Lumpy
AVM405,JGO. DE RUEDA LIBRE,62,23,0.371,2.6957,2.6908,Lumpy
AVM407,JGO. DE RUEDA LIBRE,62,21,0.3387,2.9524,4.2635,Lumpy
AVM418,JGO. DE RUEDA LIBRE,62,12,0.1935,5.1667,5.6612,Lumpy
AVM419,JGO. DE RUEDA LIBRE,62,10,0.1613,6.2,7.37,Lumpy
AVM432,JGO. DE RUEDA LIBRE,62,17,0.2742,3.6471,4.2899,Lumpy
AVM433,JGO. DE RUEDA LIBRE,62,33,0.5323,1.8788,2.9599,Lumpy
AVM439,JGO. RUEDA LIBRE,62,10,0.1613,6.2,6.9851,Lumpy
AVM443,JGO. DE RUEDA LIBRE,62,20,0.3226,3.1,3.2643,Lumpy
AVM453,JGO. DE RUEDA LIBRE,62,26,0.4194,2.3846,4.2655,Lumpy
AVM454,JGO. DE RUEDA LIBRE,62,23,0.371,2.6957,3.3039,Lumpy
AVM456,JGO. DE RUEDA LIBRE,62,36,0.5806,1.7222,0.874,Lumpy
AVM460,JGO. DE RUEDA LIBRE,62,21,0.3387,2.9524,5.2816,Lumpy
AVM461,JGO. DE RUEDA LIBRE,62,22,0.3548,2.8182,4.7455,Lumpy
AVM462,JGO. DE RUEDA LIBRE,62,18,0.2903,3.4444,4.8641,Lumpy
AVM463,JGO. DE RUEDA LIBRE,62,37,0.5968,1.6757,0.9924,Lumpy
AVM465,JGO.DE RUEDA LIBRE,62,24,0.3871,2.5833,3.2456,Lumpy
AVM538,JGO. DE RUEDA LIBRE,62,18,0.2903,3.4444,4.5135,Lumpy
AVM918,JGO. DE RUEDA LIBRE,62,25,0.4032,2.48,1.8857,Lumpy
AVM938,JGO. DE RUEDA LIBRE,62,14,0.2258,4.4286,4.9002,Lumpy
C3585,FILTRO AIRE,62,27,0.4355,2.2963,1.5795,Lumpy
CAV 296 KIT,FILTRO GASOLINA UNIVERSAL,62,24,0.3871,2.5833,2.1721,Lumpy
CAV296KIT,FILTRO GASOLINA UNIVERSAL,62,26,0.4194,2.3846,2.1859,Lumpy
CINTAEMBALAJE,CINTA EMBALAJE TRANSP 48MMX1004,62,32,0.5161,1.9375,1.8089,Lumpy
COR1,FILTRO GASOLINA,62,19,0.3065,3.2632,3.1376,Lumpy
COR2,FILTRO GASOLINA,62,36,0.5806,1.7222,0.8946,Lumpy
CR1391-ORI-2632,CERRADURA PUERTA DELA RH,62,32,0.5161,1.9375,1.1132,Lumpy
CR1391-ORI-2633,CERRADURA PUERTA DELA LH,62,28,0.4516,2.2143,1.6204,Lumpy
CR1921-UNI-1646,ELEVA VENTANA MANUAL DELA LH,62,8,0.129,7.75,7.4198,Lumpy
CR1921-UNI-1647,ELEVA VENTANA MANUAL DELA RH,62,23,0.371,2.6957,2.8609,Lumpy
CR1921-UNI-1648,MANIJA ELEVA VENTANA,62,23,0.371,2.6957,2.8395,Lumpy
CR1921-Z.E-2634,ELEVA VENTANA MANUAL DELA RH,62,27,0.4355,2.2963,1.9833,Lumpy
CR1921-Z.E-2635,ELEVA VENTANA MANUAL DELA LH,62,31,0.5,2.0,1.2425,Lumpy
CR1921-Z.E-2636,ELEVA VENTANA MANUAL DELA RH,62,12,0.1935,5.1667,5.9247,Lumpy
CR1921-Z.E-2637,ELEVA VENTANA MANUAL DELA LH,62,35,0.5645,1.7714,0.9343,Lumpy
CR1931-MAR-1649,EMBLEMA DELA,62,20,0.3226,3.1,3.2152,Lumpy
CR1931-MAR-1653,EMBLEMA POST,62,28,0.4516,2.2143,1.8833,Lumpy
CR1931-OEM-2627,LETRAS EMBLEMA,62,10,0.1613,6.2,9.2806,Lumpy
CR1931-OEM-2628,EMBLEMA DELA,62,25,0.4032,2.48,2.3113,Lumpy
CR2381-ROD-1631,GUARDAFANGO DELA LH,62,27,0.4355,2.2963,2.5287,Lumpy
CR2741-OEM-2626,GUARDABARROS RH DELA,62,21,0.3387,2.9524,5.5354,Lumpy
CR3611-ATQ-1658,MOLDURA PANEL INSTRUMENTOS,62,28,0.4516,2.2143,1.4482,Lumpy
CR3611-GVW-1654,MOLDURA CENTRAL,62,24,0.3871,2.5833,1.9947,Lumpy
CR5971-AUT-1618,PANEL PLUMAS,62,41,0.6613,1.5122,0.7484,Lumpy
CR5971-CEN-1635,CAPOT,62,1,0.0161,62.0,61.0,Lumpy
CR5971-CP-1639,TOPE CAPOT AJUSTABLE,62,13,0.2097,4.7692,7.336,Lumpy
CR5971-NAT-1866,GUARDAPOLVO P/CAMBIO CROMADA,62,20,0.3226,3.1,2.8042,Lumpy
CR5971-UNI-1447,LIMITADOR PUERTA,62,38,0.6129,1.6316,2.8982,Lumpy
DBDD889,JGO. PASTILLA DE FRENO,62,21,0.3387,2.9524,6.1571,Lumpy
DBF-015,MANGUERA BOMBA GASOLINA SUMERGIBLE,62,43,0.6935,1.4419,0.6266,Lumpy
DBF-016N,MANGUERA BOMBA GASOLINA SUMERGIBLE,62,8,0.129,7.75,10.6181,Lumpy
DBF-025,MANGUERA BOMBA GASOLINA SUMERGIBLE,62,10,0.1613,6.2,8.9524,Lumpy
DBF-028N,MANGUERA BOMBA GASOLINA SUMERGIBLE,62,26,0.4194,2.3846,1.7532,Lumpy
DBF-033,MANGUERA BOMBA GASOLINA SUMERGIBLE,62,32,0.5161,1.9375,4.1383,Lumpy
DBF-16N,MANGUERA BOMBA GASOLINA SUMERGIBLE,62,39,0.629,1.5897,0.775,Lumpy
DBFH05K,MANGUERA BOMBA GASOLINA SUMER,62,18,0.2903,3.4444,4.7329,Lumpy
DK026109243,TEMPLADOR BANDA DISTRIBUCION,62,33,0.5323,1.8788,1.2147,Lumpy
DK030105263C,PIÑON CIGUEÑAL,62,12,0.1935,5.1667,7.37,Lumpy
DK030145299F,POLEA TENSORA,62,8,0.129,7.75,14.8227,Lumpy
DK030145299H,POLEA TENSORA,62,17,0.2742,3.6471,8.0296,Lumpy
DK032145276,POLEA ACCESORIOS,62,16,0.2581,3.875,4.4805,Lumpy
DK032145299A,POLEA TENSORA,62,21,0.3387,2.9524,3.0631,Lumpy
DK038903315AN,POLEA TENSORA,62,16,0.2581,3.875,4.7466,Lumpy
DK045903119A,POLEA ALTERNADOR,62,20,0.3226,3.1,2.5042,Lumpy
DK06A903315D,POLEA TENSORA,62,19,0.3065,3.2632,7.1363,Lumpy
DK0K97212700,TEMPLADOR BANDA DISTRIBUCION,62,40,0.6452,1.55,0.7858,Lumpy
DK0K97212730,TEMPLADOR BANDA DISTRIBUCION,62,29,0.4677,2.1379,1.6177,Lumpy
DK1194503G00,POLEA ACCESORIOS,62,38,0.6129,1.6316,0.896,Lumpy
DK1281071C00,TEMPLADOR BANDA DISTRIBUCION,62,26,0.4194,2.3846,1.7586,Lumpy
DK1754077E00,POLEA ACCESORIOS,62,42,0.6774,1.4762,0.6243,Lumpy
DK1754077E10,POLEA TENSORA,62,25,0.4032,2.48,1.9457,Lumpy
DK2441023050,TENSOR.          HYUNDAI TUCSON 2.0,62,12,0.1935,5.1667,8.1219,Lumpy
DK2441026000,TEMPLADOR BANDA DISTRIBUCION,62,32,0.5161,1.9375,1.4626,Lumpy
DK244102X700,TEMPLADOR BANDA DISTRIBUCION,62,3,0.0484,20.6667,22.25,Lumpy
DK24506756,POLEA ACCESORIOS,62,15,0.2419,4.1333,3.9806,Lumpy
DK2481023400,TENSOR,62,26,0.4194,2.3846,5.8217,Lumpy
DK2481026000,TEMPLADOR BANDA DISTRIBUCION,62,29,0.4677,2.1379,1.2935,Lumpy
DK25180907,POLEA AIRE ACONDICIONADO,62,22,0.3548,2.8182,2.1719,Lumpy
DK377145299,POLEA TENSORA,62,22,0.3548,2.8182,2.3283,Lumpy
DK377145299B,POLEA ACCESORIOS,62,8,0.129,7.75,16.9877,Lumpy
DK7700747599,PIÑON GIGUEÑAL,62,26,0.4194,2.3846,2.1176,Lumpy
DK8200908180,TEMPLADOR BANDA DISTRIBUCION,62,11,0.1774,5.6364,13.6729,Lumpy
DK8973285120,TEMPLADOR BANDA DISTRIBUCION,62,15,0.2419,4.1333,4.125,Lumpy
DK90353176,TEMPLADOR BANDA DISTRIBUCION,62,23,0.371,2.6957,2.8999,Lumpy
DK90354858,PIÑON CIGUEÑAL,62,16,0.2581,3.875,3.5246,Lumpy
DK90411769,TEMPLADOR BANDA DISTRIBUCION,62,24,0.3871,2.5833,4.3997,Lumpy
DK90412783,TEMPLADOR BANDA DISTRIBUCION,62,26,0.4194,2.3846,3.0763,Lumpy
DK90500229,POLEA ACCESORIOS,62,35,0.5645,1.7714,3.3042,Lumpy
DK90529810,TEMPLADOR BANDA DISTRIBUCION,62,7,0.1129,8.8571,9.9287,Lumpy
DK91175578,POLEA ACCESORIOS,62,29,0.4677,2.1379,2.8616,Lumpy
DK94580139,TEMPLADOR BANDA DISTRIBUCION,62,35,0.5645,1.7714,1.0135,Lumpy
DK96103222,TEMPLADOR BANDA DISTRIBUCION,62,26,0.4194,2.3846,1.691,Lumpy
DK96184932,POLEA TENSORA,62,25,0.4032,2.48,4.7395,Lumpy
DK96349976,TEMPLADOR BANDA,62,28,0.4516,2.2143,1.9316,Lumpy
DK96350550,TEMPLADOR BANDA DISTRIBUCION,62,20,0.3226,3.1,3.4077,Lumpy
DK96352740,PIÑON GIGUEÑAL,62,23,0.371,2.6957,2.8272,Lumpy
DKOK93712730,TEMPLADOR BANDA DISTRIBUCION,62,16,0.2581,3.875,4.2623,Lumpy
DKR-002-TY,JGO MOQUETA,62,13,0.2097,4.7692,5.405,Lumpy
DKR-012-IZ,JGO MOQUETA,62,12,0.1935,5.1667,6.4627,Lumpy
DKR-014-KI,JGO MOQUETA,62,17,0.2742,3.6471,5.2237,Lumpy
DKR-016-HY,JGO MOQUETA,62,7,0.1129,8.8571,8.9463,Lumpy
DKR-024-TY,JGO MOQUETA,62,23,0.371,2.6957,2.2479,Lumpy
DKR-030-IZ,JGO MOQUETA,62,21,0.3387,2.9524,3.714,Lumpy
DKR-035-MT,JGO MOQUETA,62,40,0.6452,1.55,0.7384,Lumpy
DKR-058-NS,JGO MOQUETA,62,20,0.3226,3.1,2.7709,Lumpy
DKR-075-SK,JGO MOQUETA,62,8,0.129,7.75,8.7822,Lumpy
DKR-093-SK,JGO MOQUETA,62,9,0.1452,6.8889,9.6467,Lumpy
DKR-1-GREEN,REFRIGERANTE,62,26,0.4194,2.3846,2.3214,Lumpy
DKR-1-GREEN_L,VERDE LITRO,62,14,0.2258,4.4286,5.5374,Lumpy
DKR-1-RED,REFRIGERANTE,62,10,0.1613,6.2,9.8128,Lumpy
DKR-1-RED_L,ROJO LITRO,62,15,0.2419,4.1333,8.6793,Lumpy
DKR-1/4-GREEN,VERDE LITRO USA,62,18,0.2903,3.4444,4.5199,Lumpy
DKR-1/4-RED,ROJO LITRO USA,62,45,0.7258,1.3778,0.5684,Lumpy
DKR1068,BOMBA GASOLINA SUMERGIBLE,62,8,0.129,7.75,7.6111,Lumpy
DKR1494,BOMBA GASOLINA SUMERGIBLE,62,24,0.3871,2.5833,2.0535,Lumpy
DKR1510,BOMBA GASOLINA SUMERGIBLE,62,21,0.3387,2.9524,4.9656,Lumpy
DKR1575,BOMBA GASOLINA SUMERGIBLE,62,38,0.6129,1.6316,0.7659,Lumpy
DKR1867,BOMBA GASOLINA SUMERGIBLE,62,39,0.629,1.5897,1.7259,Lumpy
DKR1935,BOMBA GASOLINA SUMERGIBLE,62,30,0.4839,2.0667,1.2593,Lumpy
DKR2004,BOMBA GASOLINA SUMERGIBLE,62,13,0.2097,4.7692,6.1644,Lumpy
DKR2288,BOMBA GASOLINA SUMERGIBLE,62,15,0.2419,4.1333,4.2932,Lumpy
DKR2737,BOMBA GASOLINA SUMERGIBLE,62,42,0.6774,1.4762,0.5893,Lumpy
DKR3047,BOMBA GASOLINA SUMERGIBLE FORSA,62,34,0.5484,1.8235,1.0267,Lumpy
DKR3331,BOMBA GASOLINA SUMERGIBLE,62,31,0.5,2.0,2.4593,Lumpy
DKR4377,BOMBA GASOLINA SUMERGIBLE,62,16,0.2581,3.875,6.3529,Lumpy
DKR4835,BOMBA GASOLINA SUMERGIBLE,62,29,0.4677,2.1379,1.4878,Lumpy
DKR4837,BOMBA GASOLINA SUMERGIBLE,62,15,0.2419,4.1333,5.2344,Lumpy
DP27301-2B010,BOBINA ENCENDIDO,62,11,0.1774,5.6364,7.5804,Lumpy
DR04943-0K030,KIT REPARACION FRENOS,62,14,0.2258,4.4286,4.5167,Lumpy
DR04943-0k050,KIT REPARACION FRENOS,62,11,0.1774,5.6364,8.3995,Lumpy
DR0K01133251D,DISCO FRENO,62,26,0.4194,2.3846,2.1707,Lumpy
DR1742318,DISCO FRENO,62,14,0.2258,4.4286,5.3983,Lumpy
DR18060665,DISCO FRENO,62,26,0.4194,2.3846,4.1245,Lumpy
DR2110-3501070,DISCO FRENO,62,14,0.2258,4.4286,6.385,Lumpy
DR2121-3501070,DISCO FRENO,62,33,0.5323,1.8788,1.1153,Lumpy
DR30005701,DISCO FRENO,62,19,0.3065,3.2632,3.89,Lumpy
DR31293,DISCO FRENO,62,36,0.5806,1.7222,0.9569,Lumpy
DR31319,DISCO FRENO,62,20,0.3226,3.1,2.8839,Lumpy
DR3140,DISCO FRENO,62,17,0.2742,3.6471,3.9782,Lumpy
DR3172,DISCO FRENO,62,29,0.4677,2.1379,1.6171,Lumpy
DR3217,DISCO FRENO,62,10,0.1613,6.2,6.7706,Lumpy
DR3222,DISCO FRENO,62,25,0.4032,2.48,1.9728,Lumpy
DR3460,DISCO FRENO,62,13,0.2097,4.7692,8.9622,Lumpy
DR40206-EM10A,DISCO FRENO,62,32,0.5161,1.9375,2.0078,Lumpy
DR42431-02070,DISCO FRENO,62,13,0.2097,4.7692,6.381,Lumpy
DR42431-52080,DISCO FRENO,62,9,0.1452,6.8889,7.3784,Lumpy
DR43206-EM10A,DISCO FRENO,62,17,0.2742,3.6471,11.5236,Lumpy
DR43512-0K010,DISCO FRENO,62,29,0.4677,2.1379,1.3776,Lumpy
DR43512-16070,DISCO FRENO,62,33,0.5323,1.8788,3.1434,Lumpy
DR43512-47020,DISCO FRENO,62,6,0.0968,10.3333,29.3886,Lumpy
DR43512-52120,DISCO FRENO,62,45,0.7258,1.3778,0.5916,Lumpy
DR51712-02550,DISCO FRENO,62,25,0.4032,2.48,2.4593,Lumpy
DR51712-07500,DISCO FRENO,62,20,0.3226,3.1,3.2112,Lumpy
DR51712-1C100,DISCO FRENO,62,32,0.5161,1.9375,1.2257,Lumpy
DR51712-1G000,DISCO FRENO,62,13,0.2097,4.7692,9.3936,Lumpy
DR51712-2F100,DISCO FRENO,62,38,0.6129,1.6316,0.8355,Lumpy
DR51712-2Y000,DISCO FRENO,62,25,0.4032,2.48,1.9364,Lumpy
DR51712-FD200,DISCO FRENO,62,22,0.3548,2.8182,3.4941,Lumpy
DR55211-56B00,DISCO FRENO,62,29,0.4677,2.1379,1.5831,Lumpy
DR55211-65D10,DISCO FRENO,62,26,0.4194,2.3846,1.5879,Lumpy
DR55211-65J00,DISCO FRENO,62,15,0.2419,4.1333,9.0354,Lumpy
DR55311-60B30,DISCO FRENO,62,12,0.1935,5.1667,7.9164,Lumpy
DR55311-61G00,DISCO FRENO,62,8,0.129,7.75,11.2798,Lumpy
DR569000,DISCO FRENO,62,21,0.3387,2.9524,3.4351,Lumpy
DR7700716947,DISCO FRENO,62,38,0.6129,1.6316,0.86,Lumpy
DR7700780892,DISCO FRENO,62,5,0.0806,12.4,13.88,Lumpy
DR8-98006259-0,DISCO FRENO,62,7,0.1129,8.8571,15.4669,Lumpy
DR8-98006259-C,DISCO FRENO DEL VENT D-MAX 3.0 3.5 4WD 02 279,62,30,0.4839,2.0667,6.1161,Lumpy
DR8973088680,DISCO FRENO,62,30,0.4839,2.0667,8.1347,Lumpy
DR90497879,DISCO FRENO,62,23,0.371,2.6957,2.3316,Lumpy
DR9064210012,DISCO FRENO,62,29,0.4677,2.1379,4.9134,Lumpy
DR9127966,DISCO FRENO,62,15,0.2419,4.1333,5.4325,Lumpy
DR96312560,DISCO FRENO,62,29,0.4677,2.1379,4.2287,Lumpy
DR96320531,DISCO FRENO,62,30,0.4839,2.0667,2.9953,Lumpy
DR96328338,DISCO FRENO,62,33,0.5323,1.8788,1.112,Lumpy
DR96456494,KIT REPARACION FRENOS,62,27,0.4355,2.2963,3.2926,Lumpy
DR96456495,KIT REPARACION FRENOS,62,38,0.6129,1.6316,0.8986,Lumpy
DR96471275,DISCO FRENO,62,15,0.2419,4.1333,15.6974,Lumpy
DR96574633,DISCO FRENO,62,34,0.5484,1.8235,2.1773,Lumpy
DRBP6Y3325XB,DISCO FRENO,62,31,0.5,2.0,1.6074,Lumpy
DRUM5133251,DISCO FRENO,62,25,0.4032,2.48,1.9784,Lumpy
DRUR5826630,KIT REPARACION FRENOS,62,20,0.3226,3.1,2.9803,Lumpy
E115H-D208,FILTRO DE ACEITE,62,19,0.3065,3.2632,3.0659,Lumpy
ECO-0.5-LBPACK,GRASA AZUL,62,23,0.371,2.6957,2.5606,Lumpy
ECO-1-LBPACK,GRASA AZUL,62,4,0.0645,15.5,19.9112,Lumpy
ED0271-GRA-1975,PLATO BASE AMORTIGUADOR DELA,62,30,0.4839,2.0667,3.7704,Lumpy
ED0461-TRW-1560,BOMBA DIRECCION HIDRAULICA,62,18,0.2903,3.4444,3.4501,Lumpy
ED1331-OEM-1561,GUARDAPOLVO DIRECCION,62,13,0.2097,4.7692,4.6583,Lumpy
ENLA-0012,RODAMIENTO AGUJA CAJA GOL,62,28,0.4516,2.2143,2.2825,Lumpy
ENLA-1261,DEPOSITO AGUA RADIADOR AMAROK,62,6,0.0968,10.3333,13.6459,Lumpy
ENLA-1620,TAPA BATERIA GOL III,62,11,0.1774,5.6364,5.6975,Lumpy
ENLA-2493,RODAMIENTO DE AGUJAS GOL ENGRANAJE DE 1ra,62,21,0.3387,2.9524,3.3261,Lumpy
ENLA-2498,MEDIDOR ACEITE AMAROK,62,33,0.5323,1.8788,1.0419,Lumpy
ENLA-2500,GRUPO HORQUILLAS TRANSMISION AMAROK,62,30,0.4839,2.0667,1.3817,Lumpy
ENLA-2501,SINCRONIZADO TRANSMISION AMAROK,62,39,0.629,1.5897,0.8315,Lumpy
ENLA-2508,POLEA ALTERNADOR,62,33,0.5323,1.8788,1.1241,Lumpy
EP20-1002,JUEGO DE CORREAS DENTADAS,62,23,0.371,2.6957,2.7543,Lumpy
EP20-1038,JUEGO DE CORREAS DENTADAS,62,25,0.4032,2.48,2.1268,Lumpy
EP20-1041,JUEGO DE CORREAS DENTADAS,62,39,0.629,1.5897,0.8173,Lumpy
EP20-1068,JUEGO DE CORREAS DENTADAS,62,32,0.5161,1.9375,1.1185,Lumpy
EP20-1070,JUEGO DE CORREAS DENTADAS,62,28,0.4516,2.2143,1.5318,Lumpy
EP20-1160,JUEGO DE CORREAS DENTADAS,62,42,0.6774,1.4762,0.6639,Lumpy
EP20-1178,KIT DISTRIBUCION,62,33,0.5323,1.8788,1.8898,Lumpy
EP20-1215,JUEGO CORREA DENTADAS,62,31,0.5,2.0,3.8078,Lumpy
EP20-1236,JUEGO CORREA DENTADAS,62,38,0.6129,1.6316,0.829,Lumpy
EP20-1237,JUEGO DE CORREAS DENTADAS,62,27,0.4355,2.2963,4.644,Lumpy
EP20-1238,JUEGO DE CORREAS DENTADAS,62,14,0.2258,4.4286,5.5209,Lumpy
EP20-1244,JUEGO DE CORREAS DENTADAS,62,24,0.3871,2.5833,2.0963,Lumpy
EP20-1246,JUEGO DE CORREAS DENTADAS,62,33,0.5323,1.8788,1.7265,Lumpy
EP20-1251,JUEGO DE CORREAS DENTADAS,62,22,0.3548,2.8182,2.4305,Lumpy
EP20-1254,JUEGO DE CORREAS DENTADAS,62,6,0.0968,10.3333,16.3246,Lumpy
EP20-1258,KIT DISTRIBUCION,62,22,0.3548,2.8182,2.3146,Lumpy
EP20-1261,JUEGO DE CORREAS DENTADAS,62,22,0.3548,2.8182,3.7784,Lumpy
EP20-1309,KIT DISTRIBUCION,62,7,0.1129,8.8571,11.9167,Lumpy
EP20-1310,JUEGO DE CORREAS DENTADAS,62,20,0.3226,3.1,2.4631,Lumpy
EP20-1316,JUEGO DE CORREAS DENTADAS,62,14,0.2258,4.4286,5.9463,Lumpy
EP20-1325,JUEGO DE CORREAS DENTADAS,62,22,0.3548,2.8182,2.9614,Lumpy
EP20-1341,JUEGO DE CORREAS DENTADAS,62,11,0.1774,5.6364,5.8084,Lumpy
EP20-1343,JUEGO DE CORREAS DENTADAS,62,19,0.3065,3.2632,3.0664,Lumpy
EP20-1345,KIT DISTRIBUCION,62,27,0.4355,2.2963,1.6904,Lumpy
EP20-1365,JUEGO DE CORREAS DENTADAS,62,14,0.2258,4.4286,4.4177,Lumpy
EP20-1440,JUEGO DE CORREAS DENTADAS,62,30,0.4839,2.0667,2.7342,Lumpy
EP20-1442,KIT DISTRIBUCION,62,32,0.5161,1.9375,1.1826,Lumpy
EP20-1602,JUEGO DE CORREAS DENTADAS,62,21,0.3387,2.9524,2.6828,Lumpy
EP20-1603,KIT DISTRIBUCION,62,20,0.3226,3.1,4.8187,Lumpy
EP20-1611,JUEGO DE CORREAS DENTADAS,62,18,0.2903,3.4444,3.1158,Lumpy
EP20-1647,JUEGO DE CORREAS DENTADAS,62,9,0.1452,6.8889,8.5664,Lumpy
EP20-1677,KIT DISTRIBUCION,62,22,0.3548,2.8182,4.6689,Lumpy
EP20-1687,JUEGO DE CORREAS DENTADAS,62,13,0.2097,4.7692,5.1693,Lumpy
EP20-1721,JUEGO DE CORREAS DENTADAS,62,26,0.4194,2.3846,1.8158,Lumpy
EP20-1728,JUEGO DE CORREAS DENTADAS,62,30,0.4839,2.0667,1.3422,Lumpy
EP20-1749,JUEGO DE CORREAS DENTADAS,62,18,0.2903,3.4444,7.0882,Lumpy
EP20-1758,JUEGO DE CORREAS DENTADAS,62,21,0.3387,2.9524,2.9808,Lumpy
EP20-1762,JUEGO DE CORREAS DENTADAS,62,8,0.129,7.75,9.1956,Lumpy
EP20-1773,JUEGO DE CORREAS DENTADAS,62,31,0.5,2.0,1.1811,Lumpy
EP20-1840,KIT DISTRIBUCION,62,24,0.3871,2.5833,3.6793,Lumpy
EP20-1886,KIT DISTRIBUCION,62,15,0.2419,4.1333,6.7002,Lumpy
EP20-1915,JUEGO DE CORREAS DENTADAS,62,13,0.2097,4.7692,5.8406,Lumpy
EP20-1917,JUEGO DE CORREAS DENTADAS,62,21,0.3387,2.9524,2.4728,Lumpy
EP20-1926,JUEGO DE CORREAS DENTADAS,62,36,0.5806,1.7222,1.9964,Lumpy
EP20-2050,KIT BANDA ALTERNADOR,62,38,0.6129,1.6316,0.7714,Lumpy
EP20-2070,JUEGO DE CORREAS DENTADAS,62,20,0.3226,3.1,2.6704,Lumpy
EP20-2171,JUEGO DE CORREAS DENTADAS,62,15,0.2419,4.1333,3.9158,Lumpy
EP20-2178,KIT DISTRIBUCION,62,13,0.2097,4.7692,5.1106,Lumpy
EP20-X201,KIT DISTRIBUCION,62,25,0.4032,2.48,2.1278,Lumpy
EP21-0028,KIT DISTRIBUCION,62,31,0.5,2.0,2.2989,Lumpy
EP21-0036,JUEGO DE CADENA DE DISTRIBUCIÓN,62,21,0.3387,2.9524,2.6651,Lumpy
EP21-0046,JUEGO DE CADENA DE DISTRIBUCIÓN,62,15,0.2419,4.1333,4.4638,Lumpy
EP21-0152,JUEGO DE CADENA DE DISTRIBUCIÓN,62,30,0.4839,2.0667,1.3098,Lumpy
EP21-0249,JUEGO DE CADENA DE DISTRIBUCIÓN,62,18,0.2903,3.4444,3.5373,Lumpy
EP21-0388,JUEGO DE CADENA DE DISTRIBUCIÓN,62,21,0.3387,2.9524,3.3761,Lumpy
EP21-0389,JUEGO DE CADENA DE DISTRIBUCIÓN,62,25,0.4032,2.48,3.3452,Lumpy
EP21-0397,KIT DISTRIBUCION,62,19,0.3065,3.2632,4.2552,Lumpy
EP21-0411,JUEGO DE CADENA DE DISTRIBUCIÓN,62,13,0.2097,4.7692,5.1594,Lumpy
EP21-0413,JUEGO DE CADENA DE DISTRIBUCIÓN,62,25,0.4032,2.48,1.8037,Lumpy
EP21-0432,JUEGO DE CADENA DE DISTRIBUCIÓN,62,14,0.2258,4.4286,4.8149,Lumpy
EP21-0512,JUEGO DE CADENA DE DISTRIBUCIÓN,62,45,0.7258,1.3778,0.5181,Lumpy
EP21-0549,JUEGO DE CADENA DE DISTRIBUCIÓN,62,13,0.2097,4.7692,4.5961,Lumpy
EP21-0589,JUEGO DE CADENA DE DISTRIBUCIÓN,62,24,0.3871,2.5833,1.9306,Lumpy
EP21-0601,JUEGO DE CADENA DE DISTRIBUCIÓN,62,30,0.4839,2.0667,1.3466,Lumpy
EP21-0618,JUEGO DE CADENA DE DISTRIBUCIÓN,62,17,0.2742,3.6471,8.176,Lumpy
EP21-0620,JUEGO DE CADENA DE DISTRIBUCIÓN,62,31,0.5,2.0,1.2899,Lumpy
EP29-0019,BANDA DISTRIBUCION,62,7,0.1129,8.8571,10.0332,Lumpy
EP34-3000,RECEPTOR RULIMAN DE CAJA COJINETE,62,43,0.6935,1.4419,0.5886,Lumpy
EPAP8266,BOMBA AGUA AUXILIAR AMAROK,62,34,0.5484,1.8235,1.0994,Lumpy
EPP512,BOMBA DE AGUA,62,11,0.1774,5.6364,7.1779,Lumpy
EPP513,BOMBA DE AGUA,62,19,0.3065,3.2632,2.8352,Lumpy
EPP513G,BASE BOMBA DE AGUA,62,21,0.3387,2.9524,2.7689,Lumpy
EPP540,BOMBA DE AGUA,62,17,0.2742,3.6471,3.8288,Lumpy
EPP891,BOMBA AGUA,62,4,0.0645,15.5,14.5,Lumpy
EPPK05133,BOMBA DE AGUA + KIT CORREA DISTRIBUCIÓN,62,24,0.3871,2.5833,2.5295,Lumpy
EPPK05471,KIT DISTRIBUCION CON BOMBA AGUA,62,8,0.129,7.75,11.8809,Lumpy
EPPK06570TH,BOMBA AGUA,62,30,0.4839,2.0667,5.1851,Lumpy
EPPK06651,BOMBA DE AGUA + KIT CORREA DISTRIBUCIÓN,62,25,0.4032,2.48,2.6066,Lumpy
ET0271-HJ-1570,CAUCHO BASE INF ESPIRAL POST,62,23,0.371,2.6957,1.9767,Lumpy
ET1601-DC-0041,CONO Y CORONA,62,26,0.4194,2.3846,1.7958,Lumpy
ETBK0029,KIT DISTRIBUCION,62,18,0.2903,3.4444,3.2822,Lumpy
ETBK0033,KIT DISTRIBUCION,62,29,0.4677,2.1379,1.4383,Lumpy
ETBK5001,KIT DISTRIBUCION,62,11,0.1774,5.6364,10.0082,Lumpy
ETBK5002,KIT DISTRIBUCION,62,26,0.4194,2.3846,3.1385,Lumpy
ETBK5003,KIT DISTRIBUCION,62,17,0.2742,3.6471,5.301,Lumpy
ETBK5004,KIT DISTRIBUCION,62,17,0.2742,3.6471,4.4537,Lumpy
ETBK5005,KIT  DISTRIBUCION,62,17,0.2742,3.6471,6.3434,Lumpy
ETBK5006,KIT DISTRIBUCION,62,19,0.3065,3.2632,3.235,Lumpy
ETCK0022,KIT DISTRIBUCION,62,18,0.2903,3.4444,3.0575,Lumpy
ETCK0028,KIT DISTRIBUCION,62,14,0.2258,4.4286,5.4045,Lumpy
ETCK0101,KIT DISTRIBUCION,62,22,0.3548,2.8182,3.8079,Lumpy
ETCK0102,KIT DISTRIBUCION,62,16,0.2581,3.875,4.4657,Lumpy
ETCK0116,KIT  DISTRIBUCION,62,27,0.4355,2.2963,1.72,Lumpy
ETCK0118,KIT  DISTRIBUCION,62,37,0.5968,1.6757,2.2385,Lumpy
ETCK2036,KIT DISTRIBUCION,62,19,0.3065,3.2632,7.3813,Lumpy
ETCK2057,KIT DISTRIBUCION,62,6,0.0968,10.3333,10.7851,Lumpy
ETCK2090,KIT DISTRIBUCION,62,31,0.5,2.0,1.2198,Lumpy
ETCK5018,KIT DISTRIBUCION,62,16,0.2581,3.875,4.4492,Lumpy
ETCK5032,KIT DISTRIBUCION,62,19,0.3065,3.2632,3.5318,Lumpy
ETCK5033,KIT DISTRIBUCION,62,26,0.4194,2.3846,3.8593,Lumpy
ETCK5035,KIT DISTRIBUCION,62,19,0.3065,3.2632,6.2589,Lumpy
ETCK5036,KIT  DISTRIBUCION,62,34,0.5484,1.8235,0.9878,Lumpy
ETCK5037,KIT DISTRIBUCION,62,35,0.5645,1.7714,4.1855,Lumpy
FD-7401,FILTRO GASOLINA,62,18,0.2903,3.4444,5.2249,Lumpy
FD-7401G,FILTRO COMBUSTIBLE,62,29,0.4677,2.1379,2.6039,Lumpy
FD-WK939,FILTRO COMBUSTIBLE,62,42,0.6774,1.4762,0.6176,Lumpy
FD1770A106,FILTRO COMBUSTIBLE,62,21,0.3387,2.9524,4.3234,Lumpy
FG-0012,FILTRO GASOLINA,62,26,0.4194,2.3846,3.7962,Lumpy
FG-0014,FILTRO GASOLINA,62,27,0.4355,2.2963,1.4962,Lumpy
FG-0019,FILTRO GASOLINA,62,27,0.4355,2.2963,1.4965,Lumpy
FG-0027,FILTRO GASOLINA,62,28,0.4516,2.2143,3.7966,Lumpy
FG-0028,FILTRO GASOLINA,62,28,0.4516,2.2143,4.1352,Lumpy
FG-0050,FILTRO GASOLINA,62,46,0.7419,1.3478,0.482,Intermittent
FG-0056,FILTRO GASOLINA,62,24,0.3871,2.5833,5.7998,Lumpy
FG-0101,FILTRO GASOLINA,62,10,0.1613,6.2,6.0851,Lumpy
FG-0105,FILTRO GASOLINA,62,9,0.1452,6.8889,9.4767,Lumpy
FG-0136,FILTRO GASOLINA,62,23,0.371,2.6957,3.0058,Lumpy
FG-0198,FILTRO GASOLINA,62,15,0.2419,4.1333,4.8644,Lumpy
FG-0490,FILTRO GASOLINA,62,26,0.4194,2.3846,1.8533,Lumpy
FG-0578,FILTRO GASOLINA,62,29,0.4677,2.1379,1.7413,Lumpy
FG-0B00,FILTRO GASOLINA,62,40,0.6452,1.55,0.695,Lumpy
FG-0G00,FILTRO GASOLINA,62,20,0.3226,3.1,2.5759,Lumpy
FG-1051B,FILTRO GASOLINA,62,29,0.4677,2.1379,1.9789,Lumpy
FG-1100,FILTRO GASOLINA,62,20,0.3226,3.1,3.3711,Lumpy
FG-128,FILTRO GASOLINA SAIL,62,18,0.2903,3.4444,3.4412,Lumpy
FG-2021,FILTRO GASOLINA,62,20,0.3226,3.1,9.9907,Lumpy
FG-3074,FILTRO GASOLINA,62,29,0.4677,2.1379,1.3639,Lumpy
FG-3081,FILTRO GASOLINA,62,21,0.3387,2.9524,4.1513,Lumpy
FG-31130,FILTRO GASOLINA,62,34,0.5484,1.8235,2.5325,Lumpy
FG-312,FILTRO GASOLINA,62,34,0.5484,1.8235,1.1,Lumpy
FG-3480,FILTRO GASOLINA,62,26,0.4194,2.3846,1.7398,Lumpy
FG-3480W,FILTRO GASOLINA,62,14,0.2258,4.4286,6.629,Lumpy
FG-3600,FILTRO GASOLINA,62,33,0.5323,1.8788,1.4052,Lumpy
FG-5040,FILTRO GASOLINA,62,18,0.2903,3.4444,6.75,Lumpy
FG-511A,FILTRO GASOLINA,62,23,0.371,2.6957,2.2596,Lumpy
FG-511B,FILTRO GASOLINA,62,8,0.129,7.75,8.1355,Lumpy
FG-5555,FILTRO GASOLINA SAIL 2016-->,62,9,0.1452,6.8889,7.3214,Lumpy
FG-55AA,FILTRO GASOLINA,62,37,0.5968,1.6757,0.9192,Lumpy
FG-55AB,FILTRO GASOLINA,62,26,0.4194,2.3846,3.6276,Lumpy
FG-55AC,FILTRO GASOLINA,62,32,0.5161,1.9375,1.1904,Lumpy
FG-5719,FILTRO GASOLINA AVEO CHEV TAXI,62,32,0.5161,1.9375,1.5091,Lumpy
FG-5931,FILTRO GASOLINA,62,30,0.4839,2.0667,1.3235,Lumpy
FG-6030,FILTRO GASOLINA,62,23,0.371,2.6957,4.823,Lumpy
FG-6030A,FILTRO GASOLINA,62,33,0.5323,1.8788,1.8588,Lumpy
FG-9096,FILTRO GASOLINA,62,13,0.2097,4.7692,7.5898,Lumpy
FG-9123,FILTRO GASOLINA,62,24,0.3871,2.5833,2.6662,Lumpy
FG-9580,FILTRO GASOLINA,62,21,0.3387,2.9524,2.3881,Lumpy
FI-2F000,TAPA MODULO GASOLINA,62,34,0.5484,1.8235,1.2622,Lumpy
FI-3R000,FILTRO INTANK,62,11,0.1774,5.6364,7.9096,Lumpy
FI-A106,FILTRO GASOLINA,62,41,0.6613,1.5122,0.6556,Lumpy
FI-JX30A,FILTRO GASOLINA,62,15,0.2419,4.1333,5.2464,Lumpy
FI-Y922,FILTRO GASOLINA,62,30,0.4839,2.0667,1.3574,Lumpy
FIN16400-4M405,FILTRO INTANK,62,37,0.5968,1.6757,0.9411,Lumpy
FIN17040-JR40C,FILTRO INTANK,62,18,0.2903,3.4444,3.0102,Lumpy
FIN17040-JR50A,FILTRO INTANK,62,28,0.4516,2.2143,3.1996,Lumpy
FIN17040-JX30A,FILTRO INTANK,62,23,0.371,2.6957,2.9921,Lumpy
FIN233-28040,FILTRO,62,30,0.4839,2.0667,2.9095,Lumpy
FIN23300-0L010,FILTRO COMBUSTIBLE,62,21,0.3387,2.9524,3.2704,Lumpy
FIN23300-20130,FILTRO INTANK,62,26,0.4194,2.3846,3.3957,Lumpy
FIN23300-21010,FILTRO INTANK,62,15,0.2419,4.1333,4.1763,Lumpy
FIN23300-21030,FILTRO INTANK,62,27,0.4355,2.2963,1.5589,Lumpy
FIN23300-28040,FILTRO,62,33,0.5323,1.8788,1.0623,Lumpy
FIN23300-74330,FILTRO INTANK,62,25,0.4032,2.48,1.7599,Lumpy
FIN31112-1CA00,FILTRO INTANK,62,26,0.4194,2.3846,1.928,Lumpy
FIN31112-1G500,FILTRO INTANK,62,26,0.4194,2.3846,2.0201,Lumpy
FIN31112-2E000,FILTRO INTANK,62,25,0.4032,2.48,3.718,Lumpy
FIN31910-2H000,FILTRO INTANK,62,18,0.2903,3.4444,3.6889,Lumpy
FIN31911-26000,FILTRO INTANK,62,17,0.2742,3.6471,4.6725,Lumpy
FIN31911-2C000,FILTRO INTANK,62,21,0.3387,2.9524,3.4368,Lumpy
FINMR526974,FILTRO INTANK,62,25,0.4032,2.48,3.0138,Lumpy
FL01063B01,BOMBA GASOLINA SUMERGIBLE,62,28,0.4516,2.2143,1.5662,Lumpy
FL012VT200,BOMBA GASOLINA SUMERGIBLE,62,29,0.4677,2.1379,1.4064,Lumpy
FL01SWI152,BOMBA GASOLINA SUMERGIBLE,62,38,0.6129,1.6316,1.9893,Lumpy
FL01V31FIL,FILTRO GASOLINA SUMERGIBLE,62,25,0.4032,2.48,2.1,Lumpy
FL01V31V33,BOMBA GASOLINA SUMERGIBLE CON UN PREFILTRO DE FLFILV33 Y EL PREFILTRO FLSF2,62,12,0.1935,5.1667,10.0806,Lumpy
FL020E2487,BOMBA GASOLINA SUMERGIBLE,62,7,0.1129,8.8571,13.551,Lumpy
FL02111B26,BOMBA GASOLINA SUMERGIBLE,62,19,0.3065,3.2632,4.2962,Lumpy
FL03L109119,BANDA DE DISTRIBUCION 160RU25,62,15,0.2419,4.1333,4.7719,Lumpy
FL04578815AE,MODULO GASOLINA SUMERGIBLE,62,34,0.5484,1.8235,1.1224,Lumpy
FL056109119A,BANDA DE DISTRIBUCION 121ZA18,62,15,0.2419,4.1333,3.9912,Lumpy
FL0580314361,MODULO GASOLINA SUMERGIBLE,62,8,0.129,7.75,8.2256,Lumpy
FL06A109119K,BANDA DE DISTRIBUCION 138S8M23,62,16,0.2581,3.875,3.7553,Lumpy
FL06B109119A,BANDA DE DISTRIBUCION 150S8M23,62,20,0.3226,3.1,4.1293,Lumpy
FL080E2035,BOMBA GASOLINA SUMERGIBLE,62,21,0.3387,2.9524,2.6338,Lumpy
FL0824000B,BOMBA GASOLINA SUMERGIBLE,62,23,0.371,2.6957,5.7003,Lumpy
FL08453509,BOMBA GASOLINA SUMERGIBLE,62,27,0.4355,2.2963,3.0272,Lumpy
FL0881500B,BOMBA GASOLINA SUMERGIBLE,62,28,0.4516,2.2143,2.0059,Lumpy
FL0902E000,FILTRO GASOLINA SUMERGIBLE,62,16,0.2581,3.875,4.8001,Lumpy
FL0K020,SENSOR NIVEL GASOLINA TOYOTA HILUX,62,22,0.3548,2.8182,3.0943,Lumpy
FL0K2DJ1335Z,MODULO GASOLINA SUMERGIBLE,62,35,0.5645,1.7714,0.9561,Lumpy
FL101YU20,BANDA DISTRIBUCION,62,32,0.5161,1.9375,1.5088,Lumpy
FL105RUT022,BANDA DISTRIBUCION,62,25,0.4032,2.48,2.2985,Lumpy
FL109YU25,BANDA DISTRIBUCION,62,18,0.2903,3.4444,5.9563,Lumpy
FL1106100BK00XA,MODULO GASOLINA SUMERGIBLE,62,20,0.3226,3.1,2.8607,Lumpy
FL111RU17,BANDA DISTRIBUCION CH. AVEO 8 VAL (111 DIENTES),62,16,0.2581,3.875,6.6105,Lumpy
FL113RU25,BANDA DISTRIBUCION,62,30,0.4839,2.0667,3.3066,Lumpy
FL11REN514,BOMBA GASOLINA SUMERGIBLE,62,14,0.2258,4.4286,9.7436,Lumpy
FL122ZA20,BANDA DISTRIBUCION LUV 2.3 GATES T122,62,35,0.5645,1.7714,1.0704,Lumpy
FL127RUT025,BANDA DISTRIBUCION,62,32,0.5161,1.9375,1.2101,Lumpy
FL13503672,MODULO GASOLINA SUMERGIBLE,62,34,0.5484,1.8235,1.173,Lumpy
FL13579019,MODULO GASOLINA SUMERGIBLE,62,17,0.2742,3.6471,4.1782,Lumpy
FL13584225,MODULO GASOLINA SUMERGIBLE,62,15,0.2419,4.1333,4.2485,Lumpy
FL13586776,BOMBA GASOLINA SUMERGIBLE,62,12,0.1935,5.1667,4.9233,Lumpy
FL13592603,MODULO GASOLINA SUMERGIBLE,62,21,0.3387,2.9524,3.1678,Lumpy
FL137S8M22,BANDA DISTRIBUCION,62,11,0.1774,5.6364,5.5968,Lumpy
FL15100-61M00,MODULO GASOLINA SUMERGIBLE,62,18,0.2903,3.4444,3.0635,Lumpy
FL15100-65J0K,SEMI MODULO GASOLINA SUMERGIBLE,62,37,0.5968,1.6757,0.9068,Lumpy
FL15100-76A30,MODULO GASOLINA SUMERGIBLE,62,29,0.4677,2.1379,2.4496,Lumpy
FL15100-78F00,MODULO GASOLINA SUMERGIBLE,62,37,0.5968,1.6757,0.9786,Lumpy
FL15100-78K20,MODULO GASOLINA SUMERGIBLE,62,17,0.2742,3.6471,3.7957,Lumpy
FL1510065D00,MODULO GASOLINA SUMERGIBLE,62,25,0.4032,2.48,1.7386,Lumpy
FL152582,MODULO GASOLINA SUMERGIBLE,62,27,0.4355,2.2963,2.3346,Lumpy
FL1525H8,MODULO GASOLINA SUMERGIBLE,62,31,0.5,2.0,1.2539,Lumpy
FL1525Q7,MODULO GASOLINA SUMERGIBLE,62,16,0.2581,3.875,5.4045,Lumpy
FL1525Y4,MODULO GASOLINA SUMERGIBLE,62,7,0.1129,8.8571,14.1837,Lumpy
FL15310-75F01,FILTRO GASOLINA,62,19,0.3065,3.2632,3.3024,Lumpy
FL15310-81A00,FILTRO GASOLINA,62,24,0.3871,2.5833,2.4968,Lumpy
FL1604703594,BOMBA GASOLINA SUMERGIBLE,62,25,0.4032,2.48,1.9011,Lumpy
FL16117197076,MODULO GASOLINA SUMERGIBLE,62,16,0.2581,3.875,6.2915,Lumpy
FL16146752368,BOMBA GASOLINA SUMERGIBLE,62,40,0.6452,1.55,0.6328,Lumpy
FL162S8M20,BANDA DISTRIBUCION,62,30,0.4839,2.0667,1.9183,Lumpy
FL169STPD24,BANDA DISTRIBUCION,62,33,0.5323,1.8788,2.144,Lumpy
FL17040-1HK0B,MODULO  GASOLINA SUMERGIBLE,62,38,0.6129,1.6316,0.8023,Lumpy
FL17040-4BA1A,MODULO GASOLINA SUMERGIBLE,62,28,0.4516,2.2143,2.2322,Lumpy
FL17040-4BB1A,MODULO DE GAASOLINA,62,14,0.2258,4.4286,3.8998,Lumpy
FL17040-4EF1A,MODULO GASOLINA SUMERGIBLE,62,20,0.3226,3.1,3.3212,Lumpy
FL17040-4M500,MODULO GASOLINA SUMERGIBLE,62,23,0.371,2.6957,3.3348,Lumpy
FL17040-5RB0A,MODULO GASOLINA SUMERGIBLE,62,17,0.2742,3.6471,3.8536,Lumpy
FL17040-8H31B,MODULO GASOLINA SUMERGIBLE,62,19,0.3065,3.2632,3.2167,Lumpy
FL17040-8M21B,MODULO GASOLINA SUMERGIBLE,62,27,0.4355,2.2963,6.9544,Lumpy
FL17040-8U002,MODULO GASOLINA SUMERGIBLE,62,37,0.5968,1.6757,0.9221,Lumpy
FL17040-95F0B,MODULO GASOLINA SUMERGIBLE,62,21,0.3387,2.9524,2.31,Lumpy
FL17040-9N00A,MODULO GASOLINA SUMERGIBLE,62,45,0.7258,1.3778,0.7108,Lumpy
FL17040-CH000,MODULO GASOLINA SUMERGIBLE NISSAN SENTRA 02-06 TIIDA E9547M,62,28,0.4516,2.2143,4.0905,Lumpy
FL17040-ED80A,MODULO GASOLINA SUMERGIBLE,62,33,0.5323,1.8788,1.3633,Lumpy
FL17040-EL70A,MODULO GASOLINA SUMERGIBLE,62,25,0.4032,2.48,3.0357,Lumpy
FL17040-EM30A,MODULO GASOLINA SUMERGIBLE,62,16,0.2581,3.875,6.8457,Lumpy
FL17040-ET00A,MODULO GASOLINA SUMERGIBLE,62,33,0.5323,1.8788,5.4874,Lumpy
FL17040-JD00A,MODULO GASOLINA,62,30,0.4839,2.0667,2.1762,Lumpy
FL17040-JE20A,MODULO GASOLINA SUMERGIBLE,62,18,0.2903,3.4444,4.0684,Lumpy
FL17040-JN00A,MODULO GASOLINA SUMERGIBLE,62,32,0.5161,1.9375,3.3365,Lumpy
FL17040-JY10A,MODULO GASOLINA SUMERGIBLE,62,17,0.2742,3.6471,6.5392,Lumpy
FL17040-VK01A,MODULO GASOLINA SUMERGIBLE,62,22,0.3548,2.8182,2.3061,Lumpy
FL170408B000,MODULO GASOLINA SUMERGIBLE,62,18,0.2903,3.4444,6.0368,Lumpy
FL170428HK0A,BOMBA DE GASOLINA SUMERGIBLE,62,23,0.371,2.6957,2.8863,Lumpy
FL172025090R,BOMBA GASOLINA SUMERGIBLE,62,21,0.3387,2.9524,3.48,Lumpy
FL1760A156,MODULO GASOLINA SUMERGIBLE,62,18,0.2903,3.4444,5.5387,Lumpy
FL1770A106,SEMI MODULO GASOLINA SUMERGIBLE,62,34,0.5484,1.8235,1.0215,Lumpy
FL191S8M32,BANDA DISTRIBUCION,62,14,0.2258,4.4286,6.5762,Lumpy
FL1J0919051,SENSOR NIVEL GASOLINA,62,25,0.4032,2.48,3.3742,Lumpy
FL1J0919051J,MODULO GASOLINA SUMERGIBLE,62,38,0.6129,1.6316,2.9698,Lumpy
FL1J0919087H,MODULO GASOLINA SUMERGIBLE,62,30,0.4839,2.0667,1.4239,Lumpy
FL1J0919087J,MODULO GASOLINA SUMERGIBLE,62,8,0.129,7.75,10.625,Lumpy
FL1K0919050AB,MODULO GASOLINA SUMERGIBLE,62,22,0.3548,2.8182,2.491,Lumpy
FL1K0919051DA,MODULO GASOLINA SUMERGIBLE,62,20,0.3226,3.1,3.0109,Lumpy
FL2034702394,MODULO GASOLINA SUMERGIBLE,62,36,0.5806,1.7222,0.8397,Lumpy
FL2034703594,MODULO GASOLINA SUMERGIBLE,62,25,0.4032,2.48,1.74,Lumpy
FL2114704094,MODULO GASOLINA SUMERGIBLE,62,25,0.4032,2.48,2.0762,Lumpy
FL22021132,BOMBA GASOLINA SUMERGIBLE,62,16,0.2581,3.875,4.1157,Lumpy
FL2310-87403,MODULO GASOLINA SUMERGIBLE,62,37,0.5968,1.6757,0.8788,Lumpy
FL23217-21010,PREFILTRO,62,36,0.5806,1.7222,0.9206,Lumpy
FL2352M,BOMBA GASOLINA SUMERGIBLE,62,8,0.129,7.75,15.4952,Lumpy
FL23537761,MODULO GASOLINA SUMERGIBLE,62,34,0.5484,1.8235,3.0066,Lumpy
FL24546376,MODULO GASOLINA SUMERGIBLE,62,15,0.2419,4.1333,6.3941,Lumpy
FL25060-8H311,SENSOR NIVEL GASOLINA NISSAN XTRAIL T30,62,19,0.3065,3.2632,3.7877,Lumpy
FL26296818,MODULO GASOLINA SUMERGIBLE,62,23,0.371,2.6957,3.2907,Lumpy
FL26296829,MODULO GASOLINA SUMERGIBLE,62,29,0.4677,2.1379,1.8396,Lumpy
FL26671330,SENSOR NIVEL GASOLINA SAIL MODERNO 1.5,62,17,0.2742,3.6471,5.7425,Lumpy
FL26689547,MODULO GASOLINA SUMERGIBLE,62,37,0.5968,1.6757,0.9613,Lumpy
FL2E0919050F,MODULO GASOLINA SUMERGIBLE,62,31,0.5,2.0,2.4314,Lumpy
FL2H0919050B,MODULO GASOLINA SUMERGIBLE,62,27,0.4355,2.2963,2.6989,Lumpy
FL2H09190KIT,KIT DE REPARACION AMAROK,62,18,0.2903,3.4444,3.2189,Lumpy
FL2H0919673A,SENSOR NIVEL GASOLINA,62,7,0.1129,8.8571,11.6449,Lumpy
FL2QD919051B,MODULO GASOLINA SUMERGIBLE,62,19,0.3065,3.2632,3.0663,Lumpy
FL30017001,BOMBA GASOLINA SUMERGIBLE,62,44,0.7097,1.4091,0.6422,Lumpy
FL30028090,BOMBA GASOLINA SUMERGIBLE,62,8,0.129,7.75,8.805,Lumpy
FL30028100,BOMBA GASOLINA SUMERGIBLE,62,39,0.629,1.5897,0.7819,Lumpy
FL30046001,BOMBA GASOLINA SUMERGIBLE,62,23,0.371,2.6957,2.1581,Lumpy
FL30057B01,BOMBA GASOLINA SUMERGIBLE,62,22,0.3548,2.8182,3.1247,Lumpy
FL300E2258,BOMBA GASOLINA SUMERGIBLE,62,18,0.2903,3.4444,3.4089,Lumpy
FL300TU200,MODULO GASOLINA SUMERGIBLE,62,40,0.6452,1.55,0.7653,Lumpy
FL30174202,BOMBA GASOLINA SUMERGIBLE,62,16,0.2581,3.875,4.7494,Lumpy
FL30215701,BOMBA GASOLINA SUMERGIBLE,62,43,0.6935,1.4419,0.6001,Lumpy
FL30230002,MODULO GASOLINA SUMERGIBLE,62,23,0.371,2.6957,3.245,Lumpy
FL3024000A,BOMBA GASOLINA SUMERGIBLE,62,41,0.6613,1.5122,0.7588,Lumpy
FL30307403,MODULO GASOLINA SUMERGIBLE,62,17,0.2742,3.6471,4.8882,Lumpy
FL30353777,BOMBA GASOLINA SUMERGIBLE,62,20,0.3226,3.1,5.0268,Lumpy
FL30453432,BOMBA GASOLINA SUMERGIBLE,62,20,0.3226,3.1,4.3738,Lumpy
FL30454001,BOMBA GASOLINA SUMERGIBLE,62,35,0.5645,1.7714,1.0019,Lumpy
FL3045400T,BOMBA GASOLINA SUMERGIBLE,62,19,0.3065,3.2632,3.5107,Lumpy
FL30454078,BOMBA GASOLINA SUMERGIBLE,62,11,0.1774,5.6364,5.3483,Lumpy
FL30454131,BOMBA GASOLINA SUMERGIBLE,62,26,0.4194,2.3846,1.6276,Lumpy
FL30454BYH,BOMBA GASOLINA SUMERGIBLE,62,26,0.4194,2.3846,2.3833,Lumpy
FL30454CYH,BOMBA GASOLINA SUMERGIBLE,62,29,0.4677,2.1379,7.0452,Lumpy
FL30464038,BOMBA GASOLINA SUMERGIBLE     PEUGEOT RENAULT CITROEN BMW E2,62,28,0.4516,2.2143,3.6759,Lumpy
FL309051BH,BOMBA GASOLINA SUMERGIBLE,62,22,0.3548,2.8182,2.8992,Lumpy
FL30919051,MODULO GASOLINA SUMERGIBLE,62,30,0.4839,2.0667,1.4672,Lumpy
FL30ASTR20,BOMBA GASOLINA SUMERGIBLE,62,19,0.3065,3.2632,3.0037,Lumpy
FL30CAB034,BOMBA GASOLINA SUMERGIBLE,62,26,0.4194,2.3846,1.7986,Lumpy
FL30CHN003,BOMBA GASOLINA SUMERGIBLE,62,38,0.6129,1.6316,0.9861,Lumpy
FL30CHN005,BOMBA GASOLINA SUMERGIBLE,62,18,0.2903,3.4444,4.0965,Lumpy
FL30CHN007,BOMBA GASOLINA SUMERGIBLE,62,23,0.371,2.6957,2.5592,Lumpy
FL30CHN009,BOMBA GASOLINA SUMERGIBLE,62,25,0.4032,2.48,2.0476,Lumpy
FL30CHN011,BOMBA GASOLINA SUMERGIBLE,62,8,0.129,7.75,8.0658,Lumpy
FL30CHN015,BOMBA GASOLINA SUMERGIBLE,62,15,0.2419,4.1333,4.4939,Lumpy
FL30CHN019,BOMBA GASOLINA SUMERGIBLE,62,29,0.4677,2.1379,1.3425,Lumpy
FL30CHN021,BOMBA GASOLINA SUMERGIBLE,62,25,0.4032,2.48,2.8476,Lumpy
FL30CLI009,BOMBA GASOLINA SUMERGIBLE,62,21,0.3387,2.9524,3.3926,Lumpy
FL30E2530M,MODULO GASOLINA SUMERGIBLE,62,24,0.3871,2.5833,3.6416,Lumpy
FL30ECO001,BOMBA GASOLINA SUMERGIBLE,62,9,0.1452,6.8889,15.3299,Lumpy
FL30HY8050,BOMBA GASOLINA SUMERGIBLE,62,14,0.2258,4.4286,3.8639,Lumpy
FL30HY9000,BOMBA GASOLINA SUMERGIBLE,62,36,0.5806,1.7222,0.9911,Lumpy
FL30HYD000,BOMBA GASOLINA SUMERGIBLE,62,20,0.3226,3.1,3.2577,Lumpy
FL30MIT033,BOMBA GASOLINA SUMERGIBLE,62,32,0.5161,1.9375,2.1498,Lumpy
FL30MU0220,BOMBA GASOLINA SUMERGIBLE,62,28,0.4516,2.2143,2.6451,Lumpy
FL30NIS032,BOMBA GASOLINA SUMERGIBLE,62,22,0.3548,2.8182,3.2408,Lumpy
FL30P9890K,BOMBA GASOLINA SUMERGIBLE,62,23,0.371,2.6957,3.847,Lumpy
FL30SENR15,BOMBA GASOLINA SUMERGIBLE,62,30,0.4839,2.0667,2.9252,Lumpy
FL30SENR16,BOMBA GASOLINA SUMERGIBLE,62,17,0.2742,3.6471,2.9731,Lumpy
FL30SILVER,BOMBA GASOLINA SUMERGIBLE,62,19,0.3065,3.2632,4.5291,Lumpy
FL30SPA088,BOMBA GASOLINA SUMERGIBLE,62,29,0.4677,2.1379,2.0167,Lumpy
FL30T21132,BOMBA GASOLINA SUMERGIBLE,62,21,0.3387,2.9524,2.4409,Lumpy
FL30T28030,BOMBA GASOLINA SUMERGIBLE,62,18,0.2903,3.4444,4.6204,Lumpy
FL30VW9051,BOMBA GASOLINA SUMERGIBLE,62,16,0.2581,3.875,3.3335,Lumpy
FL31110-02000,MODULO GASOLINA SUMERGIBLE,62,25,0.4032,2.48,1.9244,Lumpy
FL31110-02500,MODULO GASOLINA SUMERGIBLE,62,22,0.3548,2.8182,2.6649,Lumpy
FL31110-07000,MODULO GASOLINA SUMERGIBLE,62,18,0.2903,3.4444,4.2361,Lumpy
FL31110-0U000,MODULO GASOLINA SUMERGIBLE,62,26,0.4194,2.3846,2.7849,Lumpy
FL31110-0W000,MODULO GASOLINA SUMERGIBLE,62,8,0.129,7.75,10.408,Lumpy
FL31110-0X000,MODULO GASOLINA SUMERGIBLE,62,26,0.4194,2.3846,1.6792,Lumpy
FL31110-17000,MODULO GASOLINA SUMERGIBLE,62,30,0.4839,2.0667,3.1336,Lumpy
FL31110-1C000,MODULO GASOLINA SUMERGIBLE,62,29,0.4677,2.1379,2.2759,Lumpy
FL31110-1F980,MODULO GASOLINA SUMERGIBLE,62,34,0.5484,1.8235,0.9914,Lumpy
FL31110-1G000,MODULO GASOLINA SUMERGIBLE,62,3,0.0484,20.6667,28.3988,Lumpy
FL31110-1G000SM,MODULO GASOLINA SUMERGIBLE,62,24,0.3871,2.5833,5.6524,Lumpy
FL31110-1H000,MODULO GASOLINA SUMERGIBLE,62,16,0.2581,3.875,5.748,Lumpy
FL31110-1M000,MODULO GASOLINA SUMERGIBLE,62,37,0.5968,1.6757,0.8375,Lumpy
FL31110-1M200,MODULO GASOLINA SUMERGIBLE,62,28,0.4516,2.2143,1.3579,Lumpy
FL31110-1R000,MODULO GASOLINA SUMERGIBLE,62,6,0.0968,10.3333,11.7348,Lumpy
FL31110-1R200,MODULO GASOLINA SUMERGIBLE,62,13,0.2097,4.7692,10.124,Lumpy
FL31110-1R500,MODULO GASOLINA SUMERGIBLE,62,24,0.3871,2.5833,1.8027,Lumpy
FL31110-1U000,MODULO GASOLINA SUMERGIBLE,62,34,0.5484,1.8235,1.0321,Lumpy
FL31110-1W000,MODULO GASOLINA SUMERGIBLE,62,16,0.2581,3.875,3.65,Lumpy
FL31110-25000,MODULO GASOLINA SUMERGIBLE,62,18,0.2903,3.4444,3.3088,Lumpy
FL31110-26500,MODULO GASOLINA SUMERGIBLE,62,31,0.5,2.0,1.2262,Lumpy
FL31110-2B000,MODULO GASOLINA SUMERGIBLE,62,32,0.5161,1.9375,4.657,Lumpy
FL31110-2E000,MODULO GASOLINA SUMERGIBLE,62,17,0.2742,3.6471,3.403,Lumpy
FL31110-2E000SM,MODULO GASOLINA SUMERGIBLE,62,8,0.129,7.75,14.3789,Lumpy
FL31110-2P000,MODULO GASOLINA SUMERGIBLE,62,34,0.5484,1.8235,1.124,Lumpy
FL31110-2S000,MODULO GASOLINA SUMERGIBLE,62,35,0.5645,1.7714,1.1458,Lumpy
FL31110-2S100,MODULO GASOLINA SUMERGIBLE,62,8,0.129,7.75,10.1634,Lumpy
FL31110-2S200,MODULO GASOLINA SUMERGIBLE,62,7,0.1129,8.8571,15.1696,Lumpy
FL31110-2S510,MODULO GASOLINA SUMERGIBLE,62,28,0.4516,2.2143,1.675,Lumpy
FL31110-3X500,MODULO GASOLINA SUMERGIBLE,62,16,0.2581,3.875,4.0986,Lumpy
FL31110-4H500,MODULO GASOLINA SUMERGIBLE,62,19,0.3065,3.2632,2.5661,Lumpy
FL31110-A0000,MODULO GASOLINA SUMERGIBLE,62,27,0.4355,2.2963,1.6158,Lumpy
FL31110-B2500,MODULO GASOLINA SUMERGIBLE,62,19,0.3065,3.2632,3.0814,Lumpy
FL31110-B4000,MODULO GASOLINA SUMERGIBLE,62,8,0.129,7.75,9.8128,Lumpy
FL31110-B8500,MODULO GASOLINA SUMERGIBLE,62,30,0.4839,2.0667,1.3129,Lumpy
FL31110-D3100,MODULO GASOLINA SUMERGIBLE,62,28,0.4516,2.2143,3.1563,Lumpy
FL31110-D7100,MODULO GASOLINA SUMERGIBLE,62,30,0.4839,2.0667,1.594,Lumpy
FL31110-F3500,MODULO GASOLINA SUMERGIBLE,62,34,0.5484,1.8235,1.0725,Lumpy
FL31110-G6100,MODULO GASOLINA SUMERGIBLE,62,40,0.6452,1.55,2.6832,Lumpy
FL31110-H7000,MODULO GASOLINA SUMERGIBLE,62,34,0.5484,1.8235,1.166,Lumpy
FL31112-C9100,FILTRO GASOLINA,62,36,0.5806,1.7222,0.9779,Lumpy
FL31120-H9000,MODULO GASOLINA SUMERGIBLE,62,10,0.1613,6.2,7.037,Lumpy
FL35180318,BOMBA GASOLINA SUMERGIBLE,62,14,0.2258,4.4286,4.7064,Lumpy
FL35BLZ061,BOMBA GASOLINA SUMERGIBLE,62,20,0.3226,3.1,3.6821,Lumpy
FL35IZU200,BOMBA GASOLINA SUMERGIBLE,62,16,0.2581,3.875,3.7089,Lumpy
FL35IZUMOD,MODULO GASOLINA SUMERGIBLE,62,20,0.3226,3.1,3.196,Lumpy
FL373919051AA,MODULO GASOLINA SUMERGIBLE,62,26,0.4194,2.3846,3.5738,Lumpy
FL373998051,SENSOR NIVEL GASOLINA,62,25,0.4032,2.48,2.1358,Lumpy
FL3C0919051AJ,MODULO GASOLINA SUMERGIBLE,62,6,0.0968,10.3333,9.3333,Lumpy
FL3N619H307,MODULO GASOLINA SUMERGIBLE,62,26,0.4194,2.3846,1.7196,Lumpy
FL4000W202,BOMBA GASOLINA SUMERGIBLE,62,21,0.3387,2.9524,3.3513,Lumpy
FL4001R000,BOMBA GASOLINA SUMERGIBLE,62,33,0.5323,1.8788,1.1628,Lumpy
FL4001R050,BOMBA GASOLINA SUMERGIBLE,62,34,0.5484,1.8235,0.9803,Lumpy
FL4001W100,BOMBA GASOLINA SUMERGIBLE,62,27,0.4355,2.2963,2.3562,Lumpy
FL400AC001,BOMBA GASOLINA SUMERGIBLE,62,17,0.2742,3.6471,4.5623,Lumpy
FL4012B900,BOMBA GASOLINA SUMERGIBLE,62,10,0.1613,6.2,8.2114,Lumpy
FL4012V106,BOMBA GASOLINA CUADRADA UNIVERSAL =40106,62,22,0.3548,2.8182,2.733,Lumpy
FL4012V120,BOMBA GASOLINA,62,28,0.4516,2.2143,1.4346,Lumpy
FL4012V14P,BOMBA GASOLINA,62,18,0.2903,3.4444,5.1344,Lumpy
FL4018DMAX,BOMBA GASOLINA SUMERGIBLE,62,29,0.4677,2.1379,2.4534,Lumpy
FL402B9000,BOMBA GASOLINA SUMERGIBLE,62,44,0.7097,1.4091,0.5618,Lumpy
FL40453070,BOMBA GASOLINA SUMERGIBLE,62,28,0.4516,2.2143,1.9944,Lumpy
FL40B13COM,MODULO GASOLINA SUMERGIBLE,62,30,0.4839,2.0667,3.2639,Lumpy
FL40CE7192,BOMBA GASOLINA SUMERGIBLE,62,22,0.3548,2.8182,3.3993,Lumpy
FL40CLK001,BOMBA GASOLINA SUMERGIBLE,62,18,0.2903,3.4444,5.9295,Lumpy
FL40DOR078,BOMBA GASOLINA SUMERGIBLE,62,19,0.3065,3.2632,2.5636,Lumpy
FL40GSS342,BOMBA GASOLINA SUMERGIBLE,62,7,0.1129,8.8571,7.8571,Lumpy
FL40HONDA01,BOMBA GASOLINA SUMERGIBLE,62,40,0.6452,1.55,0.7844,Lumpy
FL40IZU090,BOMBA GASOLINA SUMERGIBLE,62,14,0.2258,4.4286,4.3776,Lumpy
FL40JOY001,BOMBA GASOLINA SUMERGIBLE,62,13,0.2097,4.7692,6.3837,Lumpy
FL40SAIL01,BOMBA GASOLINA SUMERGIBLE,62,16,0.2581,3.875,4.0716,Lumpy
FL40TATX60,BOMBA GASOLINA SUMERGIBLE,62,26,0.4194,2.3846,2.72,Lumpy
FL40VSZ001,BOMBA GASOLINA SUMERGIBLE,62,27,0.4355,2.2963,1.5338,Lumpy
FL40VSZ045,BOMBA GASOLINA SUMERGIBLE,62,47,0.7581,1.3191,0.4853,Smooth
FL4202P000,BOMBA GASOLINA SUMERGIBLE,62,32,0.5161,1.9375,3.4465,Lumpy
FL42345250,MODULO GASOLINA SUMERGIBLE,62,25,0.4032,2.48,3.7494,Lumpy
FL42454006,BOMBA GASOLINA SUMERGIBLE,62,38,0.6129,1.6316,0.943,Lumpy
FL42454008,BOMBA GASOLINA SUMERGIBLE,62,7,0.1129,8.8571,11.2284,Lumpy
FL42454BYH,BOMBA GASOLINA SUMERGIBLE,62,40,0.6452,1.55,0.8635,Lumpy
FL42454CYH,BOMBA GASOLINA SUMERGIBLE,62,14,0.2258,4.4286,8.6875,Lumpy
FL42B13005,BOMBA GASOLINA SUMERGIBLE,62,22,0.3548,2.8182,2.9997,Lumpy
FL42TRD003,BOMBA GASOLINA SUMERGIBLE,62,40,0.6452,1.55,0.7437,Lumpy
FL42TRD007,BOMBA GASOLINA SUMERGIBLE,62,34,0.5484,1.8235,0.9948,Lumpy
FL42VRT001,BOMBA DE GASOLINA,62,19,0.3065,3.2632,4.2398,Lumpy
FL46443197,MODULO GASOLINA SUMERGIBLE,62,34,0.5484,1.8235,1.2511,Lumpy
FL46443198,MODULO GASOLINA SUMERGIBLE,62,39,0.629,1.5897,0.8013,Lumpy
FL46765587,MODULO GASOLINA SUMERGIBLE,62,28,0.4516,2.2143,2.7362,Lumpy
FL47608007,BOMBA GASOLINA,62,33,0.5323,1.8788,1.1297,Lumpy
FL50334800,BOMBA GASOLINA SUMERGIBLE,62,17,0.2742,3.6471,5.5016,Lumpy
FL50FORD01,BOMBA GASOLINA SUMERGIBLE,62,5,0.0806,12.4,19.276,Lumpy
FL5183202AA,MODULO GASOLINA SUMERGIBLE,62,29,0.4677,2.1379,1.4189,Lumpy
FL52060351,BOMBA GASOLINA SUMERGIBLE,62,24,0.3871,2.5833,2.8232,Lumpy
FL550TU138,BOMBA GASOLINA SUMERGIBLE,62,25,0.4032,2.48,3.8045,Lumpy
FL5M519H307,MODULO GASOLINA SUMERGIBLE,62,13,0.2097,4.7692,4.7183,Lumpy
FL5N0919087E,MODULO GASOLINA SUMERGIBLE,62,30,0.4839,2.0667,1.2201,Lumpy
FL5N0919087G,MODULO GASOLINA SUMERGIBLE,62,11,0.1774,5.6364,6.7998,Lumpy
FL5PK,PREFILTRO,62,22,0.3548,2.8182,3.0339,Lumpy
FL5Q0919051BN,MODULO GASOLINA SUMERGIBLE,62,21,0.3387,2.9524,3.3028,Lumpy
FL5U0919051,MODULO GASOLINA SUMERGIBLE,62,19,0.3065,3.2632,3.2524,Lumpy
FL5U0919052A,SENSOR DE NIVEL,62,17,0.2742,3.6471,4.3217,Lumpy
FL60150100,BOMBA GASOLINA SUMERGIBLE,62,10,0.1613,6.2,7.9859,Lumpy
FL60160001,MODULO GASOLINA SUMERGIBLE,62,24,0.3871,2.5833,3.8573,Lumpy
FL60170DEL,BOMBA GASOLINA SUMERGIBLE,62,19,0.3065,3.2632,3.0413,Lumpy
FL60254910,BOMBA GASOLINA SUMERGIBLE,62,24,0.3871,2.5833,2.5413,Lumpy
FL60307000,BOMBA GASOLINA SUMERGIBLE,62,42,0.6774,1.4762,0.6854,Lumpy
FL60908090,BOMBA GASOLINA SUMERGIBLE,62,15,0.2419,4.1333,5.3502,Lumpy
FL6090809R,BOMBA GASOLINA SUMERGIBLE,62,36,0.5806,1.7222,3.6427,Lumpy
FL60CHR160,MODULO GASOLINA SUMERGIBLE,62,16,0.2581,3.875,4.0251,Lumpy
FL60DMAX60,BOMBA GASOLINA SUMERGIBLE,62,44,0.7097,1.4091,0.756,Lumpy
FL60GRJ235,BOMBA GASOLINA SUMERGIBLE,62,27,0.4355,2.2963,1.6414,Lumpy
FL60IZU160,BOMBA GASOLINA SUMERGIBLE,62,16,0.2581,3.875,4.3494,Lumpy
FL60MAZ165,BOMBA GASOLINA SUMERGIBLE,62,27,0.4355,2.2963,4.8612,Lumpy
FL60THA001,BOMBA GASOLINA SUMERGIBLE,62,19,0.3065,3.2632,2.8521,Lumpy
FL60THA005,BOMBA GASOLINA SUMERGIBLE,62,17,0.2742,3.6471,3.9347,Lumpy
FL60VW0140,BOMBA GASOLINA SUMERGIBLE,62,29,0.4677,2.1379,1.5931,Lumpy
FL60VW0145,BOMBA GASOLINA SUMERGIBLE,62,48,0.7742,1.2917,0.4499,Smooth
FL6116768357,BOMBA GASOLINA SUMERGIBLE,62,7,0.1129,8.8571,8.92,Lumpy
FL65842,SENSOR NIVEL GASOLINA VITARA SZ,62,32,0.5161,1.9375,1.7998,Lumpy
FL65842COM,MODULO GASOLINA SUMERGIBLE,62,24,0.3871,2.5833,2.5711,Lumpy
FL65D00,BOYA TANQUE GASOLINA,62,19,0.3065,3.2632,3.6386,Lumpy
FL68065575AA,MODULO GASOLINA SUMERGIBLE,62,31,0.5,2.0,1.2571,Lumpy
FL6R0919051A,MODULO GASOLINA SUMERGIBLE,62,41,0.6613,1.5122,0.6618,Lumpy
FL6RF919051,MODULO GASOLINA SUMERGIBLE,62,35,0.5645,1.7714,2.5389,Lumpy
FL70AMA007,BOMBA GASOLINA SUMERGIBLE,62,25,0.4032,2.48,1.8562,Lumpy
FL70DAE170,BOMBA GASOLINA SUMERGIBLE,62,18,0.2903,3.4444,3.0903,Lumpy
FL70TUC007,BOMBA GASOLINA SUMERGIBLE,62,14,0.2258,4.4286,4.6676,Lumpy
FL70VW1007,BOMBA GASOLINA SUMERGIBLE,62,31,0.5,2.0,1.7112,Lumpy
FL70VW51BH,BOMBA GASOLINA SUMERGIBLE,62,30,0.4839,2.0667,3.0905,Lumpy
FL7186M,MODULO GASOLINA SUMERGIBLE,62,30,0.4839,2.0667,1.4595,Lumpy
FL72022047R,MODULO GASOLINA SUMERGIBLE,62,10,0.1613,6.2,10.3584,Lumpy
FL7237M,MODULO GASOLINA SUMERGIBLE,62,15,0.2419,4.1333,4.0612,Lumpy
FL7700431718,MODULO GASOLINA SUMERGIBLE,62,17,0.2742,3.6471,3.8313,Lumpy
FL77020-02181,MODULO GASOLINA SUMERGIBLE,62,15,0.2419,4.1333,6.1173,Lumpy
FL77020-02190,MODULO GASOLINA SUMERGIBLE,62,38,0.6129,1.6316,0.8572,Lumpy
FL77020-02240,MODULO GASOLINA SUMERGIBLE,62,33,0.5323,1.8788,1.0515,Lumpy
FL77020-04061,MODULO GASOLINA SUMERGIBLE,62,23,0.371,2.6957,2.6052,Lumpy
FL77020-0D010,MODULO GASOLINA SUMERGIBLE,62,25,0.4032,2.48,1.8239,Lumpy
FL77020-0D180,MODULO GASOLINA SUMERGIBLE,62,24,0.3871,2.5833,4.3659,Lumpy
FL77020-0K020,MODULO GASOLINA SUMERGIBLE,62,39,0.629,1.5897,0.7299,Lumpy
FL77020-0K030,MODULO GASOLINA SUMERGIBLE,62,21,0.3387,2.9524,6.6198,Lumpy
FL77020-0K390,MODULO GASOLINA SUMERGIBLE,62,36,0.5806,1.7222,0.92,Lumpy
FL770200R020,MODULO GASOLINA SUMERGIBLE,62,23,0.371,2.6957,3.5151,Lumpy
FL7702012450,MODULO GASOLINA SUMERGIBLE,62,29,0.4677,2.1379,1.384,Lumpy
FL77024-52122,MODULO GASOLINA SUMERGIBLE,62,5,0.0806,12.4,11.9698,Lumpy
FL78880,SENSOR NIVEL GASOLINA,62,22,0.3548,2.8182,2.1717,Lumpy
FL78880KIT,KIT DE REPARACION SZ NEXT,62,27,0.4355,2.2963,3.5306,Lumpy
FL8-97209145-0,MODULO GASOLINA SUMERGIBLE,62,18,0.2903,3.4444,3.9951,Lumpy
FL8-97943184-0,MODULO GASOLINA SUMERGIBLE,62,37,0.5968,1.6757,0.9221,Lumpy
FL8943183980,SENSOR NIVEL GASOLINA,62,25,0.4032,2.48,3.2864,Lumpy
FL8972875181,VALVULA CEBADORA,62,32,0.5161,1.9375,1.4251,Lumpy
FL8L0919673E,SENSOR,62,23,0.371,2.6957,3.7363,Lumpy
FL8R0919051N,MODULO GASOLINA SUMERGIBLE,62,22,0.3548,2.8182,2.9355,Lumpy
FL8V51-9H307-DA,MODULO DE GASOLINA SUMERGIBLE,62,36,0.5806,1.7222,0.9038,Lumpy
FL9007702,MODULO GASOLINA SUMERGIBLE,62,22,0.3548,2.8182,3.2427,Lumpy
FL93277517,MODULO GASOLINA SUMERGIBLE,62,46,0.7419,1.3478,0.5206,Lumpy
FL93285976,SEMI MODULO GASOLINA SUMERGIBLE,62,21,0.3387,2.9524,2.5934,Lumpy
FL93373262,MODULO GASOLINA SUMERGIBLE,62,25,0.4032,2.48,2.1857,Lumpy
FL93702,KIT TEMPLADORES,62,34,0.5484,1.8235,1.2391,Lumpy
FL93717,KIT TEMPLADORES,62,27,0.4355,2.2963,1.6902,Lumpy
FL94740642,MODULO GASOLINA SUMERGIBLE,62,22,0.3548,2.8182,2.3079,Lumpy
FL9628163780,MODULO GASOLINA SUMERGIBLE,62,20,0.3226,3.1,2.7509,Lumpy
FL96447642,MODULO GASOLINA SUMERGIBLE,62,4,0.0645,15.5,23.9722,Lumpy
FL96464637,MODULO GASOLINA SUMERGIBLE,62,21,0.3387,2.9524,2.864,Lumpy
FL96563403,MODULO GASOLINA SUMERGIBLE,62,31,0.5,2.0,1.4211,Lumpy
FL96629370,MODULO GASOLINA SUMERGIBLE,62,23,0.371,2.6957,1.8793,Lumpy
FL97945604,BOMBA GASOLINA SUMERGIBLE,62,14,0.2258,4.4286,5.0645,Lumpy
FLAB399H307AD,MODULO GASOLINA COMBUSTIBLE,62,23,0.371,2.6957,2.4742,Lumpy
FLAC1,PREFILTRO,62,19,0.3065,3.2632,6.4456,Lumpy
FLAC2,PREFILTRO,62,25,0.4032,2.48,2.1775,Lumpy
FLAC3,PREFILTRO,62,38,0.6129,1.6316,0.8308,Lumpy
FLAC333,TAPA RESERVORIO CODIGO GM:94539597,62,32,0.5161,1.9375,1.1135,Lumpy
FLAC4,PREFILTRO,62,11,0.1774,5.6364,7.9604,Lumpy
FLAC42,SENSOR NIVEL GASOLINA,62,13,0.2097,4.7692,4.7896,Lumpy
FLAC5,PREFILTRO,62,21,0.3387,2.9524,2.7306,Lumpy
FLAC55,TAPA MODULO GASOLINA,62,28,0.4516,2.2143,1.5044,Lumpy
FLAC6,PREFILTRO,62,33,0.5323,1.8788,3.8812,Lumpy
FLAC62,TAPA BOMBA GASOLINA,62,17,0.2742,3.6471,4.0459,Lumpy
FLAC72,TAPA BOMBA GASOLINA,62,29,0.4677,2.1379,1.3552,Lumpy
FLAC8,PREFILTRO,62,34,0.5484,1.8235,1.0882,Lumpy
FLAC9,PREFILTRO,62,6,0.0968,10.3333,14.2933,Lumpy
FLAC92,TAPA RESERVORIO,62,33,0.5323,1.8788,1.3637,Lumpy
FLADMAX,SENSOR NIVEL GASOLINA,62,26,0.4194,2.3846,1.6523,Lumpy
FLAMAROK,PREFILTRO GASOLINA SUMERGIBLE,62,20,0.3226,3.1,3.4892,Lumpy
FLAV1,PREFILTRO,62,18,0.2903,3.4444,4.3747,Lumpy
FLAX1,PREFILTRO,62,24,0.3871,2.5833,3.4567,Lumpy
FLBL63,BOBINA ENCENDIDO,62,21,0.3387,2.9524,5.916,Lumpy
FLBOYAB13,SENSOR NIVEL GASOLINA,62,34,0.5484,1.8235,3.58,Lumpy
FLBT5,PREFILTRO,62,26,0.4194,2.3846,1.6448,Lumpy
FLBT50,SENSOR NIVEL GASOLINA,62,28,0.4516,2.2143,1.6433,Lumpy
FLC05,CONECTOR,62,25,0.4032,2.48,4.267,Lumpy
FLCAP-1G000,TAPA MODULO GASOLINA,62,28,0.4516,2.2143,1.3679,Lumpy
FLCBT50,CONECTOR,62,11,0.1774,5.6364,6.873,Lumpy
FLCHR160COM,MODULO GASOLINA SUMERGIBLE,62,12,0.1935,5.1667,8.2351,Lumpy
FLCOR,PREFILTRO,62,11,0.1774,5.6364,6.4984,Lumpy
FLCSZ,CONECTOR,62,24,0.3871,2.5833,1.7757,Lumpy
FLDMAX218,SENSOR NIVEL GASOLINA,62,13,0.2097,4.7692,5.6461,Lumpy
FLDMAXDD,SENSOR NIVEL GASOLINA,62,21,0.3387,2.9524,3.2067,Lumpy
FLDMX,PREFILTRO,62,14,0.2258,4.4286,4.6611,Lumpy
FLE2144S,MODULO GASOLINA SUMERGIBLE,62,24,0.3871,2.5833,1.918,Lumpy
FLE2181S,MODULO GASOLINA SUMERGIBLE,62,14,0.2258,4.4286,5.1064,Lumpy
FLE2266S,MODULO GASOLINA SUMERGIBLE,62,33,0.5323,1.8788,1.2268,Lumpy
FLE2296S,MODULO GASOLINA SUMERGIBLE,62,22,0.3548,2.8182,2.0564,Lumpy
FLE2358M,MODULO GASOLINA SUMERGIBLE,62,9,0.1452,6.8889,15.813,Lumpy
FLE2541M,MODULO GASOLINA SUMERGIBLE,62,37,0.5968,1.6757,1.0397,Lumpy
FLE3500M,MODULO GASOLINA SUMERGIBLE,62,14,0.2258,4.4286,8.8314,Lumpy
FLE3614M,MODULO GASOLINA SUMERGIBLE,62,11,0.1774,5.6364,8.61,Lumpy
FLE4036M,MODULO GASOLINA SUMERGIBLE,62,19,0.3065,3.2632,5.6091,Lumpy
FLE4056M,MODULO GASOLINA SUMERGIBLE,62,44,0.7097,1.4091,0.5039,Lumpy
FLE7199M,MODULO GASOLINA SUMERGIBLE,62,34,0.5484,1.8235,4.6589,Lumpy
FLE8542,MODULO GASOLINA SUMERGIBLE,62,32,0.5161,1.9375,1.2631,Lumpy
FLFIL5PK,FILTRO GASOLINA SUMERGIBLE,62,4,0.0645,15.5,16.4375,Lumpy
FLFILARIS,FILTRO GASOLINA SUMERGIBLE,62,36,0.5806,1.7222,1.9954,Lumpy
FLFILAVEO,FILTRO GASOLINA SUMERGIBLE,62,39,0.629,1.5897,0.7726,Lumpy
FLFILHY,PREFILTRO GASOLINA SUMERGIBLE,62,15,0.2419,4.1333,5.4976,Lumpy
FLFILSENTRA,FILTRO GASOLINA SUMERGIBLE,62,36,0.5806,1.7222,0.9635,Lumpy
FLFILST10,FILTRO GASOLINA SUMERGIBLE,62,29,0.4677,2.1379,2.1775,Lumpy
FLFILTCSDSL,FILTRO GASOLINA SUMERGIBLE,62,23,0.371,2.6957,2.9689,Lumpy
FLFILVW,FILTRO GASOLINA SUMERGIBLE,62,37,0.5968,1.6757,0.8621,Lumpy
FLFJB-13-35X,MODULO GASOLINA SUMERGIBLE,62,8,0.129,7.75,8.446,Lumpy
FLFSZVAL,FILTRO GASOLINA SUMERGIBLE         VITARA SZ CON VALVULA,62,37,0.5968,1.6757,0.9591,Lumpy
FLG675-13-35ZA,MODULO GASOLINA SUMERGIBLE,62,10,0.1613,6.2,8.5604,Lumpy
FLG677-13-35ZA,MODULO GASOLINA SUMERGIBLE,62,16,0.2581,3.875,4.0188,Lumpy
FLHAVAL,MODULO GASOLINA SUMERGIBLE,62,22,0.3548,2.8182,2.7266,Lumpy
FLHILUX,SENSOR NIVEL GASOLINA,62,26,0.4194,2.3846,3.7675,Lumpy
FLIS6U9H307AD,MODULO GASOLINA SUMERGIBLE,62,26,0.4194,2.3846,3.1314,Lumpy
FLITF007,SEMI MODULO GASOLINA SUMERGIBLE,62,29,0.4677,2.1379,4.0287,Lumpy
FLJ43-1106610,MODULO GASOLINA SUMERGIBLE,62,32,0.5161,1.9375,1.1831,Lumpy
FLJOY,FILTRO INTANK,62,18,0.2903,3.4444,3.0061,Lumpy
FLK30A1335Z,MODULO GASOLINA SUMERGIBLE,62,27,0.4355,2.2963,3.1818,Lumpy
FLLF1T-13-35ZC,MODULO GASOLINA SUMERGIBLE,62,30,0.4839,2.0667,1.2549,Lumpy
FLLOG,PREFILTRO,62,4,0.0645,15.5,18.1511,Lumpy
FLM2N159H307AA,MODULO GASOLINA SUMERGIBLE,62,24,0.3871,2.5833,3.8431,Lumpy
FLMF001KIT,JGO MICROFILTRO,62,31,0.5,2.0,4.7914,Lumpy
FLMF001POR,MICRO FILTRO,62,16,0.2581,3.875,3.5405,Lumpy
FLMF003KIT,JGO MICROFILTRO,62,4,0.0645,15.5,27.1818,Lumpy
FLMF003POR,MICRO FILTRO,62,11,0.1774,5.6364,10.0431,Lumpy
FLMF005KIT,JGO MICROFILTRO,62,30,0.4839,2.0667,2.7626,Lumpy
FLMF005POR,MICRO FILTRO,62,33,0.5323,1.8788,1.1162,Lumpy
FLMF006KIT,JGO MICROFILTRO  MAZDA BT-50,62,14,0.2258,4.4286,6.0774,Lumpy
FLMF006POR,MICRO FILTRO,62,26,0.4194,2.3846,4.3057,Lumpy
FLMF007KIT,JGO MICROFILTRO,62,14,0.2258,4.4286,4.7311,Lumpy
FLMF007POR,MICRO FILTRO,62,34,0.5484,1.8235,2.4551,Lumpy
FLMFVW06KIT,KIT REPARACION INYECTORES,62,27,0.4355,2.2963,1.5305,Lumpy
FLMI1,PREFILTRO,62,14,0.2258,4.4286,5.5331,Lumpy
FLMI2,PREFILTRO,62,22,0.3548,2.8182,2.5323,Lumpy
FLMR990884,MODULO GASOLINA SUMERGIBLE,62,43,0.6935,1.4419,0.6631,Lumpy
FLNJOY,PREFILTRO,62,5,0.0806,12.4,16.1275,Lumpy
FLNU3,PREFILTRO,62,26,0.4194,2.3846,3.1179,Lumpy
FLORING001,ORING INYECTOR,62,35,0.5645,1.7714,0.9625,Lumpy
FLPELK1335XA,MODULA GASOLINA SUMERGIBLE,62,12,0.1935,5.1667,8.0246,Lumpy
FLPFS1137,MODULO GASOLINA SUMERGIBLE,62,34,0.5484,1.8235,2.35,Lumpy
FLPFS482,MODULO GASOLINA SUMERGIBLE,62,19,0.3065,3.2632,3.6878,Lumpy
FLPFS488,MODULO GASOLINA SUMERGIBLE,62,27,0.4355,2.2963,4.1015,Lumpy
FLRE1,PREFILTRO,62,10,0.1613,6.2,15.8757,Lumpy
FLREG-2E000,REGUADOR PRESION,62,31,0.5,2.0,1.409,Lumpy
FLSA1,PREFILTRO,62,34,0.5484,1.8235,0.9999,Lumpy
FLSA2,PREFILTRO,62,20,0.3226,3.1,2.7864,Lumpy
FLSEN,PREFILTRO,62,17,0.2742,3.6471,4.1049,Lumpy
FLSF2,PREFILTRO,62,21,0.3387,2.9524,3.7919,Lumpy
FLSP14,SENSOR NIVEL GASOLINA,62,14,0.2258,4.4286,4.4999,Lumpy
FLSP2469M,MODULO GASOLINA SUMERGIBLE,62,19,0.3065,3.2632,2.6856,Lumpy
FLSP8,PREFILTRO,62,16,0.2581,3.875,4.9048,Lumpy
FLST1,PREFILTRO,62,24,0.3871,2.5833,3.6814,Lumpy
FLST2,PRE FILTRO TOYOTA VIGO 2.7,62,6,0.0968,10.3333,20.7479,Lumpy
FLSZ2105,FILTRO GASOLINA SUMERGIBLE,62,15,0.2419,4.1333,4.58,Lumpy
FLSZ5,PREFILTRO,62,27,0.4355,2.2963,1.531,Lumpy
FLSZNEXT,FILTRO INTANK,62,25,0.4032,2.48,1.7915,Lumpy
FLTU200COM,MODULO GASOLINA SUMERGIBLE,62,25,0.4032,2.48,2.8301,Lumpy
FLTUD,PREFILTRO,62,29,0.4677,2.1379,3.4019,Lumpy
FLTUG,PREFILTRO,62,35,0.5645,1.7714,0.962,Lumpy
FLTUG1,PREFILTRO,62,26,0.4194,2.3846,1.8519,Lumpy
FLVW1,PREFILTRO,62,33,0.5323,1.8788,1.0865,Lumpy
FLWL81-13-ZA0,VALVULA CEBADORA,62,17,0.2742,3.6471,3.8313,Lumpy
FS-1407,FILTRO GASOLINA,62,30,0.4839,2.0667,4.3601,Lumpy
FS-4310,FILTRO GASOLINA,62,12,0.1935,5.1667,11.2798,Lumpy
G601-13-Z40,FILTRO AIRE,62,11,0.1774,5.6364,5.8889,Lumpy
GF-61,FILTRO GASOLINA  UNIVERSAL,62,21,0.3387,2.9524,3.908,Lumpy
GLYSANTING48,REFRIGERANTE,62,12,0.1935,5.1667,4.8053,Lumpy
GLYSANTING48 LITRO,REFRIGERANTE,62,34,0.5484,1.8235,1.0184,Lumpy
GM13592601,FILTRO GASOLINA    SPARK GT,62,29,0.4677,2.1379,1.6788,Lumpy
GM24105453,CARTER,62,9,0.1452,6.8889,7.2658,Lumpy
GM24106343,MOTOR ARRANQUE,62,25,0.4032,2.48,2.9972,Lumpy
GM24109517,HORQUILLA EMBRAGUE,62,7,0.1129,8.8571,11.1976,Lumpy
GM24579728,CARTER,62,27,0.4355,2.2963,1.978,Lumpy
GM25182606,BOMBA ACEITE,62,27,0.4355,2.2963,1.7831,Lumpy
GM25186958,CARTER,62,15,0.2419,4.1333,10.4648,Lumpy
GM25189697,BOMBA ACEITE,62,10,0.1613,6.2,7.1441,Lumpy
GM25189698,BOMBA ACEITE,62,21,0.3387,2.9524,3.1845,Lumpy
GM55566404,CARTER,62,33,0.5323,1.8788,4.304,Lumpy
GM652148,CARTER,62,26,0.4194,2.3846,1.5848,Lumpy
GM9025197,CARTER,62,11,0.1774,5.6364,7.7722,Lumpy
GM90410741,RETEN VALVULAS,62,18,0.2903,3.4444,4.4566,Lumpy
GM9052786,CARTER,62,22,0.3548,2.8182,5.9437,Lumpy
GM9071524,HORQUILLA EMBRAGUE,62,2,0.0323,31.0,41.16,Lumpy
GM9071745,SELECTOR MARCHAS,62,5,0.0806,12.4,14.5,Lumpy
GM92065755,CARTER,62,13,0.2097,4.7692,5.9554,Lumpy
GM93259505,CARTER,62,30,0.4839,2.0667,2.7557,Lumpy
GM93285974,SENSOR NIVEL GASOLINA,62,14,0.2258,4.4286,5.1305,Lumpy
GM94535214,RULIMAN RUEDA,62,11,0.1774,5.6364,6.0036,Lumpy
GM94535484,RETEN VALVULAS,62,18,0.2903,3.4444,3.5706,Lumpy
GM94700309,VALVULA IAC,62,25,0.4032,2.48,3.3554,Lumpy
GM95983139,RULIMAN RUEDA,62,22,0.3548,2.8182,2.4338,Lumpy
GM96263403,RELAY LUCES,62,14,0.2258,4.4286,5.9982,Lumpy
GM96353035,RETEN VALVULAS,62,12,0.1935,5.1667,9.2552,Lumpy
GM96420303,TAPA DEPOSITO AGUA RADIADOR,62,27,0.4355,2.2963,1.6591,Lumpy
GM96481581,CARTER,62,19,0.3065,3.2632,2.6595,Lumpy
GM96518397,CARTER,62,5,0.0806,12.4,12.7778,Lumpy
GM96535010,RULIMAN BASE AMORTIGUADOR,62,20,0.3226,3.1,4.0181,Lumpy
GM96817343,RESERVORIO,62,43,0.6935,1.4419,0.6287,Lumpy
HD36V2,MOTOSIERRA,62,27,0.4355,2.2963,1.6827,Lumpy
HF-15A-X1,MAQUINA,62,25,0.4032,2.48,2.3698,Lumpy
HP0004,JGO. PASTILLA DE FRENO,62,29,0.4677,2.1379,1.44,Lumpy
HP0041,JGO. PASTILLA DE FRENO,62,26,0.4194,2.3846,2.5502,Lumpy
HP1015,JGO. PASTILLA DE FRENO,62,25,0.4032,2.48,2.0367,Lumpy
HP1022,JGO. PASTILLA DE FRENO,62,14,0.2258,4.4286,4.7475,Lumpy
HP1034,JGO. PASTILLA DE FRENO,62,26,0.4194,2.3846,1.7508,Lumpy
HP1039,JGO. PASTILLA DE FRENO,62,34,0.5484,1.8235,2.5665,Lumpy
HP2002,JGO. PASTILLA DE FRENO,62,21,0.3387,2.9524,2.8156,Lumpy
HP2003,JGO. PASTILLA DE FRENO,62,31,0.5,2.0,2.3605,Lumpy
HP2014,JGO. PASTILLA DE FRENO,62,18,0.2903,3.4444,3.5629,Lumpy
HP2020,JGO. PASTILLA DE FRENO,62,29,0.4677,2.1379,2.2457,Lumpy
HP3004,JGO. PASTILLA DE FRENO,62,44,0.7097,1.4091,0.5885,Lumpy
HP3009,JGO. PASTILLA DE FRENO,62,28,0.4516,2.2143,4.5542,Lumpy
HP5013,JGO. PASTILLA DE FRENO,62,40,0.6452,1.55,0.8727,Lumpy
HP5014,JGO. PASTILLA DE FRENO,62,27,0.4355,2.2963,1.6913,Lumpy
HP5146,JGO. PASTILLA DE FRENO,62,29,0.4677,2.1379,3.729,Lumpy
HP5160,JGO. PASTILLA DE FRENO,62,26,0.4194,2.3846,3.6776,Lumpy
HP5162,JGO. PASTILLA DE FRENO,62,21,0.3387,2.9524,5.3072,Lumpy
HP5224,JGO. PASTILLA DE FRENO,62,18,0.2903,3.4444,4.4957,Lumpy
HP5232,JGO. PASTILLA DE FRENO,62,17,0.2742,3.6471,3.7117,Lumpy
HP5266,JGO. PASTILLA DE FRENO,62,33,0.5323,1.8788,1.0885,Lumpy
HP5267,JGO. PASTILLA DE FRENO,62,15,0.2419,4.1333,5.0606,Lumpy
HP5274,JGO. PASTILLA DE FRENO,62,16,0.2581,3.875,4.1333,Lumpy
HP8184,JGO. PASTILLA DE FRENO,62,10,0.1613,6.2,8.07,Lumpy
HP8195,JGO. PASTILLA DE FRENO,62,35,0.5645,1.7714,6.2763,Lumpy
HP8230,JGO. PASTILLA DE FRENO,62,28,0.4516,2.2143,1.9731,Lumpy
HP8373,JGO. PASTILLA DE FRENO,62,20,0.3226,3.1,3.4694,Lumpy
HP8377,JGO. PASTILLA DE FRENO,62,29,0.4677,2.1379,1.461,Lumpy
HP8451,JGO. PASTILLA DE FRENO,62,25,0.4032,2.48,2.2504,Lumpy
HP8452,JGO. PASTILLA DE FRENO,62,22,0.3548,2.8182,2.6381,Lumpy
HP8529,JGO. PASTILLA DE FRENO,62,6,0.0968,10.3333,10.7993,Lumpy
HP8533,JGO. PASTILLA DE FRENO,62,28,0.4516,2.2143,1.5059,Lumpy
HP9188,JGO. PASTILLA DE FRENO,62,6,0.0968,10.3333,10.16,Lumpy
HP9189,JGO. PASTILLA DE FRENO,62,38,0.6129,1.6316,0.8515,Lumpy
HP9293,JGO. PASTILLA DE FRENO,62,28,0.4516,2.2143,1.914,Lumpy
HP9369,JGO. PASTILLA DE FRENO,62,17,0.2742,3.6471,4.4731,Lumpy
HP9409,JGO. PASTILLA DE FRENO,62,28,0.4516,2.2143,2.4872,Lumpy
HP9543,JGO. PASTILLA DE FRENO,62,9,0.1452,6.8889,7.3226,Lumpy
HP9698,JGO. PASTILLA DE FRENO,62,29,0.4677,2.1379,2.2716,Lumpy
HP9961,JGO. PASTILLA DE FRENO,62,11,0.1774,5.6364,7.6063,Lumpy
HP9986,JGO. PASTILLA DE FRENO,62,16,0.2581,3.875,3.96,Lumpy
HP9994,JGO. PASTILLA DE FRENO,62,11,0.1774,5.6364,8.6638,Lumpy
HU7008Z,FILTRO ACEITE,62,36,0.5806,1.7222,3.7184,Lumpy
KIT005HP,JGO MICROFILTRO,62,8,0.129,7.75,10.47,Lumpy
KIT006HP,JGO MICROFILTRO,62,17,0.2742,3.6471,9.1207,Lumpy
KIT007,JGO MICROFILTRO,62,30,0.4839,2.0667,2.5861,Lumpy
KIT007HP,JGO MICROFILTRO,62,3,0.0484,20.6667,28.0625,Lumpy
KIT044,JGO MICROFILTRO,62,42,0.6774,1.4762,0.7389,Lumpy
KIT077,JGO MICROFILTRO,62,33,0.5323,1.8788,2.6542,Lumpy
KR0K2A1-61-710A,ELECTROVENTILADOR,62,29,0.4677,2.1379,1.8389,Lumpy
KR0K2A2-18-W63,REGULADOR ALTERNADOR,62,32,0.5161,1.9375,1.5855,Lumpy
KR0K2A2-67-740,RELAY LUCES,62,37,0.5968,1.6757,0.9454,Lumpy
KR0K2BW-18-160,JUEGO DE BUJIAS         SHUMA 03/CARENS I-II 02/ CLARUS,62,40,0.6452,1.55,0.7223,Lumpy
KR0K30C-15-025B,ELECTROVENTILADOR,62,16,0.2581,3.875,3.3896,Lumpy
KR0K30E-10-155,RETEN VALVULAS,62,13,0.2097,4.7692,4.8658,Lumpy
KR0K30F-18-140,JUEGO CABLES DE BUJIA,62,35,0.5645,1.7714,1.067,Lumpy
KR0K558-18-140B,JUEGO CABLES DE BUJIA,62,26,0.4194,2.3846,2.5359,Lumpy
KR0K95H-18-14XA,JUEGO CABLES DE BUJIA,62,28,0.4516,2.2143,3.0979,Lumpy
KR0KL02-10-155,RETEN VALVULAS,62,38,0.6129,1.6316,0.9634,Lumpy
KR1H0998031A,JUEGO CABLES DE BUJIA,62,23,0.371,2.6957,2.8321,Lumpy
KR21310-21030,BOMBA ACEITE,62,20,0.3226,3.1,3.4488,Lumpy
KR21310-26650,BOMBA ACEITE,62,15,0.2419,4.1333,5.7083,Lumpy
KR21310-2G011,BOMBA ACEITE,62,13,0.2097,4.7692,5.8561,Lumpy
KR22224-23500,RETEN VALVULAS,62,29,0.4677,2.1379,1.5036,Lumpy
KR22224-38010,RETEN VALVULAS,62,2,0.0323,31.0,37.75,Lumpy
KR22441-26801,EMPAQUE TAPA VALVULA,62,6,0.0968,10.3333,15.9091,Lumpy
KR22441-2X001,TAPA VALVULA,62,24,0.3871,2.5833,2.3365,Lumpy
KR23300-2G400,BOMBA ACEITE,62,21,0.3387,2.9524,2.7251,Lumpy
KR24410-2X701,TEMPLADOR BANDA DISTRIBUCION,62,35,0.5645,1.7714,1.1115,Lumpy
KR24578253,JUEGO DE CABLES DE BUJIA,62,45,0.7258,1.3778,0.696,Lumpy
KR24810-2X700,TEMPLADOR BANDA DISTRIBUCION,62,20,0.3226,3.1,4.8291,Lumpy
KR25330-17000,TAPA RADIADOR,62,32,0.5161,1.9375,1.1835,Lumpy
KR25330-3Z000,TAPA RADIADOR,62,27,0.4355,2.2963,1.627,Lumpy
KR25380-1R050,ELECTROVENTILADOR,62,29,0.4677,2.1379,3.8038,Lumpy
KR27301-04000,BOBINA DE ENCENDIDO,62,18,0.2903,3.4444,5.2215,Lumpy
KR27301-26640,BOBINA ENCENDIDO,62,24,0.3871,2.5833,1.8751,Lumpy
KR27350-3X100,JUEGO CABLES DE BUJIA,62,18,0.2903,3.4444,4.7447,Lumpy
KR27430-23700,CABLE DE BUJIA,62,26,0.4194,2.3846,1.8148,Lumpy
KR27450-23700,CABLE DE BUJIA,62,20,0.3226,3.1,3.2982,Lumpy
KR27501-02C00,JUEGO CABLES DE BUJIA,62,27,0.4355,2.2963,1.5296,Lumpy
KR27501-02H00,JUEGO CABLES DE BUJIA,62,42,0.6774,1.4762,0.6602,Lumpy
KR27501-22B10,JUEGO CABLES DE BUJIA,62,44,0.7097,1.4091,0.7633,Lumpy
KR27501-23B70,JUEGO CABLES DE BUJIA,62,31,0.5,2.0,1.3181,Lumpy
KR27501-24A00,JUEGO CABLES DE BUJIA,62,15,0.2419,4.1333,13.7752,Lumpy
KR27501-24C10,JUEGO CABLES DE BUJIA,62,28,0.4516,2.2143,1.5501,Lumpy
KR27501-26D00,JUEGO CABLES DE BUJIA,62,39,0.629,1.5897,0.8571,Lumpy
KR27501-32A00,JUEGO CABLES DE BUJIA,62,34,0.5484,1.8235,2.5566,Lumpy
KR27501-33A00,JUEGO CABLES DE BUJIA,62,6,0.0968,10.3333,12.5679,Lumpy
KR27501-37A00,JUEGO CABLES DE BUJIA,62,13,0.2097,4.7692,9.0417,Lumpy
KR27501-37B00,JUEGO CABLES DE BUJIA,62,26,0.4194,2.3846,2.7784,Lumpy
KR27501-38B00,JUEGO CABLES DE BUJIA,62,22,0.3548,2.8182,3.0383,Lumpy
KR32998031,JUEGO CABLES DE BUJIA,62,20,0.3226,3.1,2.7363,Lumpy
KR36120-21740,AUTOMATICO,62,25,0.4032,2.48,1.7932,Lumpy
KR373998031,JUEGO CABLES DE BUJIA,62,30,0.4839,2.0667,2.6113,Lumpy
KR377998031,JUEGO CABLES DE BUJIA,62,24,0.3871,2.5833,5.1689,Lumpy
KR49506-17A10,GUARDAPOLVO,62,16,0.2581,3.875,4.7407,Lumpy
KR49509-24A00,GUARDAPOLVO,62,27,0.4355,2.2963,2.0163,Lumpy
KR49542-28540,GUARDAPOLVO,62,28,0.4516,2.2143,1.5383,Lumpy
KR54530-22A00,ROTULA SUSPENSION,62,37,0.5968,1.6757,0.8433,Lumpy
KR59760-25000,CABLE FRENO MANO,62,35,0.5645,1.7714,1.0268,Lumpy
KR59770-25000,CABLE FRENO MANO,62,37,0.5968,1.6757,2.4431,Lumpy
KR8-92063672-0,JUEGO CABLES DE BUJIA,62,16,0.2581,3.875,3.751,Lumpy
KR90412744,BOMBA ACEITE,62,28,0.4516,2.2143,4.8614,Lumpy
KR92060980,JUEGO CABLES DE BUJIA,62,42,0.6774,1.4762,0.7017,Lumpy
KR93235772,JUEGO CABLES DE BUJIA,62,25,0.4032,2.48,1.7587,Lumpy
KR93740756,REGULADOR ALTERNADOR,62,22,0.3548,2.8182,2.1517,Lumpy
KR93746999,JUEGO CABLES DE BUJIA,62,34,0.5484,1.8235,2.3745,Lumpy
KR93860-39012,TROMPO RETRO,62,15,0.2419,4.1333,6.7045,Lumpy
KR94580644,RELAY LUCES,62,22,0.3548,2.8182,4.1118,Lumpy
KR95015324,BASE SUSPENSION,62,18,0.2903,3.4444,4.5357,Lumpy
KR95220-2S000,RELAY LUCES,62,38,0.6129,1.6316,0.8283,Lumpy
KR95224-2D000,RELAY LUCES,62,25,0.4032,2.48,2.1068,Lumpy
KR95225-2D000,RELAY LUCES,62,30,0.4839,2.0667,1.3421,Lumpy
KR95550-39000,RELAY LUCES,62,28,0.4516,2.2143,1.3917,Lumpy
KR95710800,SWICH ENCENDIDO,62,26,0.4194,2.3846,1.7965,Lumpy
KR95961350,TROMPO ACEITE,62,21,0.3387,2.9524,2.979,Lumpy
KR95975940,BUJE SUSPENSION,62,14,0.2258,4.4286,7.6827,Lumpy
KR95994977,BARRA ESTABILIZADORA,62,11,0.1774,5.6364,7.928,Lumpy
KR96181318,EMPAQUE TAPA VALVULA,62,23,0.371,2.6957,2.4436,Lumpy
KR96192077,TROMPO RETRO,62,7,0.1129,8.8571,11.1675,Lumpy
KR96211948,JUEGO CABLES DE BUJIA,62,37,0.5968,1.6757,0.9239,Lumpy
KR96245309,GUARDAPOLVO,62,30,0.4839,2.0667,2.5161,Lumpy
KR96256433,JUEGO CABLES DE BUJIA,62,9,0.1452,6.8889,10.9019,Lumpy
KR96288956,JUEGO CABLES DE BUJIA,62,26,0.4194,2.3846,1.6392,Lumpy
KR96291306,JUEGO CABLES DE BUJIA,62,28,0.4516,2.2143,1.7434,Lumpy
KR96305387,JUEGO CABLES DE BUJIA,62,20,0.3226,3.1,6.4257,Lumpy
KR96312545,FLASHER DIRECCIONAL,62,36,0.5806,1.7222,1.9932,Lumpy
KR96314166,ELECTRO VENTILADOR,62,22,0.3548,2.8182,3.9068,Lumpy
KR96325867,SENSOR ARBOL LEVAS,62,27,0.4355,2.2963,1.4688,Lumpy
KR96342284,JUEGO CABLES DE BUJIA,62,5,0.0806,12.4,12.574,Lumpy
KR96350159,BOMBA ACEITE,62,14,0.2258,4.4286,5.1483,Lumpy
KR96352648,BOMBA AGUA,62,5,0.0806,12.4,23.2051,Lumpy
KR96352650,BOMBA AGUA,62,9,0.1452,6.8889,8.0968,Lumpy
KR96353002,EMPAQUE TAPA VALVULA,62,11,0.1774,5.6364,8.3,Lumpy
KR96391553,GUARDAPOLVO,62,26,0.4194,2.3846,6.492,Lumpy
KR96395500,ELECTROVENTILADOR,62,29,0.4677,2.1379,2.2733,Lumpy
KR96450249,JUEGO CABLES DE BUJIA,62,31,0.5,2.0,1.381,Lumpy
KR96460220,JUEGO CABLES DE BUJIA,62,30,0.4839,2.0667,1.3459,Lumpy
KR96489856,GUARDAPOLVO,62,8,0.129,7.75,8.4793,Lumpy
KR96518977,BOMBA AGUA,62,21,0.3387,2.9524,2.7006,Lumpy
KR96535081,PLATO SUSPENSION,62,30,0.4839,2.0667,1.3433,Lumpy
KR96535082,PLATO SUSPENSION,62,39,0.629,1.5897,0.7737,Lumpy
KR96535087,BUJE SUSPENSION,62,20,0.3226,3.1,3.3422,Lumpy
KR96536522,ELECTROVENTILADOR,62,32,0.5161,1.9375,1.1472,Lumpy
KR96536666,ELECTROVENTILADOR,62,24,0.3871,2.5833,2.9465,Lumpy
KR96984145,JUEGO CABLES DE BUJIA,62,27,0.4355,2.2963,3.1221,Lumpy
KR97730-25000,ELECTRO VENTILADOR,62,21,0.3387,2.9524,3.5803,Lumpy
KRGNP-2313,SELENOIDE ENCENDIDO,62,41,0.6613,1.5122,0.6886,Lumpy
KRGNR-D012B,REGULADOR ALTERNADOR,62,6,0.0968,10.3333,11.8099,Lumpy
KRGNR-M022,REGULADOR ALTERNADOR,62,21,0.3387,2.9524,3.1046,Lumpy
KRGNR-V013H,REGULADOR ALTERNADOR,62,39,0.629,1.5897,0.8409,Lumpy
KRNP1147A,JUEGO CABLES DE BUJIA,62,29,0.4677,2.1379,2.0609,Lumpy
LOGIS,SERVICIO DE LOGISTICA,62,13,0.2097,4.7692,5.2775,Lumpy
LOGISD,SERVICIO LOGISTICA D,62,33,0.5323,1.8788,1.0929,Lumpy
MA94587011,KIT BUJES SELECTOR MARCHAS,62,13,0.2097,4.7692,5.644,Lumpy
MA96144874,HORQUILLA EMBRAGUE,62,42,0.6774,1.4762,0.6261,Lumpy
MA96873725,SELECTOR MARCHAS,62,22,0.3548,2.8182,3.0483,Lumpy
MAC90200836,TERMOSTATO,62,19,0.3065,3.2632,5.2158,Lumpy
ME017246,FILTRO AIRE,62,25,0.4032,2.48,1.9418,Lumpy
MO1171-OEM-1972,DEPOSITO CANISTER,62,25,0.4032,2.48,2.7593,Lumpy
MO1691-OEM-2026,DEPURADOR FILTRO AIRE,62,6,0.0968,10.3333,16.05,Lumpy
MO3491-OEM-2629,MULTIPLE ADMISION,62,14,0.2258,4.4286,4.6489,Lumpy
MO3621-OEM-1967,DEFLECTOR RADIADOR SUP,62,20,0.3226,3.1,3.982,Lumpy
MO5151-2M-0107,TAPA BANDA DIST. SUP,62,17,0.2742,3.6471,3.3155,Lumpy
MO5151-2M-0110,TAPA BANDA DIST. INF,62,23,0.371,2.6957,7.2134,Lumpy
MO5151-OEM-2622,TAPA BANDA DIST. SUP,62,27,0.4355,2.2963,1.6388,Lumpy
MO5531-HJ-2638,MANGUERA REFRIGERANTE SALIDA RESERVORIO,62,13,0.2097,4.7692,4.9851,Lumpy
MO5971-AUT-1620,TAPA BATERIA,62,27,0.4355,2.2963,2.9496,Lumpy
MO5971-OEM-1898,BASE PORTA BATERIA,62,21,0.3387,2.9524,4.0235,Lumpy
MO5971-OEM-2631,PERNOS CABEZOTE,62,19,0.3065,3.2632,3.8608,Lumpy
N90813202,TORNILLO CARTER ACEITE GOLF IV,62,23,0.371,2.6957,4.371,Lumpy
NAK06040,KIT EMBRAGUE,62,18,0.2903,3.4444,3.7202,Lumpy
NAK5612P,KIT EMBRAGUE,62,7,0.1129,8.8571,17.6171,Lumpy
NS111105M000,CARTER,62,29,0.4677,2.1379,2.7458,Lumpy
NS11110ED010,CARTER,62,31,0.5,2.0,1.2219,Lumpy
OES-12576-MOBIL,ACEITE MOBIL SUPER 1000 20W50 LITRO,62,13,0.2097,4.7692,6.2716,Lumpy
OES-12585-MOBIL,ACEITE MOBIL DELVAC MX 15W40 MEDIA,62,23,0.371,2.6957,3.6849,Lumpy
OES-12586,MOBIL DELVAC MX 15W40 CANECA,62,32,0.5161,1.9375,1.2525,Lumpy
OES-13182,MOBIL SUPER 1000 20W50 GALON,62,31,0.5,2.0,3.7148,Lumpy
OES-13238,ACEITE MOBIL SUPER 1000 10W30 4X4 GALON,62,21,0.3387,2.9524,3.7692,Lumpy
OES-28130-43600-C,"FILTRO DE AIRE H-100 G-95, MTL-300",62,31,0.5,2.0,4.6343,Lumpy
OES-31111-0M000,BOMBA DE GASOLINA TUCSON NEW SPORTAGE,62,21,0.3387,2.9524,3.6371,Lumpy
OES-9EN0030,ENI I-SINT 5W-30 1QT,62,21,0.3387,2.9524,2.6638,Lumpy
OES-9EN0042,ENI I-SIGMA MULTI 15W40 4EC,62,29,0.4677,2.1379,3.524,Lumpy
OES-9EN0094,ENI I-SINT PROFESSIONAL 10W30 4EC 1QT,62,38,0.6129,1.6316,0.7677,Lumpy
OES-9EN0096,ENI I-SINT PROFESSIONAL 10W30 4EC 1GL,62,15,0.2419,4.1333,5.0234,Lumpy
OES-9EN0138,ENI I-BASE PLUS 20W50 4EC 1QT,62,19,0.3065,3.2632,6.1379,Lumpy
OES-9EN0139,ENI I-BASE PLUS 20W50 4EC SL/CF 1GL,62,38,0.6129,1.6316,2.9681,Lumpy
OES-9EN0254,ENI I-SINT 5W-30 1GL,62,35,0.5645,1.7714,0.9982,Lumpy
OES-CHEMP-15W40-MC,ACEITE CHEMPIOIL 15W40 TRUCK SYNTHETIC 44198,62,39,0.629,1.5897,0.8211,Lumpy
OES-K30A-34-700C,AMORTIGUADOR DELANT RH.. RIO 01/02,62,38,0.6129,1.6316,0.7998,Lumpy
OES-K30A-34-900-C,AMORTIGUADOR DELANTERO LH RIO 2001---2002,62,20,0.3226,3.1,2.8725,Lumpy
OES-S58101A-C,ZAPATAS DE FRENO,62,27,0.4355,2.2963,2.181,Lumpy
OES-SP-1202,PASTILLAS FRENO ELANTRA XD,62,35,0.5645,1.7714,0.9844,Lumpy
OK011-13-Z40,FILTRO AIRE,62,26,0.4194,2.3846,5.3826,Lumpy
OK551-14-302,FILTRO ACEITE  KIA PREGIO,62,31,0.5,2.0,2.5428,Lumpy
OP1042,BOMBA DE ACEITE,62,18,0.2903,3.4444,4.0084,Lumpy
OP3010,BOMBA DE ACEITE,62,22,0.3548,2.8182,2.1976,Lumpy
PG0301.L9,CARTER,62,37,0.5968,1.6757,2.8952,Lumpy
PM01,MOTOSIERRA,62,20,0.3226,3.1,4.854,Lumpy
PR1109,REGULADOR PRESION GASOLINA.       AVEO KIA HYUNDAI,62,45,0.7258,1.3778,0.5225,Lumpy
PR1419,BOBINA ENCENDIDO,62,21,0.3387,2.9524,3.0422,Lumpy
PR18213-65J00,SENSOR OXIGENO GRAND VITARA 2.0,62,41,0.6613,1.5122,0.7133,Lumpy
PR18213-65J11,SENSOR OXIGENO,62,30,0.4839,2.0667,1.2663,Lumpy
PR23796-EN20A,VALVULA VVT,62,27,0.4355,2.2963,1.9672,Lumpy
PR24105479,BOBINA DE IGNICION,62,13,0.2097,4.7692,11.5473,Lumpy
PR39210-23750,SENSOR OXIGENO,62,29,0.4677,2.1379,2.8157,Lumpy
PR4031,REGULADOR PRESION GASOLINA,62,17,0.2742,3.6471,3.4243,Lumpy
PR496,AUTOMATICO ARRANQUE,62,25,0.4032,2.48,2.0087,Lumpy
PR59,REGULADOR PRESION GASOLINA,62,21,0.3387,2.9524,4.717,Lumpy
PR6409065,COMPUTADOR LAPTOP,62,24,0.3871,2.5833,2.9129,Lumpy
PR73001N,KIT DISTRIBUCION,62,22,0.3548,2.8182,2.7544,Lumpy
PR75002,KIT DISTRIBUCION,62,30,0.4839,2.0667,2.7722,Lumpy
PR76043,KIT DISTRIBUCION,62,7,0.1129,8.8571,9.8412,Lumpy
PR76044,KIT DISTRIBUCION,62,22,0.3548,2.8182,2.6397,Lumpy
PR76080,KIT DISTRIBUCION,62,27,0.4355,2.2963,1.63,Lumpy
PR76112,KIT DISTRIBUCION,62,14,0.2258,4.4286,5.4243,Lumpy
PR76142,KIT DISTRIBUCION,62,5,0.0806,12.4,25.0247,Lumpy
PR76182,KIT DISTRIBUCION,62,46,0.7419,1.3478,0.5645,Lumpy
PR76183,KIT DISTRIBUCION,62,34,0.5484,1.8235,1.1187,Lumpy
PR76184,KIT DISTRIBUCION,62,22,0.3548,2.8182,2.809,Lumpy
PR76396,KIT DISTRIBUCION,62,40,0.6452,1.55,0.7426,Lumpy
PR76417,KIT DISTRIBUCION,62,29,0.4677,2.1379,2.387,Lumpy
PR76530,KIT DISTRIBUCION,62,8,0.129,7.75,7.68,Lumpy
PR76531,KIT DISTRIBUCION,62,30,0.4839,2.0667,2.7067,Lumpy
PR76532,KIT DISTRIBUCION,62,11,0.1774,5.6364,15.0868,Lumpy
PR76532-1,KIT DISTRIBUCION,62,34,0.5484,1.8235,1.0446,Lumpy
PR76532-2US,KIT DISTRIBUCION,62,26,0.4194,2.3846,2.1862,Lumpy
PR76536,KIT DISTRIBUCION,62,19,0.3065,3.2632,3.0498,Lumpy
PR76580,KIT DISTRIBUCION,62,15,0.2419,4.1333,3.882,Lumpy
PR76582,KIT DISTRIBUCION,62,22,0.3548,2.8182,2.2705,Lumpy
PR76584,KIT DISTRIBUCION,62,9,0.1452,6.8889,13.2548,Lumpy
PR8253279850,SENSOR OXIGENO,62,33,0.5323,1.8788,1.623,Lumpy
PR9023792,SENSOR OXIGENO,62,30,0.4839,2.0667,3.0031,Lumpy
PR9024423,SENSOR OXIGENO,62,9,0.1452,6.8889,9.2479,Lumpy
PR9052870,SENSOR OXIGENO,62,9,0.1452,6.8889,9.9893,Lumpy
PR93231759,SENSOR OXIGENO,62,30,0.4839,2.0667,1.5183,Lumpy
PR96394004,SENSOR OXIGENO,62,43,0.6935,1.4419,0.6035,Lumpy
PR96417177K,BANDA DISTRIBUCION GATES BLANCA,62,28,0.4516,2.2143,3.2911,Lumpy
PR96536522,ELECTRO VENTILADOR,62,35,0.5645,1.7714,2.1498,Lumpy
PR96553241,ELECTRO VENTILADOR,62,21,0.3387,2.9524,3.5395,Lumpy
PR96864850,SENSOR OXIGENO,62,17,0.2742,3.6471,3.7474,Lumpy
PRAC167,VALVULA IAC,62,5,0.0806,12.4,12.9184,Lumpy
PRAC7180,VALVULA IAC,62,22,0.3548,2.8182,2.6241,Lumpy
PRACD5184,VALVULA IAC,62,9,0.1452,6.8889,9.1719,Lumpy
PRACRE-01,VALVULA IAC,62,18,0.2903,3.4444,4.801,Lumpy
PRAFH45M-46,SENSOR MAF,62,32,0.5161,1.9375,1.5086,Lumpy
PRAFH55M-13,SENSOR MAF,62,24,0.3871,2.5833,2.5655,Lumpy
PRC1149,BOBINA ENCENDIDO,62,22,0.3548,2.8182,2.8626,Lumpy
PRC1200,BOBINA ENCENDIDO,62,25,0.4032,2.48,2.3927,Lumpy
PRC1480/C1542,BOBINA ENCENDIDO,62,26,0.4194,2.3846,1.6862,Lumpy
PRC1542,BOBINA ENCENDIDO,62,6,0.0968,10.3333,12.4504,Lumpy
PRC1543,BOBINA ENCENDIDO,62,13,0.2097,4.7692,7.762,Lumpy
PRC1560,BOBINA ENCENDIDO,62,22,0.3548,2.8182,3.4468,Lumpy
PRC1627,BOBINA ENCENDIDO,62,35,0.5645,1.7714,1.0142,Lumpy
PRC377905105,BOBINA ENCENDIDO,62,15,0.2419,4.1333,7.2438,Lumpy
PRC7700274008,BOBINA ENCENDIDO,62,21,0.3387,2.9524,3.049,Lumpy
PRC9023781,BOBINA ENCENDIDO,62,18,0.2903,3.4444,3.7553,Lumpy
PRC961,BOBINA ENCENDIDO,62,29,0.4677,2.1379,1.709,Lumpy
PRCM1T227,BOBINA ENCENDIDO,62,19,0.3065,3.2632,2.9394,Lumpy
PRE217,SOKQUET,62,29,0.4677,2.1379,2.2117,Lumpy
PRE239,SOKQUET,62,14,0.2258,4.4286,4.4492,Lumpy
PRE240,SOKQUET,62,25,0.4032,2.48,3.0851,Lumpy
PRE254,SOKQUET,62,25,0.4032,2.48,4.018,Lumpy
PRE269,SOKQUET,62,22,0.3548,2.8182,3.1323,Lumpy
PRE414,SOKQUET,62,32,0.5161,1.9375,1.1439,Lumpy
PRE417,SOKQUET,62,9,0.1452,6.8889,8.1493,Lumpy
PRE789,SOKQUET,62,18,0.2903,3.4444,6.3464,Lumpy
PRF540E-1,REGULADOR VOLTAJE,62,31,0.5,2.0,1.4111,Lumpy
PRGR540B,REGULADOR ELECTRONICO,62,33,0.5323,1.8788,1.4812,Lumpy
PRHYACCENT,REGULADOR PRESION GASOLINA,62,20,0.3226,3.1,3.4144,Lumpy
PRIAC1054,VALVULA IAC,62,25,0.4032,2.48,2.5264,Lumpy
PRKIARIO,REGULADOR PRESION GASOLINA,62,33,0.5323,1.8788,3.5558,Lumpy
PROS1,SENSOR OXIGENO,62,27,0.4355,2.2963,2.1851,Lumpy
PROS2,SENSOR OXIGENO,62,14,0.2258,4.4286,4.1925,Lumpy
PROS3,SENSOR OXIGENO,62,39,0.629,1.5897,0.9493,Lumpy
PROS4,SENSOR OXIGENO,62,27,0.4355,2.2963,1.9568,Lumpy
PRSE93744675,VALVULA IAC,62,16,0.2581,3.875,3.5926,Lumpy
PRSE94580175,SENSNOR TPS,62,39,0.629,1.5897,0.7656,Lumpy
PRSU4667,SENSOR DETONACION,62,23,0.371,2.6957,3.7849,Lumpy
PRSU8901,SENSOR ARBOL ELEVAS,62,17,0.2742,3.6471,3.7988,Lumpy
PRSU9146,SENSOR VELOCIDAD,62,17,0.2742,3.6471,6.2132,Lumpy
PRTK120,KIT DISTRIBUCION,62,16,0.2581,3.875,3.5709,Lumpy
PRTK135,KIT DISTRIBUCION,62,18,0.2903,3.4444,3.898,Lumpy
PRTK137,KIT DISTRIBUCION,62,38,0.6129,1.6316,0.8312,Lumpy
PRTK237,KIT DISTRIBUCION,62,42,0.6774,1.4762,0.7491,Lumpy
PRTK272,KIT DISTRIBUCION,62,29,0.4677,2.1379,1.4306,Lumpy
PRTK368,KIT DISTRIBUCION,62,9,0.1452,6.8889,7.5558,Lumpy
PRTPS112,SENSOR CKP,62,19,0.3065,3.2632,3.1247,Lumpy
PRTPS452,SENSOR TPS,62,8,0.129,7.75,8.92,Lumpy
PRTPS474,SENSOR CKP,62,9,0.1452,6.8889,11.1939,Lumpy
PRUNI12,ELECTRO VENTILADOR,62,15,0.2419,4.1333,3.6371,Lumpy
PRUNI14,ELECTRO VENTILADOR,62,32,0.5161,1.9375,1.3306,Lumpy
PRZ-IX121,REGULADOR VOLTAJE,62,19,0.3065,3.2632,3.1167,Lumpy
RD1J0498625A,RULIMAN RUEDA,62,16,0.2581,3.875,5.2819,Lumpy
RD2H0498627,RULIMAN RUEDA,62,15,0.2419,4.1333,6.2422,Lumpy
RD357407625,RULIMAN RUEDA,62,9,0.1452,6.8889,11.1512,Lumpy
RD402101554R,RULIMAN RUEDA,62,12,0.1935,5.1667,5.1152,Lumpy
RD5Z0407625,RULIMAN RUEDA,62,26,0.4194,2.3846,3.5912,Lumpy
RDUM5133047,RULIMAN RUEDA,62,14,0.2258,4.4286,4.5049,Lumpy
RN7711120025,CARTER,62,17,0.2742,3.6471,3.5759,Lumpy
RN8200276588,CARTER,62,28,0.4516,2.2143,3.1476,Lumpy
SC4381-OEM-2630,RIEL INYECTORES,62,16,0.2581,3.875,3.6368,Lumpy
SE2571-KOS-1704,INTERRUPTOR LUCES,62,21,0.3387,2.9524,2.6522,Lumpy
SE4121-DNI-2425,RELAY TEMPO PARABRISAS POST,62,9,0.1452,6.8889,16.2051,Lumpy
SE5971-BZM-1715,PITO GRAVE,62,37,0.5968,1.6757,0.8645,Lumpy
SE94460-0X000,SENSOR NIVEL GASOLINA,62,20,0.3226,3.1,3.009,Lumpy
SE94460-1G000,SENSOR NIVEL GASOLINA,62,22,0.3548,2.8182,7.8002,Lumpy
SE94460-1H000,SENSOR NIVEL GASOLINA,62,27,0.4355,2.2963,3.8799,Lumpy
SE94460-1R000,SENSOR NIVEL GASOLINA,62,31,0.5,2.0,1.3854,Lumpy
SE94460-1S000,SENSOR NIVEL GASOLINA,62,22,0.3548,2.8182,3.874,Lumpy
SE94460-25010,SENSOR NIVEL GASOLINA,62,31,0.5,2.0,1.3992,Lumpy
SE94460-2E000,SENSOR NIVEL GASOLINA,62,28,0.4516,2.2143,1.5851,Lumpy
SE94460-B4000,SENSOR NIVEL GASOLINA,62,21,0.3387,2.9524,2.8233,Lumpy
SEN-CH000,SENSOR NIVEL GASOLINA,62,21,0.3387,2.9524,2.4315,Lumpy
SEN-LOGAN,SENSOR NIVEL GASOLINA,62,13,0.2097,4.7692,5.801,Lumpy
SF3551-FIN-2623,PALANCA FRENO MANO,62,20,0.3226,3.1,2.7365,Lumpy
SF5181-OEM-1384,TAPA RESERVORIO HIDRAULICO,62,24,0.3871,2.5833,2.3131,Lumpy
SL12380318,VALVULA CALECFACCION,62,9,0.1452,6.8889,12.1379,Lumpy
SL12603830,TERMOSTATO METÁLICO,62,13,0.2097,4.7692,6.0621,Lumpy
SL13256823,RESERVORIO,62,22,0.3548,2.8182,2.2695,Lumpy
SL13502353,TAPA RESERVORIO,62,23,0.371,2.6957,4.563,Lumpy
SL164700C070,RESERVORIO,62,18,0.2903,3.4444,5.2289,Lumpy
SL21200-31U01,TERMOSTATO METÁLICO,62,21,0.3387,2.9524,2.6861,Lumpy
SL21200-31U11,TERMOSTATO METÁLICO,62,16,0.2581,3.875,7.1186,Lumpy
SL21711-JE40A,RESERVORIO,62,14,0.2258,4.4286,3.8903,Lumpy
SL217114U00A,RESERVORIO,62,20,0.3226,3.1,3.2582,Lumpy
SL24253434,CARTER CAJA DE CAMBIO,62,42,0.6774,1.4762,0.7216,Lumpy
SL25611-26100,TERMOSTATO METÁLICO,62,39,0.629,1.5897,1.9119,Lumpy
SL25620-23000,TERMOSTATO METÁLICO,62,22,0.3548,2.8182,3.1825,Lumpy
SL25620-23610,TERMOSTATO METALICO,62,26,0.4194,2.3846,1.6901,Lumpy
SL2562023610,TERMOSTATO METÁLICO,62,20,0.3226,3.1,2.8796,Lumpy
SL25622-02566,TERMOSTATO PLÁSTICO,62,19,0.3065,3.2632,5.365,Lumpy
SL25650-02501,TERMOSTATO PLÁSTICO,62,12,0.1935,5.1667,7.93,Lumpy
SL26693016,RESERVORIO,62,3,0.0484,20.6667,26.28,Lumpy
SL42GR,SILICON,62,35,0.5645,1.7714,0.9071,Lumpy
SL4914054J00,DEPOSITO HIDRAULICO,62,9,0.1452,6.8889,9.85,Lumpy
SL55593189,TAPA FILTRO ACEITE,62,4,0.0645,15.5,17.1901,Lumpy
SL7701468746,RESERVORIO,62,7,0.1129,8.8571,17.4463,Lumpy
SL8-97234350-0,DEPOSITO HIDRAULICO,62,16,0.2581,3.875,7.8827,Lumpy
SL90322216,TUBO CALECFACCION,62,11,0.1774,5.6364,6.1924,Lumpy
SL90352677,TERMOSTATO METÁLICO,62,38,0.6129,1.6316,0.8038,Lumpy
SL90411948,TERMOSTATO METÁLICO,62,14,0.2258,4.4286,9.9977,Lumpy
SL90448854,TUBO CALECFACCION,62,36,0.5806,1.7222,3.4058,Lumpy
SL90457648,VALVULA CALECFACCION,62,20,0.3226,3.1,5.3302,Lumpy
SL90566947,VALVULA CALEFACCION,62,44,0.7097,1.4091,0.7438,Lumpy
SL90566948,VALVULA CALEFACCION,62,33,0.5323,1.8788,1.1936,Lumpy
SL90873245,RESERVORIO,62,8,0.129,7.75,12.9463,Lumpy
SL9128719,TUBO CALECFACCION,62,24,0.3871,2.5833,3.1048,Lumpy
SL93275736,TERMOSTATO METÁLICO,62,29,0.4677,2.1379,1.4152,Lumpy
SL93369686,VALVULA CALECFACCION,62,8,0.129,7.75,17.9472,Lumpy
SL93397748,TERMOSTATO METÁLICO,62,19,0.3065,3.2632,3.2826,Lumpy
SL95269001,RESERVORIO,62,21,0.3387,2.9524,3.1745,Lumpy
SL95352004,RESERVORIO,62,22,0.3548,2.8182,4.0758,Lumpy
SL95380033,RESERVORIO,62,26,0.4194,2.3846,1.6615,Lumpy
SL96180035,TUBO CALECFACCION,62,14,0.2258,4.4286,4.7584,Lumpy
SL96182279,RESERVORIO,62,22,0.3548,2.8182,3.5208,Lumpy
SL96273608,TUBO CALECFACCION,62,40,0.6452,1.55,0.8724,Lumpy
SL9627628980,BASE TERMOSTATO,62,11,0.1774,5.6364,5.9846,Lumpy
SL96282726,TERMOSTATO PLÁSTICO,62,12,0.1935,5.1667,6.5693,Lumpy
SL96314169,RESERVORIO,62,32,0.5161,1.9375,1.2031,Lumpy
SL96317980,TERMOSTATO METÁLICO,62,23,0.371,2.6957,3.9045,Lumpy
SL96320215,TERMOSTATO METÁLICO,62,9,0.1452,6.8889,9.9742,Lumpy
SL96352644,TUBO CALECFACCION,62,1,0.0161,62.0,61.0,Lumpy
SL96407677,TERMOSTATO METÁLICO,62,4,0.0645,15.5,15.09,Lumpy
SL96413748,DEPOSITO HIDRAULICO,62,20,0.3226,3.1,3.8602,Lumpy
SL96553368,TUBO CALEFACCION,62,28,0.4516,2.2143,1.5501,Lumpy
SL96591467,RESERVORIO,62,12,0.1935,5.1667,5.448,Lumpy
SL96808460,DEPOSITO HIDRAULICO,62,20,0.3226,3.1,2.9034,Lumpy
SL96837836,RESERVORIO,62,29,0.4677,2.1379,2.0576,Lumpy
SLLF50-15-170C,TERMOSTATO PLÁSTICO,62,13,0.2097,4.7692,6.4459,Lumpy
SLLF5015205A,TAPA RESERVORIO,62,6,0.0968,10.3333,13.3892,Lumpy
SP-1043,JGO. PASTILLA DE FRENO,62,22,0.3548,2.8182,6.7971,Lumpy
SP-1050,JGO. PASTILLA DE FRENO,62,27,0.4355,2.2963,2.5222,Lumpy
SP-1053,JGO. PASTILLA DE FRENO,62,29,0.4677,2.1379,2.0122,Lumpy
SP-1079R,JGO. PASTILLA DE FRENO,62,18,0.2903,3.4444,3.352,Lumpy
SP-1096,JGO. PASTILLA DE FRENO,62,25,0.4032,2.48,1.7611,Lumpy
SP-1149,JGO. PASTILLA DE FRENO,62,24,0.3871,2.5833,4.8989,Lumpy
SP-1160,JGO. PASTILLA DE FRENO,62,15,0.2419,4.1333,6.0711,Lumpy
SP-1174,JGO. PASTILLA DE FRENO,62,8,0.129,7.75,8.0153,Lumpy
SP-1181,JGO. PASTILLA DE FRENO,62,34,0.5484,1.8235,3.4052,Lumpy
SP-1194,JGO. PASTILLA DE FRENO,62,34,0.5484,1.8235,1.2375,Lumpy
SP-1217,JGO. PASTILLA DE FRENO,62,24,0.3871,2.5833,2.0079,Lumpy
SP-1222,JGO. PASTILLA DE FRENO,62,22,0.3548,2.8182,3.9123,Lumpy
SQ-1284,SOCKET ELÉCTRICO,62,31,0.5,2.0,2.3789,Lumpy
SQ-592,SOCKET ELÉCTRICO,62,18,0.2903,3.4444,6.3255,Lumpy
ST0131-DAY-0626,BANDA ALTERNADOR 6DK1285,62,20,0.3226,3.1,2.6004,Lumpy
ST3891-TDE-0222,POLEA BOMBA DIRECCION,62,33,0.5323,1.8788,3.116,Lumpy
SU9494,SENSOR MAP,62,29,0.4677,2.1379,1.5929,Lumpy
T11-1109111LA1BQ,FILTRO AIRE,62,33,0.5323,1.8788,1.1252,Lumpy
TB03F133062B,CUERPO ACELERACION,62,27,0.4355,2.2963,1.7258,Lumpy
TB03L128063S,CUERPO ACELERACION,62,22,0.3548,2.8182,4.4087,Lumpy
TB047133062D,CUERPO ACELERACION,62,10,0.1613,6.2,12.9471,Lumpy
TB04E133062K,CUERPO ACELERACION,62,35,0.5645,1.7714,2.4591,Lumpy
TB06A133062AB,CUERPO ACELERACION,62,19,0.3065,3.2632,3.1591,Lumpy
TB06A133062BD,CUERPO ACELERACION,62,32,0.5161,1.9375,4.4355,Lumpy
TB06F133062E,CUERPO ACELARACION,62,32,0.5161,1.9375,2.6322,Lumpy
TB07K133062A,CUERPO ACELERACION,62,20,0.3226,3.1,3.2632,Lumpy
TB07K133062B,CUERPO ACELERACION,62,23,0.371,2.6957,1.951,Lumpy
TB12631186,CUERPO ACELERACION,62,22,0.3548,2.8182,3.6465,Lumpy
TB16119AE01C,CUERPO ACELERACION,62,12,0.1935,5.1667,7.4875,Lumpy
TB1635.Q9,CUERPO ACELERACION,62,27,0.4355,2.2963,1.9959,Lumpy
TB24113040,CUERPO ACELERACION,62,24,0.3871,2.5833,1.7886,Lumpy
TB35100-2B150,CUERPO ACELERACION,62,24,0.3871,2.5833,2.0599,Lumpy
TB55561495,CUERPO ACELERACION,62,25,0.4032,2.48,1.8203,Lumpy
TB8200908869,CUERPO ACELERACION,62,14,0.2258,4.4286,4.7318,Lumpy
TB9023782,CUERPO ACELERACION,62,24,0.3871,2.5833,1.7758,Lumpy
TBL3R413640,CUERPO ACELERACION,62,26,0.4194,2.3846,2.138,Lumpy
TH-1012,FILTRO ACEITE RENAUL CON TUERCA M20 X 1.5,62,25,0.4032,2.48,4.0233,Lumpy
TH-1029,FILTRO ACEITE CHEVROLET DMAX 3.0-2.5CC DIESEL 12-->  3/4 X 16,62,31,0.5,2.0,1.196,Lumpy
TH-1042,"FILTRO ACEITE HYUNDAI, KIA, MITSUBISHI OUTLANDER, HONDA",62,34,0.5484,1.8235,1.0067,Lumpy
TH-1044,"FILTRO ACEITE CHEVROLET SAIL, SPARK GT, N200, N300",62,13,0.2097,4.7692,5.6805,Lumpy
TH-1051,FILTRO ACEITE,62,20,0.3226,3.1,3.3563,Lumpy
TH-2825,"FILTRO ACEITE DATSUN, TOYOTA HILUX 80, NISSAN SENTRA B13",62,27,0.4355,2.2963,2.8155,Lumpy
TH-2849A,FILTRO ACEITE MAZDA PICK UP BT-50,62,28,0.4516,2.2143,3.0047,Lumpy
TH-2870-D,FILTRO ACEITE VW DOBLE VALVULA LARGO 3/4 X 16,62,27,0.4355,2.2963,2.1795,Lumpy
TH-28N,FILTRO ACEITE ISUZU NKR/NHR M26 X 1.5,62,19,0.3065,3.2632,3.0531,Lumpy
TH-3387,"FILTRO ACEITE AVEO, OPTRA, DMAX 2,4 GASOLINA",62,35,0.5645,1.7714,1.0282,Lumpy
TH-3593,"FILTRO ACEITE MITSUBISHI MONTERO 3.5 - 3.0 - 3.8,  HYUNDAI ACCENT VERNA",62,23,0.371,2.6957,2.4401,Lumpy
TH-3593A,"FILTRO ACEITE MAZDA, HYUNDAI, AUTOS, KIA AUTOS, ALLEGRO, L200 SPORTERO 3.5CC GASOLINA, MONTERO SPORT, LUV 3.2CC V6, HOND...",62,31,0.5,2.0,4.4229,Lumpy
TH-3614,"FILTRO ACEITE CHEV. FORZA,STEEM,SWIFT,VITARA, JIMNY, VITARA 1.6CC 3P,  QQ3-QQ6, CUORE /02,  STRADA PICK-UP, GRATOUR IX, ...",62,21,0.3387,2.9524,3.3583,Lumpy
TH-4386,"FILTRO ACEITE SUZUKI GRAND VITARA SZ TODOS, SHINERAY X30-X30L, COROLLA /08, CAMRY, PRIUS SPORT 1.5CC HYBRID, RAV4 2.0CC ...",62,21,0.3387,2.9524,4.3084,Lumpy
TH-7317,"FILTRO ACEITE NISSAN PATHFINDER,MITSUBISHI, BAIC X25, X35, X55, DONGFENG AX4, AX7, H30, S30, GREAT WALL M4, H6 1.5CC, VO...",62,20,0.3226,3.1,2.8407,Lumpy
TH-8,FILTRO ACEITE FORD STOUT 3/4 X 16,62,24,0.3871,2.5833,2.2344,Lumpy
TR0331-KIT-1356,BASE PALANCA CAMBIO,62,19,0.3065,3.2632,2.8438,Lumpy
TR2521-FOR-0052,HORQUILLA 3RA Y 4TA ALTERNA,62,18,0.2903,3.4444,3.486,Lumpy
TR2521-TAL-0050,HORQUILLA 1RA Y 2DA ALTERNA,62,11,0.1774,5.6364,6.6765,Lumpy
TR2531-KIT-2625,KIT REPARACION HORQUILLA EMBRAGUE,62,15,0.2419,4.1333,3.8135,Lumpy
TR3591-OEM-0703,PALANCA SELECTOR CAMBIOS,62,12,0.1935,5.1667,7.1375,Lumpy
TR3731-OEM-0023,ARBOL MOTRIZ CAJA CAMBIO,62,23,0.371,2.6957,2.9135,Lumpy
TR3731-OEM-0027,PINON 1ERA C/CAMBIO,62,34,0.5484,1.8235,3.7317,Lumpy
TR3731-OEM-2624,PINON 3ERA C/CAMBIO,62,17,0.2742,3.6471,5.4139,Lumpy
TR4441-COB-0046,RULIMAN RODILLOS C/CAMBIOS,62,23,0.371,2.6957,2.2746,Lumpy
TRD1001,KIT DISTRIBUCION,62,11,0.1774,5.6364,7.8815,Lumpy
TRD2093,KIT DISTRIBUCION,62,16,0.2581,3.875,3.8437,Lumpy
TRD2094,KIT DISTRIBUCION,62,21,0.3387,2.9524,3.9875,Lumpy
TRD2901,KIT DISTRIBUCION,62,18,0.2903,3.4444,4.4799,Lumpy
TRD4001,KIT DISTRIBUCION,62,44,0.7097,1.4091,0.6298,Lumpy
TRD4003,KIT DISTRIBUCION,62,10,0.1613,6.2,7.68,Lumpy
TRD4025,KIT DISTRIBUCION,62,19,0.3065,3.2632,2.9956,Lumpy
TRD4039,KIT DISTRIBUCION,62,27,0.4355,2.2963,1.6006,Lumpy
TRD4072,KIT DISTRIBUCION,62,17,0.2742,3.6471,4.0131,Lumpy
TRD4079,KIT DISTRIBUCION,62,19,0.3065,3.2632,5.448,Lumpy
TRD4106,KIT DISTRIBUCION,62,20,0.3226,3.1,4.0538,Lumpy
TRD5001,KIT DISTRIBUCION,62,38,0.6129,1.6316,0.8403,Lumpy
TRD6001,KIT DISTRIBUCION,62,6,0.0968,10.3333,10.7993,Lumpy
TRD7001,KIT DISTRIBUCION,62,18,0.2903,3.4444,3.7924,Lumpy
TRD7002,KIT DISTRIBUCION,62,16,0.2581,3.875,6.8514,Lumpy
TRD9001,KIT DISTRIBUCION,62,40,0.6452,1.55,0.8388,Lumpy
TRD9002,KIT DISTRIBUCION,62,13,0.2097,4.7692,8.4839,Lumpy
TRD9003,KIT DISTRIBUCION,62,19,0.3065,3.2632,3.5339,Lumpy
TRU55810-76A01,JGO. PASTILLA DE FRENO,62,30,0.4839,2.0667,1.2996,Lumpy
TRU58101-4AA00,JGO. PASTILLA DE FRENO,62,37,0.5968,1.6757,0.8941,Lumpy
TRUD1025,JGO. PASTILLA DE FRENO,62,26,0.4194,2.3846,4.4664,Lumpy
TRUD1035,JGO. PASTILLA DE FRENO,62,28,0.4516,2.2143,2.4035,Lumpy
TRUD1036,JGO. PASTILLA DE FRENO,62,13,0.2097,4.7692,5.9886,Lumpy
TRUD1039,JGO. PASTILLA DE FRENO,62,23,0.371,2.6957,3.0573,Lumpy
TRUD1040,JGO. PASTILLA DE FRENO,62,22,0.3548,2.8182,5.7555,Lumpy
TRUD1044,JGO. PASTILLA DE FRENO,62,40,0.6452,1.55,0.7043,Lumpy
TRUD1050,JGO. PASTILLA DE FRENO        TICO SUZUKI ALTO DEL,62,16,0.2581,3.875,4.6048,Lumpy
TRUD1054,JGO. PASTILLA DE FRENO,62,40,0.6452,1.55,0.6539,Lumpy
TRUD1055,JGO. PASTILLA DE FRENO,62,47,0.7581,1.3191,0.8585,Erratic
TRUD1072,JGO. PASTILLA DE FRENO,62,17,0.2742,3.6471,3.5992,Lumpy
TRUD1086,JGO. PASTILLA DE FRENO,62,12,0.1935,5.1667,5.9271,Lumpy
TRUD1086H,JGO. PASTILLA DE FRENO,62,39,0.629,1.5897,0.8503,Lumpy
TRUD1089,JGO. PASTILLA DE FRENO,62,39,0.629,1.5897,0.7694,Lumpy
TRUD1092,JGO. PASTILLA DE FRENO,62,24,0.3871,2.5833,2.1258,Lumpy
TRUD1094,JGO. PASTILLA DE FRENO,62,20,0.3226,3.1,5.1415,Lumpy
TRUD1095,JGO. PASTILLA DE FRENO,62,28,0.4516,2.2143,1.9059,Lumpy
TRUD1099,JGO. PASTILLA DE FRENO,62,35,0.5645,1.7714,1.1648,Lumpy
TRUD1116,JGO. PASTILLA DE FRENO,62,20,0.3226,3.1,3.0154,Lumpy
TRUD1139,JGO. PASTILLA DE FRENO,62,15,0.2419,4.1333,4.1553,Lumpy
TRUD1142,JGO. PASTILLA DE FRENO,62,42,0.6774,1.4762,0.7623,Lumpy
TRUD1143,JGO. PASTILLA DE FRENO,62,21,0.3387,2.9524,2.7539,Lumpy
TRUD1145,JGO. PASTILLA DE FRENO,62,26,0.4194,2.3846,1.6315,Lumpy
TRUD1146,JGO. PASTILLA DE FRENO,62,36,0.5806,1.7222,1.7281,Lumpy
TRUD1149,JGO. PASTILLA DE FRENO,62,21,0.3387,2.9524,2.6639,Lumpy
TRUD1156V,JGO. PASTILLA DE FRENO,62,26,0.4194,2.3846,1.6944,Lumpy
TRUD1157,JGO. PASTILLA DE FRENO,62,13,0.2097,4.7692,5.6432,Lumpy
TRUD1161,JGO. PASTILLA DE FRENO,62,29,0.4677,2.1379,2.3087,Lumpy
TRUD1162,JGO. PASTILLA DE FRENO,62,25,0.4032,2.48,2.3739,Lumpy
TRUD1169,JGO. PASTILLA DE FRENO,62,3,0.0484,20.6667,27.52,Lumpy
TRUD1175,JGO. PASTILLA DE FRENO,62,32,0.5161,1.9375,2.6419,Lumpy
TRUD1181,JGO. PASTILLA DE FRENO,62,26,0.4194,2.3846,2.1972,Lumpy
TRUD1184,JGO. PASTILLA DE FRENO,62,20,0.3226,3.1,3.1573,Lumpy
TRUD1186,JGO. PASTILLA DE FRENO,62,29,0.4677,2.1379,1.5401,Lumpy
TRUD1188S,JGO. PASTILLA DE FRENO,62,47,0.7581,1.3191,0.481,Smooth
TRUD1189,JGO. PASTILLA DE FRENO,62,26,0.4194,2.3846,1.5591,Lumpy
TRUD1193,JGO. PASTILLA DE FRENO,62,28,0.4516,2.2143,1.6112,Lumpy
TRUD1199,JGO. PASTILLA DE FRENO,62,16,0.2581,3.875,6.5632,Lumpy
TRUD120,JGO. PASTILLA DE FRENO,62,29,0.4677,2.1379,1.5677,Lumpy
TRUD1202,JGO. PASTILLA DE FRENO,62,25,0.4032,2.48,1.6714,Lumpy
TRUD1210,JGO. PASTILLA DE FRENO,62,30,0.4839,2.0667,1.2783,Lumpy
TRUD1213,JGO PASTILLA DE FRENO,62,27,0.4355,2.2963,2.1487,Lumpy
TRUD1215,JGO. PASTILLA DE FRENO,62,36,0.5806,1.7222,0.8969,Lumpy
TRUD1216,JGO. PASTILLA DE FRENO,62,21,0.3387,2.9524,2.4528,Lumpy
TRUD1238,JGO. PASTILLA DE FRENO,62,28,0.4516,2.2143,3.866,Lumpy
TRUD1260,JGO. PASTILLA DE FRENO,62,39,0.629,1.5897,1.5191,Lumpy
TRUD1264,JGO. PASTILLA DE FRENO,62,24,0.3871,2.5833,1.9055,Lumpy
TRUD1269,JGO. PASTILLA DE FRENO,62,22,0.3548,2.8182,3.0593,Lumpy
TRUD1275,JGO. PASTILLA DE FRENO,62,28,0.4516,2.2143,3.852,Lumpy
TRUD1281,JGO. PASTILLA DE FRENO,62,43,0.6935,1.4419,0.8095,Lumpy
TRUD1295,JGO. PASTILLA DE FRENO,62,25,0.4032,2.48,1.826,Lumpy
TRUD1297,JGO. PASTILLA DE FRENO,62,38,0.6129,1.6316,0.8735,Lumpy
TRUD1303,JGO. PASTILLA DE FRENO,62,27,0.4355,2.2963,7.862,Lumpy
TRUD1316,JGO. PASTILLA DE FRENO,62,15,0.2419,4.1333,6.0311,Lumpy
TRUD1318,JGO. PASTILLA DE FRENO,62,26,0.4194,2.3846,1.7897,Lumpy
TRUD1322,JGO. PASTILLA DE FRENO,62,31,0.5,2.0,2.6211,Lumpy
TRUD1324,JGO. PASTILLA DE FRENO,62,23,0.371,2.6957,3.1203,Lumpy
TRUD1325,JGO. PASTILLA DE FRENO,62,38,0.6129,1.6316,2.0305,Lumpy
TRUD1338,JGO. PASTILLA DE FRENO,62,12,0.1935,5.1667,8.6217,Lumpy
TRUD1345,JGO. PASTILLA DE FRENO,62,36,0.5806,1.7222,0.84,Lumpy
TRUD1354,JGO. PASTILLA DE FRENO,62,29,0.4677,2.1379,3.5741,Lumpy
TRUD1362,JGO. PASTILLA DE FRENO,62,21,0.3387,2.9524,2.6508,Lumpy
TRUD137,JGO. PASTILLA DE FRENO,62,18,0.2903,3.4444,3.5943,Lumpy
TRUD1379,JGO. PASTILLA DE FRENO,62,17,0.2742,3.6471,3.712,Lumpy
TRUD1393,JGO. PASTILLA DE FRENO,62,22,0.3548,2.8182,3.4639,Lumpy
TRUD1398,JGO. PASTILLA DE FRENO,62,23,0.371,2.6957,4.4115,Lumpy
TRUD1399,JGO. PASTILLA DE FRENO,62,27,0.4355,2.2963,1.5581,Lumpy
TRUD1405,JGO. PASTILLA DE FRENO,62,39,0.629,1.5897,0.7955,Lumpy
TRUD1414,JGO. PASTILLA DE FRENO,62,15,0.2419,4.1333,5.1828,Lumpy
TRUD1434,JGO. PASTILLA DE FRENO,62,22,0.3548,2.8182,3.2713,Lumpy
TRUD1435,JGO. PASTILLA DE FRENO,62,19,0.3065,3.2632,4.4076,Lumpy
TRUD1439,JGO. PASTILLA DE FRENO,62,40,0.6452,1.55,2.0628,Lumpy
TRUD1441,JGO. PASTILLA DE FRENO,62,34,0.5484,1.8235,1.2334,Lumpy
TRUD1447,JGO. PASTILLA DE FRENO,62,25,0.4032,2.48,1.745,Lumpy
TRUD1468,JGO. PASTILLA DE FRENO,62,19,0.3065,3.2632,7.0925,Lumpy
TRUD1492,JGO. PASTILLA DE FRENO,62,32,0.5161,1.9375,2.3282,Lumpy
TRUD1495,JGO. PASTILLA DE FRENO,62,39,0.629,1.5897,0.779,Lumpy
TRUD1522,JGO. PASTILLA DE FRENO,62,19,0.3065,3.2632,2.906,Lumpy
TRUD154,JGO. PASTILLA DE FRENO,62,15,0.2419,4.1333,4.5219,Lumpy
TRUD1555,JGO. PASTILLA DE FRENO,62,13,0.2097,4.7692,5.5122,Lumpy
TRUD1567,JGO. PASTILLA DE FRENO,62,17,0.2742,3.6471,4.7474,Lumpy
TRUD1571,JGO. PASTILLA DE FRENO,62,25,0.4032,2.48,1.9898,Lumpy
TRUD1572,JGO. PASTILLA DE FRENO,62,22,0.3548,2.8182,2.6891,Lumpy
TRUD1592,JGO. PASTILLA DE FRENO,62,21,0.3387,2.9524,3.1912,Lumpy
TRUD161,JGO. PASTILLA DE FRENO,62,17,0.2742,3.6471,5.1186,Lumpy
TRUD1624,JGO. PASTILLA DE FRENO,62,30,0.4839,2.0667,1.2432,Lumpy
TRUD1627,JGO. PASTILLA DE FRENO,62,23,0.371,2.6957,2.9129,Lumpy
TRUD1676,JGO. PASTILLA DE FRENO,62,16,0.2581,3.875,4.6035,Lumpy
TRUD1679,JGO. PASTILLA DE FRENO,62,22,0.3548,2.8182,2.7516,Lumpy
TRUD1710,JGO. PASTILLA DE FRENO,62,20,0.3226,3.1,5.1753,Lumpy
TRUD172,JGO. PASTILLA DE FRENO,62,11,0.1774,5.6364,9.1207,Lumpy
TRUD1737,JGO. PASTILLA DE FRENO,62,36,0.5806,1.7222,2.258,Lumpy
TRUD1769,JGO. PASTILLA DE FRENO,62,24,0.3871,2.5833,2.5365,Lumpy
TRUD1830,JGO. PASTILLA DE FRENO,62,13,0.2097,4.7692,5.8604,Lumpy
TRUD1847,JGO. PASTILLA DE FRENO,62,18,0.2903,3.4444,4.8285,Lumpy
TRUD1852,JGO. PASTILLA DE FRENO,62,26,0.4194,2.3846,2.044,Lumpy
TRUD1915,JGO. PASTILLA DE FRENO,62,29,0.4677,2.1379,7.4503,Lumpy
TRUD1935,JGO. PASTILLA DE FRENO,62,30,0.4839,2.0667,1.5027,Lumpy
TRUD194,JGO. PASTILLA DE FRENO,62,26,0.4194,2.3846,1.6407,Lumpy
TRUD1965,JGO. PASTILLA DE FRENO,62,24,0.3871,2.5833,2.8526,Lumpy
TRUD200,JGO. PASTILLA DE FRENO,62,18,0.2903,3.4444,3.5051,Lumpy
TRUD2006,JGO. PASTILLA DE FRENO,62,27,0.4355,2.2963,1.6767,Lumpy
TRUD2014,JGO. PASTILLA DE FRENO,62,17,0.2742,3.6471,4.4033,Lumpy
TRUD2038S,JGO. PASTILLA DE FRENO,62,9,0.1452,6.8889,9.8963,Lumpy
TRUD2234,JGO. PASTILLA DE FRENO,62,9,0.1452,6.8889,11.71,Lumpy
TRUD2260,JGO. PASTILLA DE FRENO,62,35,0.5645,1.7714,2.0316,Lumpy
TRUD227,JGO. PASTILLA DE FRENO,62,12,0.1935,5.1667,6.2656,Lumpy
TRUD242,JGO. PASTILLA DE FRENO,62,33,0.5323,1.8788,1.1935,Lumpy
TRUD254S,JGO. PASTILLA DE FRENO,62,22,0.3548,2.8182,3.1654,Lumpy
TRUD280,JGO. PASTILLA DE FRENO,62,24,0.3871,2.5833,2.6856,Lumpy
TRUD285,JGO. PASTILLA DE FRENO,62,14,0.2258,4.4286,5.1081,Lumpy
TRUD296S,JGO. PASTILLA DE FRENO,62,13,0.2097,4.7692,5.8962,Lumpy
TRUD297,JGO. PASTILLA DE FRENO,62,24,0.3871,2.5833,3.076,Lumpy
TRUD299,JGO. PASTILLA DE FRENO,62,37,0.5968,1.6757,0.899,Lumpy
TRUD303,JGO. PASTILLA DE FRENO,62,31,0.5,2.0,1.3916,Lumpy
TRUD319,JGO. PASTILLA DE FRENO,62,13,0.2097,4.7692,4.7147,Lumpy
TRUD320,JGO. PASTILLA DE FRENO,62,31,0.5,2.0,1.2857,Lumpy
TRUD333,JGO. PASTILLA DE FRENO,62,34,0.5484,1.8235,2.5948,Lumpy
TRUD340,JGO. PASTILLA DE FRENO,62,29,0.4677,2.1379,2.26,Lumpy
TRUD3427,JGO. PASTILLA DE FRENO,62,18,0.2903,3.4444,4.0876,Lumpy
TRUD349,JGO. PASTILLA DE FRENO,62,38,0.6129,1.6316,0.9023,Lumpy
TRUD350,JGO. PASTILLA DE FRENO,62,16,0.2581,3.875,3.6624,Lumpy
TRUD363,JGO. PASTILLA DE FRENO,62,15,0.2419,4.1333,5.0973,Lumpy
TRUD369,JGO. PASTILLA DE FRENO,62,7,0.1129,8.8571,11.5374,Lumpy
TRUD371,JGO. PASTILLA DE FRENO,62,29,0.4677,2.1379,1.3541,Lumpy
TRUD378,JGO. PASTILLA DE FRENO,62,11,0.1774,5.6364,5.8889,Lumpy
TRUD397,JGO. PASTILLA DE FRENO,62,24,0.3871,2.5833,1.8436,Lumpy
TRUD401,JGO. PASTILLA DE FRENO,62,26,0.4194,2.3846,2.0372,Lumpy
TRUD402,JGO. PASTILLA DE FRENO,62,17,0.2742,3.6471,4.8286,Lumpy
TRUD41,JGO. PASTILLA DE FRENO,62,12,0.1935,5.1667,5.7181,Lumpy
TRUD418,JGO. PASTILLA DE FRENO,62,15,0.2419,4.1333,4.0853,Lumpy
TRUD428,JGO. PASTILLA DE FRENO,62,16,0.2581,3.875,4.3608,Lumpy
TRUD430,JGO. PASTILLA DE FRENO,62,17,0.2742,3.6471,6.1896,Lumpy
TRUD436,JGO. PASTILLA DE FRENO,62,41,0.6613,1.5122,0.7189,Lumpy
TRUD438,JGO. PASTILLA DE FRENO,62,11,0.1774,5.6364,7.3226,Lumpy
TRUD440,JGO. PASTILLA DE FRENO,62,21,0.3387,2.9524,2.2413,Lumpy
TRUD451,JGO. PASTILLA DE FRENO,62,14,0.2258,4.4286,5.2782,Lumpy
TRUD465,JGO. PASTILLA DE FRENO,62,17,0.2742,3.6471,4.2828,Lumpy
TRUD477,JGO. PASTILLA DE FRENO,62,25,0.4032,2.48,2.8548,Lumpy
TRUD50,JGO. PASTILLA DE FRENO,62,14,0.2258,4.4286,5.6999,Lumpy
TRUD5001,JGO. PASTILLA DE FRENO,62,25,0.4032,2.48,1.8676,Lumpy
TRUD510,JGO. PASTILLA DE FRENO,62,8,0.129,7.75,11.6035,Lumpy
TRUD52,JGO. PASTILLA DE FRENO,62,14,0.2258,4.4286,7.8086,Lumpy
TRUD530,JGO. PASTILLA DE FRENO,62,27,0.4355,2.2963,1.7098,Lumpy
TRUD535,JGO. PASTILLA DE FRENO,62,15,0.2419,4.1333,4.2741,Lumpy
TRUD541,JGO. PASTILLA DE FRENO,62,12,0.1935,5.1667,5.7496,Lumpy
TRUD552S,JGO. PASTILLA DE FRENO,62,14,0.2258,4.4286,5.665,Lumpy
TRUD556,JGO. PASTILLA DE FRENO,62,27,0.4355,2.2963,1.8397,Lumpy
TRUD562,JGO. PASTILLA DE FRENO,62,13,0.2097,4.7692,5.9843,Lumpy
TRUD566,JGO. PASTILLA DE FRENO,62,24,0.3871,2.5833,2.2607,Lumpy
TRUD580,JGO. PASTILLA DE FRENO,62,22,0.3548,2.8182,2.4232,Lumpy
TRUD602,JGO. PASTILLA DE FRENO,62,23,0.371,2.6957,2.7458,Lumpy
TRUD606,JGO. PASTILLA DE FRENO,62,24,0.3871,2.5833,2.1249,Lumpy
TRUD611,JGO. PASTILLA DE FRENO,62,28,0.4516,2.2143,2.7491,Lumpy
TRUD632,JGO. PASTILLA DE FRENO,62,39,0.629,1.5897,1.2731,Lumpy
TRUD652,JGO. PASTILLA DE FRENO,62,44,0.7097,1.4091,1.6224,Lumpy
TRUD654,JGO. PASTILLA DE FRENO,62,25,0.4032,2.48,1.8409,Lumpy
TRUD660,JGO. PASTILLA DE FRENO,62,20,0.3226,3.1,3.1167,Lumpy
TRUD668,JGO. PASTILLA DE FRENO,62,14,0.2258,4.4286,6.1064,Lumpy
TRUD677,JGO. PASTILLA DE FRENO,62,32,0.5161,1.9375,1.1455,Lumpy
TRUD679,JGO. PASTILLA DE FRENO,62,29,0.4677,2.1379,2.7423,Lumpy
TRUD680,JGO. PASTILLA DE FRENO,62,23,0.371,2.6957,3.4321,Lumpy
TRUD691,JGO. PASTILLA DE FRENO,62,19,0.3065,3.2632,4.1809,Lumpy
TRUD700,JGO. PASTILLA DE FRENO,62,17,0.2742,3.6471,10.2499,Lumpy
TRUD704,JGO. PASTILLA DE FRENO,62,26,0.4194,2.3846,2.2336,Lumpy
TRUD726,JGO. PASTILLA DE FRENO,62,17,0.2742,3.6471,4.2278,Lumpy
TRUD729,JGO. PASTILLA DE FRENO,62,10,0.1613,6.2,6.8837,Lumpy
TRUD766,JGO. PASTILLA DE FRENO,62,26,0.4194,2.3846,2.0122,Lumpy
TRUD768,JGO. PASTILLA DE FRENO,62,33,0.5323,1.8788,1.3289,Lumpy
TRUD774,JGO. PASTILLA DE FRENO,62,38,0.6129,1.6316,0.8061,Lumpy
TRUD784,JGO. PASTILLA DE FRENO,62,21,0.3387,2.9524,3.7428,Lumpy
TRUD785,JGO. PASTILLA DE FRENO,62,15,0.2419,4.1333,4.8258,Lumpy
TRUD792,JGO. PASTILLA DE FRENO,62,16,0.2581,3.875,3.8557,Lumpy
TRUD798,JGO. PASTILLA DE FRENO,62,23,0.371,2.6957,2.4973,Lumpy
TRUD799,JGO. PASTILLA DE FRENO,62,10,0.1613,6.2,9.5528,Lumpy
TRUD813,JGO. PASTILL A DE FRENO,62,28,0.4516,2.2143,1.6867,Lumpy
TRUD815,JGO. PASTILLA DE FRENO,62,29,0.4677,2.1379,1.3532,Lumpy
TRUD828,JGO. PASTILLA DE FRENO,62,32,0.5161,1.9375,1.3314,Lumpy
TRUD830,JGO. PASTILLA DE FRENO,62,12,0.1935,5.1667,6.9136,Lumpy
TRUD831,JGO. PASTILLA DE FRENO,62,24,0.3871,2.5833,4.8925,Lumpy
TRUD833,JGO. PASTILLA DE FRENO,62,45,0.7258,1.3778,0.5328,Lumpy
TRUD862,JGO. PASTILLA DE FRENO,62,24,0.3871,2.5833,2.4211,Lumpy
TRUD864,JGO. PASTILLA DE FRENO,62,26,0.4194,2.3846,5.031,Lumpy
TRUD866,JGO. PASTILLA DE FRENO,62,35,0.5645,1.7714,1.1111,Lumpy
TRUD867,JGO. PASTILLA DE FRENO,62,24,0.3871,2.5833,5.687,Lumpy
TRUD882,JGO. PASTILLA DE FRENO,62,22,0.3548,2.8182,4.3325,Lumpy
TRUD883,JGO. PASTILLA DE FRENO,62,19,0.3065,3.2632,2.9525,Lumpy
TRUD888,JGO. PASTILLA DE FRENO,62,21,0.3387,2.9524,3.4719,Lumpy
TRUD889,JGO. PASTILLA DE FRENO,62,29,0.4677,2.1379,1.3695,Lumpy
TRUD9017,JGO. PASTILLA DE FRENO,62,39,0.629,1.5897,0.8124,Lumpy
TRUD9029,JGO. PASTILLA DE FRENO,62,19,0.3065,3.2632,2.8888,Lumpy
TRUD904,JGO. PASTILLA DE FRENO,62,17,0.2742,3.6471,5.6194,Lumpy
TRUD905,JGO. PASTILLA DE FRENO,62,19,0.3065,3.2632,5.349,Lumpy
TRUD906,JGO. PASTILLA DE FRENO,62,36,0.5806,1.7222,2.0274,Lumpy
TRUD924,JGO. PASTILLA DE FRENO,62,25,0.4032,2.48,3.6395,Lumpy
TRUD941,JGO. PASTILLA DE FRENO,62,27,0.4355,2.2963,1.6114,Lumpy
TRUD949,JGO. PASTILLA DE FRENO,62,14,0.2258,4.4286,6.4014,Lumpy
TRUD973,JGO. PASTILLA DE FRENO,62,40,0.6452,1.55,0.7896,Lumpy
TRUD9730,JGO. PASTILLA DE FRENO,62,14,0.2258,4.4286,5.4763,Lumpy
TRUD976,JGO. PASTILLA DE FRENO,62,34,0.5484,1.8235,2.6671,Lumpy
TRUDB1366,JGO. PASTILLA DE FRENO,62,35,0.5645,1.7714,0.9933,Lumpy
TRUDB140,JGO. PASTILLA DE FRENO,62,11,0.1774,5.6364,9.5251,Lumpy
TRUDB1424,JGO. PASTILLA DE FRENO,62,28,0.4516,2.2143,3.0,Lumpy
TRUDB2002,JGO. PASTILLA DE FRENO,62,23,0.371,2.6957,3.6556,Lumpy
TRUDB3535,JGO. PASTILLA DE FRENO,62,27,0.4355,2.2963,1.9236,Lumpy
TRUDS1169,JGO. PASTILLA DE FRENO,62,7,0.1129,8.8571,9.4388,Lumpy
TRUFDB757,JGO. PASTILLA DE FRENO,62,29,0.4677,2.1379,1.5134,Lumpy
TRUKB1150,TRUKB1150,62,31,0.5,2.0,1.4387,Lumpy
TS028-GIN-1578,RETENEDOR DE TRANSMISION 020409374,62,4,0.0645,15.5,25.8832,Lumpy
TS028-GIN-1810,PROPULSOR HIDRAULICO AMAROK,62,19,0.3065,3.2632,5.8753,Lumpy
TS028-GIN-1811,"RIEL DE INYECCION CON INYECTORES VIRTUS, POLO, T-CROSS",62,27,0.4355,2.2963,1.54,Lumpy
TS028-GIN-1812,"INYECTOR DE GASOLINA VIRTUS, POLO, T-CROSS",62,27,0.4355,2.2963,2.0986,Lumpy
TY17201-30120,TURBO,62,27,0.4355,2.2963,3.446,Lumpy
USNS-0052,"HORQUILLA 3RA Y 4TA GOL, SAVEIRO 1994---2006",62,22,0.3548,2.8182,2.9972,Lumpy
USNS-0271,"JGO DE RINES STANDAR BAH FOX (5Z1,5Z3,5Z4) 1.6 CROSSFOX, GOL V 1.6 CFZA 2009--->, POLO (9N_, 9A_) 1.6 2002---2005",62,31,0.5,2.0,1.248,Lumpy
USNS-0326,"EMPAQUE CABEZOTE ORIGINAL GOLF VENTO 2.0, GOLF IV 1.6 ALEMAN",62,16,0.2581,3.875,4.752,Lumpy
USNS-0394,EMPAQUE CABEZOTE AMAROK	AMAROK 2009--->,62,45,0.7258,1.3778,0.5096,Lumpy
USNS-0411,TAPA DEL FILTRO ACEITE VW AMAROK,62,28,0.4516,2.2143,1.8043,Lumpy
USNS-0438,SONDA LAMBDA AMAROK,62,11,0.1774,5.6364,8.4334,Lumpy
USNS-0516,VALVULA CONTROL PRESION COMBUSTIBLE AMAROK 2009--->,62,13,0.2097,4.7692,5.4461,Lumpy
USNS-0529,"BALANCINES AMAROK 2009--->, CRAFTER 30-35 AUTOBUS 2011---2016, CRAFTER 30-50 FURGON 2011---2016, EUROVAN 2009---2015,...",62,15,0.2419,4.1333,4.3868,Lumpy
USNS-0553,"EMPAQUE CABEZOTE MOTOR APK BORA, JETTA, GOLF IV 1.8-2.0cc",62,18,0.2903,3.4444,3.698,Lumpy
USNS-0653,"BANDA ALTERNADOR 5PK1060 BORA V 2005---2010, GOLF 2007---2013, JETTA 2008---2014",62,37,0.5968,1.6757,0.7907,Lumpy
USNS-0654,BANDA ALTERNADOR JETTA 2012 5DPK1554,62,14,0.2258,4.4286,6.6049,Lumpy
USNS-0657,"TENSOR CON BANDA DE ALTERNADOR BETTLE 2011--2019, BORA V 2006---2010, JETTA 2010--->, NEW BEETLE 2005---2010, PASSAT ...",62,18,0.2903,3.4444,4.4895,Lumpy
USNS-0659,"EMISOR IMPULSOS CIGUENAL CKP JETTA 2.5 2010 --->, BORA V 2006---2010, NEW BEETLE 2005---2010",62,5,0.0806,12.4,16.6049,Lumpy
USNS-0746,"KIT RULIMAN DE RUEDA POSTERIOR GOL, VENTO, PARATI, SAVEIRO, FELICIA, GOLF I 1983---1993, GOLF II 1984---1991, GOLF III 1...",62,16,0.2581,3.875,4.3745,Lumpy
USNS-0994,"CUBO RUEDA DEL GOLF IV 1997---2005, JETTA 1998---2013, NEW BEETLE 1998---2010",62,31,0.5,2.0,1.1308,Lumpy
USNS-1010,"BOMBA DIRECCION HIDRAULICA GOLF IV, JETTA IV, GOL 2011",62,31,0.5,2.0,2.729,Lumpy
USNS-1286,BOMBA DIRECCION HIDRAULICA AMAROK	AMAROK 2009--->,62,16,0.2581,3.875,3.8572,Lumpy
USNS-1287,BUJE CREMALLERA AMAROK,62,15,0.2419,4.1333,6.2234,Lumpy
USNS-2115,"CONMUTADOR ENCENDIDO VENTO, GOLF II 1984---1991, GOLF III 1993---1998, GOLF IV 1998---2002, JETTA 1984---1998, PASSAT 19...",62,33,0.5323,1.8788,1.2237,Lumpy
USNS-2426,"POLEA BANDA ALTERNADOR POLO, FOX 2003--2014, GOL 2009--->, JETTA 1998---2013, SAVEIRO 2009--->",62,9,0.1452,6.8889,11.6476,Lumpy
USNS-2478,"BOBINA DE ENCENDIDO POLO INDU 2009--->, GOLF VI 2002---2012, TIGUAN LIMITED (5N_) 2008---2018, VENTO V 2010--->",62,10,0.1613,6.2,10.1853,Lumpy
USNS-2480,"BOBINA DE IGNICION TOUAREG 2006---2010, GOLF MK5 GTI 2007---2013, AUDI  Q3",62,32,0.5161,1.9375,2.5182,Lumpy
USNS-2481,SOPORTE PARA CHOQUES BORA V,62,32,0.5161,1.9375,1.239,Lumpy
USNS-2482,"TAPA DEPOSITO REFRIGERANTE BEETLE 2012---2019, GOL V 2009--->, GOLF VII 2012---2017M JETTA 2017--->, PASSAT 2005--...",62,23,0.371,2.6957,2.3536,Lumpy
USNS-2483,"TERMINAL BARRA DIRECCION GOL, PARATI, SAVEIRO",62,25,0.4032,2.48,2.2446,Lumpy
USNS-2485,"PISTON 2.00 cc TIGUAN (5N_) TFSI 2007---2018, GOLF VI (5K1) 2009---2012, JETTA CLASICO VI 2010--->, PASSAT 2005---201...",62,9,0.1452,6.8889,13.7198,Lumpy
USNS-2487,"CHAQUETA DE BIELA AMAROK TSI 2010---2015, TIGUAN (5N_) TFSI 2007---2018, GOLF VI (5K1) 2009---2012, JETTA CLASICO VI 201...",62,18,0.2903,3.4444,4.0211,Lumpy
USNS-2488,"CHAQUETA DE BANCADA AMAROK TSI 2010---2015, TIGUAN (5N_) TFSI 2007---2018, GOLF VI (5K1) 2009---2012, JETTA CLASICO VI 2...",62,25,0.4032,2.48,2.5133,Lumpy
USNS-2503,MODULO GASOLINA COMBUSTIBLE,62,31,0.5,2.0,2.637,Lumpy
USNS-2507,"CAUCHO BARRA ESTABILIZADORA FOX 1.6cc (5Z1,5Z3,5Z4) 2003---2014, FOX (5Z5) 2014---2017, GOL V 2009--->, POLO 1.6cc (9...",62,15,0.2419,4.1333,5.317,Lumpy
USNS-2508,POLEA BOMBA DIRECCION HIDRAULICA AMAROK,62,17,0.2742,3.6471,4.2918,Lumpy
USNS-2509,MODULO GASOLINA SUMERGIBLE,62,9,0.1452,6.8889,9.3226,Lumpy
VAM8005,HORQUILLA EMBRAGUE,62,31,0.5,2.0,3.2549,Lumpy
VW026115105A,BOMBA ACEITE,62,34,0.5484,1.8235,1.0969,Lumpy
VW032103601AA,CARTER,62,31,0.5,2.0,1.1755,Lumpy
VW036115105D,BOMBA ACEITE,62,14,0.2258,4.4286,4.58,Lumpy
VW037129101H,VALVULA PCV,62,4,0.0645,15.5,30.0,Lumpy
VW037906265,SENSOR OXIGENO,62,12,0.1935,5.1667,7.0663,Lumpy
VW038103601NA,CARTER,62,19,0.3065,3.2632,3.8572,Lumpy
VW03L103603M,CARTER,62,36,0.5806,1.7222,0.9469,Lumpy
VW03L115105B,BOMBA ACEITE,62,34,0.5484,1.8235,1.0109,Lumpy
VW051103601,CARTER,62,26,0.4194,2.3846,3.107,Lumpy
VW06A103601T,CARTER,62,16,0.2581,3.875,4.2691,Lumpy
VW06J115105AB,BOMBA ACEITE,62,16,0.2581,3.875,4.6984,Lumpy
VW171498203,GUARDAPOLVO PUNTA EJE,62,22,0.3548,2.8182,2.5102,Lumpy
VW1H0199262F,BASE MOTOR,62,17,0.2742,3.6471,3.6416,Lumpy
VW1H0199609G,BASE MOTOR,62,37,0.5968,1.6757,0.826,Lumpy
VW5Z0919149,SENSOR VELOCIDAD,62,19,0.3065,3.2632,2.9648,Lumpy
VW6RF199262Q,BASE MOTOR,62,26,0.4194,2.3846,2.3925,Lumpy
VW6RF199851C,BASE MOTOR,62,14,0.2258,4.4286,5.4102,Lumpy
WP92065969,BOMBA AGUA,62,12,0.1935,5.1667,5.871,Lumpy
WP96352650,BOMBA AGUA,62,17,0.2742,3.6471,3.1656,Lumpy
WT014141701E,HORQUILLA EMBRAGUE,62,23,0.371,2.6957,2.3001,Lumpy
WT0261091731,PROTECTOR DISTRIBUCION SUP.,62,14,0.2258,4.4286,4.9092,Lumpy
WT0261211339,"TOMA DE AGUA METALICA 2 TOMAS, GOL 1.6-1.8 1995--2006, PARATI, SAVEIRO, SANTANA",62,14,0.2258,4.4286,5.4461,Lumpy
WT026121144A,TOMA DE AGUA,62,19,0.3065,3.2632,4.1132,Lumpy
WT026906161,TROMPO TEMPERATURA,62,23,0.371,2.6957,2.4948,Lumpy
WT027109675,RETEN VALVULAS,62,18,0.2903,3.4444,4.7672,Lumpy
WT0271156119,VARILLA MEDIR ACEITE,62,32,0.5161,1.9375,1.1276,Lumpy
WT027115611C,VARILLA MEDIR ACEITE,62,27,0.4355,2.2963,1.8294,Lumpy
WT0279983851,SENSOR TPS,62,11,0.1774,5.6364,8.3939,Lumpy
WT028145278E,TENSOR BANDA ALTERNADOR,62,26,0.4194,2.3846,2.0641,Lumpy
WT028919501C,SENSOR TEMPERATURA,62,11,0.1774,5.6364,8.648,Lumpy
WT030109423B,PROPULSOR HIDRAULICO POLO,62,27,0.4355,2.2963,1.7966,Lumpy
WT030115636D,TUBO ALOJAMIENTO,62,18,0.2903,3.4444,3.6937,Lumpy
WT032121026BA,"CAJA REGULADORA DE AGUA SIN  A/C  GOL V 1.6, POLO BRASIL 1.6, FOX",62,34,0.5484,1.8235,1.0232,Lumpy
WT032121110B,TERMOSTATO,62,33,0.5323,1.8788,1.1353,Lumpy
WT032121110L,"TERMOSTADO GOL V 1.6, POLO BRASIL 1.6, FOX 1.6 CON A/C",62,26,0.4194,2.3846,1.5929,Lumpy
WT032121113,TERMOSTATO 87º,62,24,0.3871,2.5833,2.4697,Lumpy
WT032121121K,"TOMA DE AGUA GOL V 1.6, POLO BRASIL 1.6, FOX 1.6",62,35,0.5645,1.7714,0.9232,Lumpy
WT036103464G,VALVULA PCV,62,24,0.3871,2.5833,2.6859,Lumpy
WT036133062P,CUERPO ACELERACION,62,40,0.6452,1.55,0.7639,Lumpy
WT036919081D,TROMPO ACEITE,62,22,0.3548,2.8182,2.1064,Lumpy
WT037121132E,"TOMA DE AGUA, GOLF 1.8 1995--1998, VENTO 1.8 1992-1999",62,14,0.2258,4.4286,5.8485,Lumpy
WT037121144H,TOMA DE AGUA,62,12,0.1935,5.1667,7.6886,Lumpy
WT037121619,TOMA DE AGUA,62,17,0.2742,3.6471,3.9532,Lumpy
WT037906457E,VALVULA IAC,62,25,0.4032,2.48,2.7178,Lumpy
WT03C121065B,TUBO REFRIGERANTE RADIADOR,62,24,0.3871,2.5833,1.9005,Lumpy
WT03C121111AM,CAJA REGULADORA DE AGUA,62,43,0.6935,1.4419,0.6298,Lumpy
WT03L103469F,TAPA VALVULAS,62,30,0.4839,2.0667,1.3213,Lumpy
WT03L109145B,PROTECTOR DISTRIBUCION,62,18,0.2903,3.4444,3.5123,Lumpy
WT03L109521A,PROPULSOR HIDRAULICO,62,15,0.2419,4.1333,5.0316,Lumpy
WT03L117021C,RADIADOR ACEITE,62,17,0.2742,3.6471,3.9724,Lumpy
WT03L121111AB,TERMOSTATO,62,24,0.3871,2.5833,3.6104,Lumpy
WT03L121131M,TERMOSTATO,62,35,0.5645,1.7714,0.9407,Lumpy
WT03L906054A,TROMPO PRESION COMBUSTIBLE,62,18,0.2903,3.4444,4.9271,Lumpy
WT040121155H,CAJA TERMOSTATICA VIRTUS,62,5,0.0806,12.4,20.7689,Lumpy
WT044907385A,TPS MONOPUNTO,62,34,0.5484,1.8235,3.0494,Lumpy
WT048103772C,RESPIRADERO MOTOR,62,5,0.0806,12.4,11.4,Lumpy
WT048109173D,PROTECTOR DISTRIBUCION SUP.,62,14,0.2258,4.4286,6.8672,Lumpy
WT049109111C,POLEA ARBOL DE LEVAS,62,26,0.4194,2.3846,2.6686,Lumpy
WT04C109175F,PROTECTOR DISTRIBUCION INF.,62,16,0.2581,3.875,4.7397,Lumpy
WT04E919081A,TROMPO ACEITE,62,32,0.5161,1.9375,3.4957,Lumpy
WT04L121026F,CAJA REGULADORA DE AGUA,62,17,0.2742,3.6471,16.2559,Lumpy
WT050109175A,PROTECTOR BANDA DISTRIBUCION INF.,62,38,0.6129,1.6316,0.8065,Lumpy
WT050109309H,PROPULSOR HIDRAULICO,62,7,0.1129,8.8571,9.1181,Lumpy
WT052905225C,ROTOR DE DISTRIBUIDOR,62,31,0.5,2.0,2.7952,Lumpy
WT056105313C,RULIMAN CIGUENAL MOTRIZ,62,16,0.2581,3.875,5.8564,Lumpy
WT059109417J,BALANCINES,62,23,0.371,2.6957,3.0547,Lumpy
WT059121012B,BOMBA DE AGUA AUXILIAR,62,20,0.3226,3.1,2.8047,Lumpy
WT068117021B,RADIADOR ACEITE,62,29,0.4677,2.1379,1.2646,Lumpy
WT06A103485F,TAPA ACEITE,62,33,0.5323,1.8788,2.3976,Lumpy
WT06A103663C,TUBO ALOJAMIENTO,62,35,0.5645,1.7714,1.1253,Lumpy
WT06A109108S,PROTECTOR DISTRIBUCION SUP.,62,20,0.3226,3.1,4.1327,Lumpy
WT06A115611C,VARILLA MEDIR ACEITE,62,38,0.6129,1.6316,0.8442,Lumpy
WT06A121121C,TOMA DE AGUA,62,34,0.5484,1.8235,1.1401,Lumpy
WT06A121132,"TOMA DE AGUA GOLF IV, POLO CLASSIC 2000---",62,7,0.1129,8.8571,11.8099,Lumpy
WT06B115611C,VARILLA MEDIR ACEITE,62,4,0.0645,15.5,16.2222,Lumpy
WT06H109210AG,PROTECTOR DISTRIBUCION,62,1,0.0161,62.0,61.0,Lumpy
WT07K121133E,TOMA DE AGUA,62,14,0.2258,4.4286,5.2367,Lumpy
WT0K9BV1507XF,CAJA REGULADORA DE AGUA,62,12,0.1935,5.1667,6.3722,Lumpy
WT12620112,BASE TERMOSTATO,62,14,0.2258,4.4286,5.4364,Lumpy
WT13049F4300,BASE TERMOSTATO,62,8,0.129,7.75,10.408,Lumpy
WT17560-57L00-000,BASE TERMOSTATO,62,11,0.1774,5.6364,8.3739,Lumpy
WT191407182,BUJE MESA SUSPENSION,62,34,0.5484,1.8235,0.9768,Lumpy
WT191411315,PERNO BARRA ESTABILIZADORA CON COJINES,62,25,0.4032,2.48,4.1969,Lumpy
WT191411329,BUJE PERNO BARRA ESTABILIZADORA,62,19,0.3065,3.2632,7.7428,Lumpy
WT191598625,KIT RULIMAN RUEDA,62,27,0.4355,2.2963,2.9348,Lumpy
WT191711190B,ANILLO COJINETE MECANICO CAMBIO MARCHAS,62,22,0.3548,2.8182,3.6682,Lumpy
WT1C0945511A,INTERRUPTOR LUZ DE FRENO,62,39,0.629,1.5897,0.8076,Lumpy
WT1H0121407A,RESERVORIO,62,6,0.0968,10.3333,20.1296,Lumpy
WT1H0422371D,DEPOSITO ACEITE HIDRAULICO,62,19,0.3065,3.2632,3.7788,Lumpy
WT1H0711173,KIT BUJES SELECTOR MARCHAS,62,9,0.1452,6.8889,14.0156,Lumpy
WT1H0711574,KIT REPARACION SELECTOR MARCHAS,62,38,0.6129,1.6316,0.9333,Lumpy
WT1H0837187A,BOTON PUERTA,62,14,0.2258,4.4286,5.0635,Lumpy
WT1H1819031A,RADIADOR CALEFACCION,62,33,0.5323,1.8788,1.0623,Lumpy
WT1HM121253,RADIADOR DE AGUA,62,21,0.3387,2.9524,2.6872,Lumpy
WT1J0121087B,TOMA DE AGUA GOLF IV 2000--,62,17,0.2742,3.6471,6.6517,Lumpy
WT1J0121087C,"TOMA DE AGUA GOLF IV, BORA 2.0 JETTA 2.0",62,27,0.4355,2.2963,2.9968,Lumpy
WT1J0121253P,RADIADOR DE AGUA,62,30,0.4839,2.0667,2.5312,Lumpy
WT1J0121407F,RESERVORIO,62,24,0.3871,2.5833,4.7863,Lumpy
WT1J0129684CK,TUBO UNION ASPIRACION,62,16,0.2581,3.875,5.9592,Lumpy
WT1J0407181,BUJE MESA SUSPENSION GRANDE,62,19,0.3065,3.2632,3.4069,Lumpy
WT1J0411314R,BUJE BARRA ESTALIBILIZADORA,62,32,0.5161,1.9375,5.102,Lumpy
WT1J0411314R-KIT,KIT BUJE,62,15,0.2419,4.1333,4.8977,Lumpy
WT1J0412319C,PLATILLO SUPERIOR AMORTIGUADOR DELANTERO SUPERIOR,62,16,0.2581,3.875,4.9751,Lumpy
WT1J0412331CS,BASE AMORTIGUADOR,62,25,0.4032,2.48,1.9589,Lumpy
WT1J0422371C,DEPOSITO HIDRAULICO,62,14,0.2258,4.4286,4.1888,Lumpy
WT1J0513353C,BASE AMORTIGUADOR,62,27,0.4355,2.2963,1.6885,Lumpy
WT1J0953235J,INTERRUPTOR PARQUEO,62,25,0.4032,2.48,5.3403,Lumpy
WT1J0959481A,TERMOSWICHT,62,14,0.2258,4.4286,4.9246,Lumpy
WT1J0973081,SOCKET TROMPO ACEITE,62,9,0.1452,6.8889,11.5771,Lumpy
WT1J5949117A,FARO GUIA LATERAL,62,12,0.1935,5.1667,6.8192,Lumpy
WT1K0121070BD,TUBO REFRIGERANTE RADIADOR,62,21,0.3387,2.9524,2.5795,Lumpy
WT1K0121407F,RESERVORIO,62,33,0.5323,1.8788,1.2958,Lumpy
WT1K0122291A,ACOPLE REFRIGERANTE,62,33,0.5323,1.8788,1.0452,Lumpy
WT1K0407183E,BUJE MESA SUSPENSION,62,20,0.3226,3.1,3.2986,Lumpy
WT1K0959455N,ELECTROVENTILADOR,62,10,0.1613,6.2,7.93,Lumpy
WT1L8Z-8A080-BB-F,RESERVORIO,62,32,0.5161,1.9375,1.6178,Lumpy
WT251941521,TROMPO RETRO,62,19,0.3065,3.2632,4.5455,Lumpy
WT25199824,BASE CON TERMOSTATO,62,28,0.4516,2.2143,3.4838,Lumpy
WT256202G500,CAJA REGULADORA DE AGUA,62,9,0.1452,6.8889,10.8642,Lumpy
WT26906247,VALVULA IAC,62,18,0.2903,3.4444,3.1284,Lumpy
WT279980491,VALVULA IAC,62,31,0.5,2.0,1.3285,Lumpy
WT2E0121253B,RADIADOR DE AGUA,62,20,0.3226,3.1,3.2021,Lumpy
WT2GB121253A,RADIADOR,62,28,0.4516,2.2143,1.3924,Lumpy
WT2H0121253A,RADIADOR,62,11,0.1774,5.6364,6.9988,Lumpy
WT2Q0121321,TAPA RESERVORIO,62,25,0.4032,2.48,1.6436,Lumpy
WT2Q0121407B,RESERVORIO,62,20,0.3226,3.1,4.3852,Lumpy
WT3051210632,MANGUERA REFRIGERANTE INF.,62,21,0.3387,2.9524,2.2176,Lumpy
WT3251212531,RADIADOR,62,31,0.5,2.0,1.6588,Lumpy
WT3254223711,DEPOSITO ACEITE HIDRAULICO,62,32,0.5161,1.9375,1.3444,Lumpy
WT3258812132,GUIA ASIENTO,62,5,0.0806,12.4,22.3457,Lumpy
WT357121321C,TAPA RESERVORIO,62,17,0.2742,3.6471,4.4384,Lumpy
WT377412329,BASE AMORTIGUADOR CON RODAMIENTO,62,15,0.2419,4.1333,4.9132,Lumpy
WT377905865,CONMUTADOR ENCENDIDO,62,10,0.1613,6.2,13.1446,Lumpy
WT3B0121321,TAPA RESERVORIO,62,42,0.6774,1.4762,0.6665,Lumpy
WT3Q0955455,TAPA RESERVORIO PLUMAS,62,18,0.2903,3.4444,3.9094,Lumpy
WT547959481,TERMOSWITCH ELECTROVENTILADOR,62,36,0.5806,1.7222,0.9448,Lumpy
WT547959481A,TERMOSWICHT,62,13,0.2097,4.7692,5.448,Lumpy
WT5C0121251E,RADIADOR DE AGUA,62,22,0.3548,2.8182,4.0688,Lumpy
WT5Q0121407M,RESERVORIO,62,27,0.4355,2.2963,3.8315,Lumpy
WT5QM121251A,RADIADOR DE AGUA,62,25,0.4032,2.48,1.755,Lumpy
WT5U0121207A,ELECTROVENTILADOR CON BASE,62,19,0.3065,3.2632,2.8992,Lumpy
WT5U0121407,RESERVORIO,62,14,0.2258,4.4286,5.8202,Lumpy
WT5X0121407,RESERVORIO,62,32,0.5161,1.9375,2.6669,Lumpy
WT5X0412329,BASE AMORTIGUADOR,62,13,0.2097,4.7692,4.4646,Lumpy
WT5Z0121253E,RADIADOR DE AGUA,62,22,0.3548,2.8182,2.3763,Lumpy
WT5Z0121253F,RADIADOR DE AGUA,62,40,0.6452,1.55,0.8244,Lumpy
WT6N0905865,CONMUTADOR ENCENDIDO,62,19,0.3065,3.2632,4.89,Lumpy
WT6N0947563,INTERRUPTOR PUERTA,62,36,0.5806,1.7222,0.8942,Lumpy
WT6N0953235B,INTERRUPTOR PARQUEO,62,13,0.2097,4.7692,4.815,Lumpy
WT6Q0121253AE,RADIADOR DE AGUA,62,20,0.3226,3.1,3.6445,Lumpy
WT6Q0121407A,RESERVORIO,62,30,0.4839,2.0667,1.281,Lumpy
WT6Q0121619,BRIDA TUBO DISTRIBUIDOR,62,21,0.3387,2.9524,3.2339,Lumpy
WT6Q0407182,BUJE MESA SUSPENSION PEQUENO,62,15,0.2419,4.1333,4.735,Lumpy
WT6Q0411315E,BARRA ESTABILIZADORA,62,21,0.3387,2.9524,3.1669,Lumpy
WT6Q0959455J,ELECTROVENTILADOR,62,20,0.3226,3.1,3.765,Lumpy
WT6QE121253A,RADIADOR DE AGUA,62,19,0.3065,3.2632,3.3262,Lumpy
WT6R0121253A,RADIADOR DE AGUA,62,23,0.371,2.6957,3.6887,Lumpy
WT6RG955453B,RESERVORIO PLUMAS,62,26,0.4194,2.3846,2.4769,Lumpy
WT7700111985,TUBO REFRIGERANTE RADIADOR,62,31,0.5,2.0,2.0777,Lumpy
WT7700600514,CAJA REGULADORA DE AGUA,62,18,0.2903,3.4444,3.2678,Lumpy
WT7700869985,TUBO REFRIGERANTE RADIADOR,62,14,0.2258,4.4286,6.151,Lumpy
WT7701041348,TUBO REFRIGERANTE RADIADOR,62,11,0.1774,5.6364,7.9159,Lumpy
WT7701470460,RESERVORIO,62,8,0.129,7.75,10.7851,Lumpy
WT811399151B,BASE CAJA CAMBIOS,62,9,0.1452,6.8889,9.5569,Lumpy
WT811407181A,BUJE SUSPENSION,62,24,0.3871,2.5833,1.8404,Lumpy
WT8200134513,TUBO REFRIGERANTE RADIADOR,62,28,0.4516,2.2143,3.5081,Lumpy
WT8200493154,CAJA REGULADORA DE AGUA,62,15,0.2419,4.1333,8.6368,Lumpy
WT8200561420,BASE TERMOSTATO,62,29,0.4677,2.1379,2.7139,Lumpy
WT8200660882,BASE TERMOSTATO,62,23,0.371,2.6957,2.1149,Lumpy
WT823199381B,BASE MOTOR GOL,62,40,0.6452,1.55,0.7738,Lumpy
WT8V218K218AB,RESERVORIO,62,10,0.1613,6.2,8.0104,Lumpy
WT9046588,BASE TERMOSTATO,62,34,0.5484,1.8235,1.0349,Lumpy
WT93307137,PROTECTOR DISTRIBUCION INF.,62,23,0.371,2.6957,2.0129,Lumpy
WT93388682,PROTECTOR DISTRIBUCION POST.,62,32,0.5161,1.9375,1.2145,Lumpy
WT93388683,PROTECTOR DISTRIBUCION SUP.,62,21,0.3387,2.9524,5.0452,Lumpy
WT96182950,PROTECTOR DISTRIBUCION POST.,62,22,0.3548,2.8182,3.2383,Lumpy
WT96182951,PROTECTOR DISTRIBUCION INF.,62,25,0.4032,2.48,2.2158,Lumpy
WT96182952,PROTECTOR DISTRIBUCION SUP.,62,21,0.3387,2.9524,2.8948,Lumpy
WT96325222,PROTECTOR DISTRIBUCION SUP.,62,17,0.2742,3.6471,4.8474,Lumpy
WT96325226,PROTECTOR DISTRIBUCION INF.,62,31,0.5,2.0,1.1268,Lumpy
WT96540793,INTERRUPTOR PARQUEO,62,33,0.5323,1.8788,1.1447,Lumpy
WTSK121259,BASE TERMOSTATO,62,9,0.1452,6.8889,13.1738,Lumpy
WTWLF2151H0,BASE TERMOSTATO,62,25,0.4032,2.48,2.2725,Lumpy
WTXS4G9K478BB,BASE TERMOSTATO,62,43,0.6935,1.4419,0.726,Lumpy
XI-01,FILTRO GASOLINA,62,34,0.5484,1.8235,1.1698,Lumpy
XI-02,TAPA MODULO GASOLINA,62,21,0.3387,2.9524,3.7637,Lumpy
XI-03,FILTRO GASOLINA (31112-3E000),62,15,0.2419,4.1333,4.8037,Lumpy
XI-06,FILTRO GASOLINA,62,41,0.6613,1.5122,0.793,Lumpy
XI-07,FILTRO GASOLINA,62,9,0.1452,6.8889,12.2432,Lumpy
XI-08,FILTRO GASOLINA,62,33,0.5323,1.8788,1.0451,Lumpy
XI-102B,FILTRO GASOLINA,62,14,0.2258,4.4286,6.3904,Lumpy
XI-13,FILTRO GASOLINA,62,12,0.1935,5.1667,14.6614,Lumpy
XI-15,FILTRO GASOLINA,62,21,0.3387,2.9524,3.4286,Lumpy
XI-153,PORTA FILTRO COMBUSTIBLE,62,17,0.2742,3.6471,3.1755,Lumpy
XI-154,PORTA FILTRO COMBUSTIBLE,62,27,0.4355,2.2963,1.57,Lumpy
XI-155,PORTA FILTRO COMBUSTIBLE,62,36,0.5806,1.7222,0.9188,Lumpy
XI-17,FILTRO GASOLINA,62,18,0.2903,3.4444,3.1052,Lumpy
XI-21,FILTRO GASOLINA,62,36,0.5806,1.7222,0.9003,Lumpy
XI-22,FILTRO GASOLINA,62,13,0.2097,4.7692,4.92,Lumpy
XI-23,FILTRO INTANK,62,34,0.5484,1.8235,2.363,Lumpy
XI-25,TAPA MODULO GASOLINA SUMERGIBLE,62,15,0.2419,4.1333,10.0229,Lumpy
XI-26,FILTRO GASOLINA,62,40,0.6452,1.55,0.7185,Lumpy
XI-27,FILTRO GASOLINA,62,35,0.5645,1.7714,1.8075,Lumpy
XI-28,FILTRO GASOLINA,62,18,0.2903,3.4444,3.6104,Lumpy
XI-29,TAPA MODULO GASOLINA SUMERGIBLE,62,22,0.3548,2.8182,4.9692,Lumpy
XI-30,FILTRO GASOLINA,62,15,0.2419,4.1333,3.9542,Lumpy
XI-33,FILTRO GASOLINA,62,27,0.4355,2.2963,1.8491,Lumpy
XI-34,FILTRO GASOLINA,62,34,0.5484,1.8235,2.4286,Lumpy
XI-35,FILTRO GASOLINA,62,24,0.3871,2.5833,1.9928,Lumpy
XI-40,FILTRO GASOLINA,62,32,0.5161,1.9375,4.9491,Lumpy
XI-41,FILTRO GASOLINA,62,21,0.3387,2.9524,2.7609,Lumpy
XI-45,FILTRO GASOLINA,62,6,0.0968,10.3333,13.88,Lumpy
XI-46,FILTRO GASOLINA,62,12,0.1935,5.1667,6.9137,Lumpy
XI-48,FILTRO INTANK,62,9,0.1452,6.8889,8.4453,Lumpy
XI-50,FILTRO GASOLINA,62,24,0.3871,2.5833,1.7918,Lumpy
XI-50X,FILTRO GASOLINA,62,21,0.3387,2.9524,2.4011,Lumpy
XI-51,FILTRO GASOLINA,62,26,0.4194,2.3846,2.9332,Lumpy
XI-55,FILTRO COMBUSTIBLE,62,15,0.2419,4.1333,5.3193,Lumpy
XI-65,FILTRO GASOLINA,62,29,0.4677,2.1379,2.3067,Lumpy
XI-69,FILTRO GASOLINA,62,24,0.3871,2.5833,2.6104,Lumpy
XI-706,FILTRO COMBUSTIBLE,62,27,0.4355,2.2963,2.6811,Lumpy
XI-72,FILTRO GASOLINA,62,33,0.5323,1.8788,1.1358,Lumpy
XI-73,FILTRO GASOLINA,62,15,0.2419,4.1333,5.4713,Lumpy
XI-75,BASE FILTRO COMBUSTIBLE-CH.,62,27,0.4355,2.2963,2.5541,Lumpy
XI-80,FILTRO GASOLINA,62,28,0.4516,2.2143,3.455,Lumpy
XI-81,FILTRO GASOLINA,62,39,0.629,1.5897,0.9414,Lumpy
XI-83,FILTRO GASOLINA,62,30,0.4839,2.0667,1.403,Lumpy
XI-84,FILTRO GASOLINA,62,26,0.4194,2.3846,2.1498,Lumpy
XI-85,FILTRO GASOLINA,62,29,0.4677,2.1379,2.7686,Lumpy
XI-88,FILTRO GASOLINA,62,5,0.0806,12.4,16.98,Lumpy
XI-90,FILTRO GASOLINA,62,41,0.6613,1.5122,0.672,Lumpy
XI-91,FILTRO GASOLINA,62,21,0.3387,2.9524,2.8944,Lumpy
XI-97,TAPA MODULO GASOLINA,62,20,0.3226,3.1,2.6985,Lumpy
XI-99,FILTRO ACEITE CAJA CAMBIO,62,20,0.3226,3.1,3.5531,Lumpy
YKD-01-D,TRICETA,62,19,0.3065,3.2632,3.6311,Lumpy
YKD392111NB13,PUNTA HOMOCINETICA,62,30,0.4839,2.0667,2.8623,Lumpy
YKD96489845,PUNTA HOMOCINETICA,62,17,0.2742,3.6471,3.7419,Lumpy
