REFERENCIA,DESCRIPCIÓN,MONTHS_ANALYZED,STOCKOUT_MONTHS,STOCKOUT_RATE,AVG_INVENTORY_DAYS_PROXY,SERVICE_LEVEL_PROXY
698286,MASCARILLA REJILLA VENTILACION URANIO,62,0,0.0,195.85,1.0
760655,LETRA EMBLEMA SAVEIRO,62,0,0.0,128.25,1.0
1784527,ANTENA TECHO,62,0,0.0,189.69,1.0
9029858,FILTRO AIRE CHEVROLET SAIL CAB,62,0,0.0,307.66,1.0
13272719,FILTRO AIRE,62,0,0.0,493.2,1.0
24103565,FILTRO ACEITE SAIL 2012 2017 1.4 N200 N300 M18X1.5,62,0,0.0,143.97,1.0
26109675,SELLOS DE VALVULAS MOTOR 1 8,62,0,0.0,194.6,1.0
90799322,FILTRO AIRE,62,0,0.0,117.33,1.0
95981206,FILTRO AIRE CABINA AVEO EMOTION 1.6 2007-2018,62,0,0.0,107.69,1.0
96386780,INYECTOR COMBUSTIBLE,62,0,0.0,723.42,1.0
96425700,FILTRO AIRE CHEVROLET SPARK 10/ COB,62,0,0.0,237.67,1.0
96536696,FILTRO AIRE,62,0,0.0,1105.37,1.0
96539649,FILTRO AIRE CABINA AVEO FAMILY CHEVITAXI,62,0,0.0,153.88,1.0
96553450,FILTRO AIRE,62,0,0.0,131.51,1.0
96827723,FILTRO AIRE,62,0,0.0,138.26,1.0
113711333,BOTON PALANCA FRENO GOL,62,0,0.0,112.53,1.0
131411811,BRIDA RULIMAN EMBRAGUE GOL,62,0,0.0,107.1,1.0
191411329,COJIN PERNO B E G V,62,0,0.0,104.87,1.0
191955531,RELAY PLUMAS,62,0,0.0,189.8,1.0
357412135,KIT TOPE GUARDAPOLVO DEL SUSP G V,62,0,0.0,122.71,1.0
373868403,MANIJA INT IZQ PLASTICA GOL 98,62,0,0.0,350.29,1.0
373868404,MANIJA INT DER PLASTICA GOL 98,62,0,0.0,83.54,1.0
377121275,COJIN SUP RADIADOR AGUA GOL,62,0,0.0,107.81,1.0
377199339,COJIN AMORTIG VIBRACION MOTOR GOL,62,0,0.0,390.13,1.0
377399113,SOPORTE DEL GOL 97,62,0,0.0,182.14,1.0
377412375,CAPERUZA,62,0,0.0,227.5,1.0
377598131,KIT TOPE GUARDAPOLVO POST SUSP GOL,62,0,0.0,241.59,1.0
377601165,EMBLEMA ARO R15,62,0,0.0,238.4,1.0
377857043,MOLDURA PORTA REJILLA IZQ GOL 00,62,0,0.0,115.06,1.0
377906383,RELAY B COMBUSTIBLE GOL 97,62,0,0.0,176.1,1.0
377953516,KIT COBERTURA COL DIRECCION GOL 95,62,0,0.0,187.76,1.0
811412365,ANILLO ESPACIADOR SOPORTE AMORTIGUADOR,62,0,0.0,200.1,1.0
811711593,KIT BUJES P CAMBIOS GOL,62,0,0.0,200.9,1.0
857407181,BUJE M S SANTANA,62,0,0.0,1853.88,1.0
3054198113,TERMINAL BARRA DIR MEC GOL IZQUIERDA01 DRIVEWAY,62,0,0.0,246.11,1.0
3259112614,RELAY B COMBUSTIBLE GOL 95 VERDE,62,0,0.0,154.26,1.0
14311561111,HORQUILLA 1RA Y 2DA ALTERNA,62,0,0.0,108.54,1.0
7865217374831,REFRIGERADORA 16 370LT IND TOP,62,0,0.0,130.83,1.0
7865217388258,SERVICIOS LOGISTICOS,62,0,0.0,90.64,1.0
7865217414384,MODULOS DE GALPON 2,62,0,0.0,448.23,1.0
7865217471462,MODULOS DE GALPON 1,62,0,0.0,1274.19,1.0
013311269.1,ANILLO SINCRONIZADO 1 Y 2 GOL,62,0,0.0,114.82,1.0
014301467.2,TAPA C C GOL HASTA 2008,62,0,0.0,164.22,1.0
014311313,CHAVETA CC GOL 1234,62,0,0.0,266.97,1.0
014941521.1,TROMPO DE RETRO GOL 95,62,0,0.0,139.72,1.0
020141741B,VARILLA ACCIONAMIENTO C C G V TOPRAN,62,0,0.0,865.71,1.0
020301227D,ANILLO HERMETICO ARBOL CC GV,62,0,0.0,128.36,1.0
020311113B,RETEN ACEITE MOTRIZ C C G V 2 0,62,0,0.0,129.94,1.0
020409289B,TAPON CAJA CAMBIOS GOLF,62,0,0.0,197.04,1.0
020945415/A,TROMPO DE RETRO G V,62,0,0.0,544.0,1.0
026109107B,PROTECTOR SUP B D G V 1 8,62,0,0.0,107.34,1.0
026121041P,EMPAQUE BOMBA DE AGUA,62,0,0.0,530.29,1.0
026121053G,MANGUERA AGUA GOL,62,0,0.0,664.3,1.0
026121121A,BRIDA TUBULADURA GOL,62,0,0.0,587.39,1.0
028103500,CAUCHO DESFOGUE T V,62,0,0.0,151.11,1.0
030145299F,POLEA TENSOR B ALT POLO 1 6 BR S A,62,0,0.0,861.96,1.0
032105401AH,BRAZO DE BIELA POLO 1 6 BR,62,0,0.0,279.46,1.0
032129620B,FILTRO DE AIRE,62,0,0.0,98.26,1.0
036103383AM,EMPAQUE CABEZOTE POLO 1 4,62,0,0.0,95.79,1.0
036103464G,RESPIRADERO ACEITE POLO 1 6,62,0,0.0,174.17,1.0
036109601AD,VALVULA ADMISION POLO 1 4,62,0,0.0,202.31,1.0
036109611K,VALVULA ESCAPE POLO 1 4,62,0,0.0,377.81,1.0
036109675C,SELLOS DE VALVULAS POLO 6MM,62,0,0.0,135.88,1.0
037121065K,CANERIA DE AGUA 18 GOLF,62,0,0.0,150.02,1.0
037121065L,CANERIA DE AGUA GOLF VENTO,62,0,0.0,136.11,1.0
037121121A,BRIDA TUBULADORA G V,62,0,0.0,464.11,1.0
037121133C,BRIDA S A G V 83 92 PASSAT 95,62,0,0.0,214.19,1.0
037145271E,BANDA DIRECCION HIDRAULICA SIN AIRE GOLF VENTO,62,0,0.0,92.35,1.0
037253039D,JUNTA COLECTOR ESCAPE G V 2 0,62,0,0.0,237.22,1.0
03L103085,RETEN ARBOL LEVAS AMAROK,62,0,0.0,267.5,1.0
03L115264A,BANDA BOMBA DE ACEITE AMAROK,62,0,0.0,134.98,1.0
03L145100E,BOMBA VACIO SISTEMA FRENO AMAROK,62,0,0.0,1364.49,1.0
03L903137R,BANDA ALTERNADOR CRAFTER 6PK 1613,62,0,0.0,106.61,1.0
04,TRANSPORTE QUITO,62,0,0.0,241.19,1.0
048129717D,JUNTA COLECTOR ADMISION G V 1 8 ALEMAN,62,0,0.0,982.86,1.0
056919081C,TROMPO PRESION ACEITE BAJA G VCAFE,62,0,0.0,126.28,1.0
056919081E,TROMPO PRESION ACEITE ALTA G V BLANCO,62,0,0.0,376.63,1.0
058109601C,VALVULA ADMISION GOLF 1 8 TURBO,62,0,0.0,160.07,1.0
058109611E,VALVULA ESCAPE GOLF IV 1 8 TURBO,62,0,0.0,111.76,1.0
068103085A,RETEN EJE MOTOR ARBOL LEVAS CIGUENAL,62,0,0.0,557.49,1.0
068117021B,RADIADOR DE ACEITE,62,0,0.0,159.69,1.0
06A103663B,TUBO ALOJAMIENTO V ACEITE AKL AGU,62,0,0.0,242.49,1.0
06A121011H,BOMBA DE AGUA GOLFIV JETTA 20,62,0,0.0,114.73,1.0
06A133398F,JUNTA TUBULADORA ASPIRACION,62,0,0.0,137.33,1.0
06A198012A,JGO EMPAQUES MOTOR GOLF IV 1 8 TURBO,62,0,0.0,134.37,1.0
06A919081D,TROMPO PRESION ACEITE GOLF IV,62,0,0.0,116.03,1.0
06C103485N,TAPA DE ACEITE AMAROK,62,0,0.0,130.64,1.0
085141165H,RULIMAN EMBRAGUE POLO 1 4,62,0,0.0,100.52,1.0
0K74R-23-603,FILTRO AIRE,62,0,0.0,100.83,1.0
1109101-K08-A1,FILTRO AIRE,62,0,0.0,104.59,1.0
1109101-k80,FILTRO AIRE,62,0,0.0,128.8,1.0
13780-58B00,FILTRO AIRE,62,0,0.0,191.53,1.0
13780-62B00,FILTRO AIRE,62,0,0.0,161.0,1.0
13780-65J00,FILTRO AIRE,62,0,0.0,505.42,1.0
13780-77E00,FILTRO AIRE,62,0,0.0,157.41,1.0
13780-78K00,FILTRO AIRE,62,0,0.0,412.73,1.0
1500A098,FILTRO AIRE,62,0,0.0,117.79,1.0
16546-1HK0J,FILTRO AIRE,62,0,0.0,60.0,1.0
16546-86G00,FILTRO AIRE,62,0,0.0,629.41,1.0
16546-ED000,FILTRO AIRE,62,0,0.0,110.94,1.0
16546-F4101,FILTRO  AIRE,62,0,0.0,358.62,1.0
17720-3640,FILTRO AIRE,62,0,0.0,150.77,1.0
17801-2460,FILTRO AIRE,62,0,0.0,116.84,1.0
17801-3380,FILTRO AIRE,62,0,0.0,120.9,1.0
17801-3390,FILTRO AIRE,62,0,0.0,160.84,1.0
17801-38051,FILTRO AIRE,62,0,0.0,193.56,1.0
17801-78020,FILTRO AIRE,62,0,0.0,215.26,1.0
17801-78110,FILTRO AIRE,62,0,0.0,946.2,1.0
191512131B,TOPE AMORTIGUADOR POST G V,62,0,0.0,2000.8,1.0
191711208A,CASQUILLO VARILLA MANDO,62,0,0.0,172.48,1.0
191953227A,RELAY DIRECCIONALES,62,0,0.0,89.87,1.0
1C0945511A,INTERRUPTOR LUZ FRENO GLFIV POLO JETTA,62,0,0.0,574.21,1.0
1H0253147B,CAUCHO SOPORTE ESCAPE G V,62,0,0.0,255.0,1.0
1H0422371D,DEPOSITO ACEITE HIDRAULICO G V,62,0,0.0,517.5,1.0
1H0422884,RECEPTOR GOMA DIRECCION G V,62,0,0.0,212.08,1.0
1H0698151F,JGO PASTILLAS G V 95 96 FRASLEE PD328,62,0,0.0,240.22,1.0
1H0711595,VARILLA SELECT MEC P C FRONTAL G V HUESO,62,0,0.0,170.08,1.0
1H0819373,MANGUERA ENTRADA AGUA A A G V 2 0,62,0,0.0,97.33,1.0
1H0819373C,MANGUERA RETORNO AGUA A A G V,62,0,0.0,437.19,1.0
1H0959481B,TERMOSWICHT G V PC ALEMAN,62,0,0.0,213.2,1.0
1H0959565,CONMUTADOR ESPEJO ELECTRICO G V,62,0,0.0,131.45,1.0
1H1721335A,CABLE EMBRAGUE G V AUTOMATICO,62,0,0.0,263.1,1.0
1H4839461A,LEVANTAVIDRIO ELECT POST IZQ G V,62,0,0.0,95.06,1.0
1H4839462A,LEVANTAVIDRIO ELEC DER POST G V,62,0,0.0,302.57,1.0
1H685714701C,MANIJA GUANTERA G V,62,0,0.0,160.27,1.0
1HM121101JAHU,MANGUERA PULPO GV 2 0,62,0,0.0,650.6,1.0
1J0121086BG,MANGUERA DOBLE GOLFIV,62,0,0.0,197.01,1.0
1J0122291,ACOPLE RADIADOR SUP AGUA GOLFIV,62,0,0.0,843.59,1.0
1J0253115J,JUNTA TUBO ESCAPE GOLF IV APK,62,0,0.0,145.82,1.0
1J0698123DS,KIT REPARO MORDAZA DEL,62,0,0.0,150.98,1.0
1J0711067L,CASQUILLO PALANCA C GOLF IV,62,0,0.0,1127.78,1.0
1J0721174C,CAUCHO PEDAL EMBRAGUE,62,0,0.0,393.96,1.0
1J0819644,FILTRO CALEFACCION GOLF JETTA IV PC,62,0,0.0,177.15,1.0
1J0823593C,VARILLA CAPOT GOLF IV,62,0,0.0,1383.27,1.0
1J0919379A,TERMOSENSOR EXTERIOR 2 POLOS GOLF IV,62,0,0.0,167.93,1.0
1J0927183,TROMPO PEDAL EMBRAGUE GOLF 01,62,0,0.0,174.8,1.0
1J0945511A,INTERRUPTOR LUZ DE FRENO,62,0,0.0,169.6,1.0
1J4837461H,LEVANTAVIDRIO ELECTR DEL LH CON BASE,62,0,0.0,128.22,1.0
1J4837462F,LEVANTAVIDRIO ELECT DER,62,0,0.0,104.23,1.0
1J4837462H,LEVANTAVIDRIO ELECT DEL DER CON BASE,62,0,0.0,88.64,1.0
1J6955707A,BRAZO LIMPIAPARABRISAS PLUMA POSTERIOR,62,0,0.0,192.51,1.0
1K0122291R,ACOPLE REFRIGERANTE AGUA BORA,62,0,0.0,447.91,1.0
1K0721261R,CILINDRO RECEPTOR EMBRAGUE JETTA 25,62,0,0.0,928.63,1.0
1K4959857B,CONMUTADOR VENTANAS AMAROK Y BORA,62,0,0.0,960.74,1.0
1K5955651,BOMBA LAVAPARABRISAS BORA,62,0,0.0,376.39,1.0
1N0271289-411,FARO NEBLINERO LH,62,0,0.0,177.97,1.0
1N0271295-421,FARO NEBLINERO RH,62,0,0.0,211.17,1.0
1ND012755-111,FARO NEBLINERO LH,62,0,0.0,150.95,1.0
1ND012755-121,FARO NEBLINERO RH,62,0,0.0,120.19,1.0
1WA013Z40,FILTRO AIRE,62,0,0.0,446.9,1.0
23304-EV290,FILTRO DE GASOLINA HINO,62,0,0.0,130.7,1.0
23390-0L010,FILTRO DE GASOLINA DMAX TOYOTA VIGO,62,0,0.0,162.0,1.0
28113-08000,FILTRO AIRE,62,0,0.0,520.4,1.0
28113-1G000,FILTRO AIRE,62,0,0.0,183.3,1.0
28113-1R100,FILTRO AIRE,62,0,0.0,151.05,1.0
28113-2S000,FILTRO AIRE,62,0,0.0,574.15,1.0
28113-4H000,FILTRO AIRE,62,0,0.0,481.21,1.0
28113-A0100,FILTRO AIRE,62,0,0.0,178.17,1.0
28113-D3300,FILTRO AIRE,62,0,0.0,331.55,1.0
28113-G2100,FILTRO AIRE,62,0,0.0,106.29,1.0
28113-G6000,FILTRO AIRE,62,0,0.0,245.19,1.0
28113-H9100,FILTRO AIRE,62,0,0.0,133.13,1.0
305407175.2,PLACA FIJACION ROTULA GOL,62,0,0.0,468.21,1.0
305419809A,BUJE B D GOL,62,0,0.0,296.52,1.0
305419831.1,GUARDAPOLVO DE LA DIRECCION GOL,62,0,0.0,127.21,1.0
305711025.1,KIT BASE PALANCA CAMBIOS GOL,62,0,0.0,113.28,1.0
305721338A,GRAPA SEGURIDAD EMBRAGUE GOL,62,0,0.0,153.17,1.0
307411309.6,BARRA ESTABILIZADORA GOL,62,0,0.0,115.27,1.0
307419812.1,TERMINAL DIRECCION H GOL DRIVEWAY,62,0,0.0,123.57,1.0
321611939E,MANGUERA DE VACIO G V 1 8,62,0,0.0,131.91,1.0
325422375.1,TAPA DEPOSITO HIDRAULICO,62,0,0.0,525.36,1.0
325907411.1,RELAY DE POTENCIA GOL 97,62,0,0.0,131.27,1.0
327823397.1,PRESILLA VARILLA APOYO CAPOT GOL,62,0,0.0,103.89,1.0
34810-65J00,SENSOR NIVEL GASOLINA,62,0,0.0,123.4,1.0
373868404A,MANIJA INT DER CROMADA GOL 98 PLASTICA,62,0,0.0,109.9,1.0
377399541A,SOPORTE BASE C C GOL,62,0,0.0,141.5,1.0
377407365B,ROTULA M S D H P G IZQ GOL 98,62,0,0.0,378.0,1.0
377711141A,MANOPLA P C GOL,62,0,0.0,298.38,1.0
377819371B,MANGUERA CALEFACCION ALIM CON FALLA GOL,62,0,0.0,171.05,1.0
3B0837187B,BOTON PUERTA GOLF IV,62,0,0.0,1758.69,1.0
3BD853601,EMBLEMA DELANTERO PASSAT 98 GOL V,62,0,0.0,136.14,1.0
3G0598611A,CUBO RUEDA POST TIGUAN,62,0,0.0,125.5,1.0
4RP008189-151,RELAY BOMBA COMBUSTIBLE,62,0,0.0,794.39,1.0
4RV008188-461,RELAY PRECALIENTAMIENTO,62,0,0.0,451.92,1.0
5-87310455-0,FILTRO AIRE,62,0,0.0,293.44,1.0
5DA006623-951,BOBINA ENCENDIDO,62,0,0.0,340.8,1.0
5DA193175-381,BOBINA ENCENDIDO,62,0,0.0,399.58,1.0
5DA193175-441,BOBINA ENCENDIDO,62,0,0.0,134.26,1.0
5DA193175-481,BOBINA ENCENDIDO,62,0,0.0,1043.96,1.0
5DA193175-501,BOBINA ENCENDIDO,62,0,0.0,128.04,1.0
5DA193175-731,BOBINA ENCENDIDO,62,0,0.0,574.25,1.0
5DA193175-951,BOMBA DE ENCENDIDO,62,0,0.0,227.78,1.0
5DA193175-971,BOMBA ENCENDIDO,62,0,0.0,208.67,1.0
5DA230036-181,BOBINA ENCENDIDO,62,0,0.0,373.88,1.0
5DA358000-171,BOBINA ENCENDIDO,62,0,0.0,598.49,1.0
5DA358000-651,BOBINA ENCENDIDO,62,0,0.0,125.78,1.0
5DA358057-031,BOBINA ENCENDIDO,62,0,0.0,454.03,1.0
5DA358057-471,BOBINA ENCENDIDO,62,0,0.0,105.74,1.0
5DA358057-891,BOBINA ENCENDIDO,62,0,0.0,109.02,1.0
5DA358168-431,BOBINA ENCENDIDO,62,0,0.0,266.05,1.0
5K0498621,CUBO RUEDA DEL GOLF IV 18 BORA,62,0,0.0,255.0,1.0
5U0501117,PUNTA EJE POSTERIOR,62,0,0.0,118.86,1.0
5X0121293A,DEFLECTOR SUPERIOR,62,0,0.0,611.38,1.0
5X0412319,PLATO SUPERIOR AMORTIG DEL GOL,62,0,0.0,370.79,1.0
5X0711303B,PALANCA FRENO MANO GOL,62,0,0.0,147.37,1.0
5X0857551,PARASOL GOL IZQ PROMOCION,62,0,0.0,141.05,1.0
5X0857552,PARASOL GOL DER PROMOCION,62,0,0.0,130.26,1.0
69826-2,MASCARILLA REJILLA VENTILACION GOL III NEGRA,62,0,0.0,405.19,1.0
6PA358066-401,SENSOR OXIGENO,62,0,0.0,140.79,1.0
6PU009106-071,SENSOR ABS DELANTERO RH,62,0,0.0,925.0,1.0
6PU009106-091,SENSOR ABS DELANTERO LH,62,0,0.0,150.14,1.0
6PU009121-451,SENSOR POSICION ARBOL LEVAS,62,0,0.0,126.17,1.0
6PU009163-491,SENSOR POSICION CIGUENAL,62,0,0.0,133.37,1.0
6PU010039-991,SENSOR ABS LH,62,0,0.0,133.35,1.0
6PU012039-001,SENSOR ABS RH,62,0,0.0,125.43,1.0
6PU012681-021,SENSOR HALL,62,0,0.0,203.54,1.0
6PU013122-671,SENSOR POSICION ARBOL LEVAS,62,0,0.0,137.76,1.0
6PV008496-701,PEDAL ACELERADOR,62,0,0.0,1004.3,1.0
6Q0407183,BUJE MESA GRANDE POLO,62,0,0.0,140.42,1.0
6Q0711303,PALANCA FRENO MANO POLOBR,62,0,0.0,181.79,1.0
6ZF003272-011,TROMPO RETRO,62,0,0.0,2157.86,1.0
6ZF008621-421,TROMPO RETRO,62,0,0.0,143.17,1.0
7C3Z9601A,FILTRO AIRE,62,0,0.0,162.78,1.0
8-97035303-0,FILTRO AIRE,62,0,0.0,557.53,1.0
8-97062294-0,FILTRO AIRE,62,0,0.0,133.97,1.0
8-971478609-0,FILTRO AIRE,62,0,0.0,142.96,1.0
8-97251943-0,FILTRO AIRE,62,0,0.0,123.3,1.0
8-97356127-0,"FILTRO AIRE CABINA D-MAX 2.5L, 3.0L (2010/2018)  WINGLE 2.8L (2010/2012) WINGLE 5 2.4L, 2.8L (2012/2018)",62,0,0.0,78.67,1.0
8-98071423-0,FILTRO AIRE,62,0,0.0,141.17,1.0
8-98071424-0,FILTRO AIRE,62,0,0.0,108.93,1.0
8-98140266-0,FILTRO AIRE,62,0,0.0,186.03,1.0
811407181A,BUJE M S GOL,62,0,0.0,150.42,1.0
811711803A,VARILLA MARCHA CAMBIOS GOL 3257118031,62,0,0.0,285.62,1.0
823253147A,CAUCHO SILENCIADOR ESCAPE,62,0,0.0,105.0,1.0
8DB355008-591,JGO. PASTILLA DE FRENO,62,0,0.0,152.78,1.0
8DB355018-111,JGO. PASTILLA DE FRENO,62,0,0.0,724.94,1.0
8DD355104-211,DISCO FRENO DEL.,62,0,0.0,260.97,1.0
8DD355105-411,DISCO FRENO POST.,62,0,0.0,116.23,1.0
8DD355111-341,DISCO FRENO DEL.,62,0,0.0,129.57,1.0
8DD355117-151,DISCO FRENO DEL.,62,0,0.0,314.02,1.0
8DD355134-251,DISCO FRENO DEL.,62,0,0.0,116.74,1.0
8EA011612-641,MOTOR ARRANQUE,62,0,0.0,819.63,1.0
8EA012527-401,MOTOR ARRANQUE,62,0,0.0,264.21,1.0
8EL012430-951,ALTERNADOR,62,0,0.0,156.21,1.0
8TF358106-101,MODULO GASOLINA SUMERGIBLE,62,0,0.0,108.29,1.0
8TF358146-621,BOMBA GASOLINA SUMERGIBLE,62,0,0.0,601.78,1.0
8TF358303631,BOMBA GASOLINA SUMERGIBLE,62,0,0.0,1381.87,1.0
95861-64J10,FILTRO AIRE GRAN VITARA SZ CAB,62,0,0.0,103.16,1.0
97133-F2000,FILTRO AIRE CABINA KIA RIO 2018,62,0,0.0,654.72,1.0
97133-G6000,FILTRO AIRE CABINA KIA PICANTO,62,0,0.0,265.4,1.0
97617-4H000,FILTRO AIRE HYUNDAI H1 TQ NUEVA CAB,62,0,0.0,155.26,1.0
A12-1109111,FILTRO AIRE,62,0,0.0,524.97,1.0
A15251,FILTRO AIRE,62,0,0.0,155.43,1.0
ALHP-0066,BUJE GUIA ARBOL PRINC C C G V,62,0,0.0,111.81,1.0
ALHP-0067,RETEN MOTRIZ EMBRAGUE G V,62,0,0.0,102.03,1.0
ALHP-0201,TROMPO RETRO POLO-GOLF-JETTA,62,0,0.0,126.03,1.0
ALHP-0220,BOMBA DE AGUA POLO 16,62,0,0.0,1514.43,1.0
ALHP-0231,KIT BANDAS DISTRIBUCION POLO 1 6,62,0,0.0,137.46,1.0
ALHP-0260,CAJA REGULADORA AGUA POLO 1 6 CA,62,0,0.0,438.24,1.0
ALHP-0373,CARTER ACEITE GOLF JETTA PC,62,0,0.0,161.41,1.0
ALHP-0379,POLEA D H GOLF IV,62,0,0.0,307.39,1.0
ALHP-0382,TENSOR C POLEA B ALTERNADOR AMAROK,62,0,0.0,1044.62,1.0
ALHP-0418,BRIDA AMAROK 03L121131M,62,0,0.0,416.6,1.0
ALHP-0428,KIT BANDAS Y TENSOR DISTRIBUCION AMAROK,62,0,0.0,226.12,1.0
ALHP-0432,EMPAQUE BASE ENFRIADOR AMAROK,62,0,0.0,395.78,1.0
ALHP-0439,SENSOR MAF AMAROK,62,0,0.0,455.88,1.0
ALHP-0447,EMISOR IMPULSOS CIGUENAL CKP POLO 1 6,62,0,0.0,146.13,1.0
ALHP-0480,TERMOSTATO GOLF JETTA IV POLO CLASS,62,0,0.0,228.47,1.0
ALHP-0566,BANDA DISTRIBUCION GJ PC 138 D,62,0,0.0,120.0,1.0
ALHP-0569,TENSOR CADENA B ACEITE,62,0,0.0,181.12,1.0
ALHP-0576,BRIDA AGUA GOLF IV JETTA,62,0,0.0,230.83,1.0
ALHP-0609,SENSOR TEMPERATURA 2 PATAS POLO,62,0,0.0,129.7,1.0
ALHP-0619,VARILLA MEDIR ACEITE GOLF IV AKL AVU AGU,62,0,0.0,128.0,1.0
ALHP-0620,BOMBA DE AUA GOLF IV 16 AKL,62,0,0.0,253.21,1.0
ALHP-0628,JUNTA EMPAQUE DISTRIBUCION TIGUAN,62,0,0.0,184.23,1.0
ALHP-0629,JUNTA CARTER AMAROK,62,0,0.0,398.03,1.0
ALHP-0630,SEPARADOR DE ACEITE PCV AMAROK,62,0,0.0,155.72,1.0
ALHP-0637,FILTRO DE ACEITE TIGUAN,62,0,0.0,117.29,1.0
ALHP-0692,RULIMAN EMBRAGUE G A S,62,0,0.0,189.33,1.0
ALHP-0712,SOPORTA LAT GUARDACHOQUES G V,62,0,0.0,1425.0,1.0
ALHP-0713,RELAY 30,62,0,0.0,202.51,1.0
ALHP-0714,ELECTROVENTILADOR GOLF VENT SA,62,0,0.0,1932.68,1.0
ALHP-0755,SEGURO CENTRAL RIEL ASIENTO 435881203A,62,0,0.0,107.56,1.0
ALHP-0777,DEPOSITO AGUA RADIADOR C S,62,0,0.0,204.54,1.0
ALHP-0789,GUARDAPOLVO PUNTA EJE GOLF,62,0,0.0,157.38,1.0
ALHP-0866,RADIADOR DE LA CALEFACCION G V III,62,0,0.0,1188.99,1.0
ALHP-0956,BRIDA DISTRIBUIDOR AKL AVU,62,0,0.0,381.69,1.0
ALHP-0977,BASE MOTOR DER,62,0,0.0,140.1,1.0
ALHP-1001,RULIMAN SOPORTE AMORT G V97,62,0,0.0,362.21,1.0
ALHP-1005,JGO SOPORTE RULIMAN AMORT GOLF IV GOL V,62,0,0.0,140.66,1.0
ALHP-1015,TERMINAL B D IZQ GOLF IV,62,0,0.0,355.8,1.0
ALHP-1016,TERMINAL B D DER GOLF IV,62,0,0.0,186.43,1.0
ALHP-1022,BUJE PUENTE POST GOLF IV JETTA,62,0,0.0,196.31,1.0
ALHP-1031,DISCO DE FRENO POLO GOLF IV BR BD5602,62,0,0.0,189.88,1.0
ALHP-1061,CILINDRO RECEPTOR EMBRAGUE 16 AKL AVU GOLF IV,62,0,0.0,177.41,1.0
ALHP-1103,TERMOSWICHT GOLF IV,62,0,0.0,181.22,1.0
ALHP-1111,RADIADOR DE LA CALEFACCION GOLF IV,62,0,0.0,204.01,1.0
ALHP-1279,CAUCHO B E AMAROK,62,0,0.0,518.1,1.0
ALHP-1296,DISCO DE FRENO DEL AMAROK 303MM BD 6382 50,62,0,0.0,119.47,1.0
ALHP-1410,CUBO RUEDA DEL G V,62,0,0.0,125.51,1.0
ALHP-1421,CILINDRO PRINCIPAL DE FRENOS G V,62,0,0.0,378.02,1.0
ALHP-1427,JGO PASTILLAS GTI VENTO 2000 PD329,62,0,0.0,130.45,1.0
ALHP-1746,PERNO RUEDA,62,0,0.0,334.9,1.0
ALHP-1852,APOYO MOTOR,62,0,0.0,179.9,1.0
ALHP-2030,CUBO RUEDA DEL FOX,62,0,0.0,305.78,1.0
ALHP-2145,ROTULA M S IZQ POLO FOX,62,0,0.0,145.47,1.0
ALHP-2146,ROTULA M S DER POLO FOX,62,0,0.0,273.15,1.0
ALHP-2150,VARILLA ACCIONAMIENTO B E POLO,62,0,0.0,360.45,1.0
ALHP-2170,CILINDRO RECEPTOR EMBRAGUE POLO BR,62,0,0.0,132.73,1.0
ALHP-2209,ELECTROVENTILADOR POLO,62,0,0.0,113.41,1.0
ALHP-2213,CONMUTADOR VIDRIOS IZQ DEL POLO 16 BR,62,0,0.0,170.3,1.0
ALHP-2234,RADIADOR DE AGUA POLO 03 C A,62,0,0.0,503.37,1.0
ALHP-2251,MESA SUSPENSION LH POLO 2017,62,0,0.0,541.12,1.0
ALHP-2261,MESA SUSPENSION POLO 14,62,0,0.0,751.17,1.0
ALHP-2266,CABLE EMBRAGUE POLO HATCH 1 4,62,0,0.0,174.28,1.0
ALHP-2372,TORNILLO PINON CIGUENAL SOLO CONSUMIDOR,62,0,0.0,117.17,1.0
ALHP-2433,CUBO DE RUEDA,62,0,0.0,134.15,1.0
ALHP-2434,TAPON CARTER,62,0,0.0,516.61,1.0
ALHP-2437,POLEA REENVIO,62,0,0.0,172.11,1.0
ALHP-2441,CERRADURA DE DIRECCION,62,0,0.0,1613.47,1.0
ALHP-2444,FORRO PEDAL ACELERADOR,62,0,0.0,134.35,1.0
ALHP-2446,SOPORTE BASE MOTOR,62,0,0.0,103.99,1.0
ALHP-2448,JUNTA INYECTOR,62,0,0.0,129.65,1.0
ALHP-2452,TUBO CALEFACCION,62,0,0.0,270.49,1.0
ALHP-2454,JUNTA INYECTOR,62,0,0.0,94.06,1.0
ALHP-2458,SELECTOR DE MARCHAS,62,0,0.0,202.49,1.0
ALHP-2466,TUERCA DE EXPANSION,62,0,0.0,217.39,1.0
ALHP-2469,GUARDAPOLVO PALANCA CAMBIOS LARGA,62,0,0.0,114.83,1.0
ALHP-2471,SENSOR DE OXIGENO,62,0,0.0,373.62,1.0
ARRENDAMIENTOACTIVOS,ARRENDAMIENTO ACTIVOS,62,0,0.0,444.26,1.0
AVM405,JGO. DE RUEDA LIBRE,62,0,0.0,136.56,1.0
AVM407,JGO. DE RUEDA LIBRE,62,0,0.0,279.99,1.0
AVM418,JGO. DE RUEDA LIBRE,62,0,0.0,115.23,1.0
AVM419,JGO. DE RUEDA LIBRE,62,0,0.0,134.6,1.0
AVM432,JGO. DE RUEDA LIBRE,62,0,0.0,171.94,1.0
AVM433,JGO. DE RUEDA LIBRE,62,0,0.0,608.16,1.0
AVM439,JGO. RUEDA LIBRE,62,0,0.0,147.91,1.0
AVM443,JGO. DE RUEDA LIBRE,62,0,0.0,128.1,1.0
AVM453,JGO. DE RUEDA LIBRE,62,0,0.0,452.15,1.0
AVM454,JGO. DE RUEDA LIBRE,62,0,0.0,291.07,1.0
AVM456,JGO. DE RUEDA LIBRE,62,0,0.0,97.29,1.0
AVM460,JGO. DE RUEDA LIBRE,62,0,0.0,237.75,1.0
AVM461,JGO. DE RUEDA LIBRE,62,0,0.0,476.67,1.0
AVM462,JGO. DE RUEDA LIBRE,62,0,0.0,103.19,1.0
AVM463,JGO. DE RUEDA LIBRE,62,0,0.0,157.2,1.0
AVM465,JGO.DE RUEDA LIBRE,62,0,0.0,157.51,1.0
AVM538,JGO. DE RUEDA LIBRE,62,0,0.0,780.62,1.0
AVM918,JGO. DE RUEDA LIBRE,62,0,0.0,185.23,1.0
AVM938,JGO. DE RUEDA LIBRE,62,0,0.0,227.85,1.0
C3585,FILTRO AIRE,62,0,0.0,147.52,1.0
CAV 296 KIT,FILTRO GASOLINA UNIVERSAL,62,0,0.0,146.76,1.0
CAV296KIT,FILTRO GASOLINA UNIVERSAL,62,0,0.0,149.79,1.0
CINTAEMBALAJE,CINTA EMBALAJE TRANSP 48MMX1004,62,0,0.0,238.95,1.0
COR1,FILTRO GASOLINA,62,0,0.0,165.98,1.0
COR2,FILTRO GASOLINA,62,0,0.0,314.25,1.0
CR1391-ORI-2632,CERRADURA PUERTA DELA RH,62,0,0.0,536.33,1.0
CR1391-ORI-2633,CERRADURA PUERTA DELA LH,62,0,0.0,233.79,1.0
CR1921-UNI-1646,ELEVA VENTANA MANUAL DELA LH,62,0,0.0,91.88,1.0
CR1921-UNI-1647,ELEVA VENTANA MANUAL DELA RH,62,0,0.0,141.5,1.0
CR1921-UNI-1648,MANIJA ELEVA VENTANA,62,0,0.0,208.82,1.0
CR1921-Z.E-2634,ELEVA VENTANA MANUAL DELA RH,62,0,0.0,251.26,1.0
CR1921-Z.E-2635,ELEVA VENTANA MANUAL DELA LH,62,0,0.0,142.5,1.0
CR1921-Z.E-2636,ELEVA VENTANA MANUAL DELA RH,62,0,0.0,179.96,1.0
CR1921-Z.E-2637,ELEVA VENTANA MANUAL DELA LH,62,0,0.0,109.59,1.0
CR1931-MAR-1649,EMBLEMA DELA,62,0,0.0,228.85,1.0
CR1931-MAR-1653,EMBLEMA POST,62,0,0.0,406.98,1.0
CR1931-OEM-2627,LETRAS EMBLEMA,62,0,0.0,285.08,1.0
CR1931-OEM-2628,EMBLEMA DELA,62,0,0.0,141.24,1.0
CR2381-ROD-1631,GUARDAFANGO DELA LH,62,0,0.0,178.5,1.0
CR2741-OEM-2626,GUARDABARROS RH DELA,62,0,0.0,485.45,1.0
CR3611-ATQ-1658,MOLDURA PANEL INSTRUMENTOS,62,0,0.0,132.0,1.0
CR3611-GVW-1654,MOLDURA CENTRAL,62,0,0.0,107.93,1.0
CR5971-AUT-1618,PANEL PLUMAS,62,0,0.0,143.45,1.0
CR5971-CEN-1635,CAPOT,62,0,0.0,570.0,1.0
CR5971-CP-1639,TOPE CAPOT AJUSTABLE,62,0,0.0,165.18,1.0
CR5971-NAT-1866,GUARDAPOLVO P/CAMBIO CROMADA,62,0,0.0,611.19,1.0
CR5971-UNI-1447,LIMITADOR PUERTA,62,0,0.0,1320.43,1.0
DBDD889,JGO. PASTILLA DE FRENO,62,0,0.0,717.84,1.0
DBF-015,MANGUERA BOMBA GASOLINA SUMERGIBLE,62,0,0.0,106.12,1.0
DBF-016N,MANGUERA BOMBA GASOLINA SUMERGIBLE,62,0,0.0,205.12,1.0
DBF-025,MANGUERA BOMBA GASOLINA SUMERGIBLE,62,0,0.0,252.5,1.0
DBF-028N,MANGUERA BOMBA GASOLINA SUMERGIBLE,62,0,0.0,122.15,1.0
DBF-033,MANGUERA BOMBA GASOLINA SUMERGIBLE,62,0,0.0,337.84,1.0
DBF-16N,MANGUERA BOMBA GASOLINA SUMERGIBLE,62,0,0.0,92.83,1.0
DBFH05K,MANGUERA BOMBA GASOLINA SUMER,62,0,0.0,380.79,1.0
DK026109243,TEMPLADOR BANDA DISTRIBUCION,62,0,0.0,584.41,1.0
DK030105263C,PIÑON CIGUEÑAL,62,0,0.0,142.19,1.0
DK030145299F,POLEA TENSORA,62,0,0.0,241.01,1.0
DK030145299H,POLEA TENSORA,62,0,0.0,621.83,1.0
DK032145276,POLEA ACCESORIOS,62,0,0.0,460.84,1.0
DK032145299A,POLEA TENSORA,62,0,0.0,151.01,1.0
DK038903315AN,POLEA TENSORA,62,0,0.0,723.69,1.0
DK045903119A,POLEA ALTERNADOR,62,0,0.0,146.0,1.0
DK06A903315D,POLEA TENSORA,62,0,0.0,709.15,1.0
DK0K97212700,TEMPLADOR BANDA DISTRIBUCION,62,0,0.0,160.63,1.0
DK0K97212730,TEMPLADOR BANDA DISTRIBUCION,62,0,0.0,172.07,1.0
DK1194503G00,POLEA ACCESORIOS,62,0,0.0,154.51,1.0
DK1281071C00,TEMPLADOR BANDA DISTRIBUCION,62,0,0.0,117.53,1.0
DK1754077E00,POLEA ACCESORIOS,62,0,0.0,132.51,1.0
DK1754077E10,POLEA TENSORA,62,0,0.0,126.22,1.0
DK2441023050,TENSOR.          HYUNDAI TUCSON 2.0,62,0,0.0,304.16,1.0
DK2441026000,TEMPLADOR BANDA DISTRIBUCION,62,0,0.0,135.64,1.0
DK244102X700,TEMPLADOR BANDA DISTRIBUCION,62,0,0.0,75.0,1.0
DK24506756,POLEA ACCESORIOS,62,0,0.0,89.63,1.0
DK2481023400,TENSOR,62,0,0.0,264.24,1.0
DK2481026000,TEMPLADOR BANDA DISTRIBUCION,62,0,0.0,90.46,1.0
DK25180907,POLEA AIRE ACONDICIONADO,62,0,0.0,308.65,1.0
DK377145299,POLEA TENSORA,62,0,0.0,154.52,1.0
DK377145299B,POLEA ACCESORIOS,62,0,0.0,131.25,1.0
DK7700747599,PIÑON GIGUEÑAL,62,0,0.0,1142.96,1.0
DK8200908180,TEMPLADOR BANDA DISTRIBUCION,62,0,0.0,254.48,1.0
DK8973285120,TEMPLADOR BANDA DISTRIBUCION,62,0,0.0,348.33,1.0
DK90353176,TEMPLADOR BANDA DISTRIBUCION,62,0,0.0,180.8,1.0
DK90354858,PIÑON CIGUEÑAL,62,0,0.0,147.13,1.0
DK90411769,TEMPLADOR BANDA DISTRIBUCION,62,0,0.0,446.66,1.0
DK90412783,TEMPLADOR BANDA DISTRIBUCION,62,0,0.0,408.02,1.0
DK90500229,POLEA ACCESORIOS,62,0,0.0,312.02,1.0
DK90529810,TEMPLADOR BANDA DISTRIBUCION,62,0,0.0,147.08,1.0
DK91175578,POLEA ACCESORIOS,62,0,0.0,249.12,1.0
DK94580139,TEMPLADOR BANDA DISTRIBUCION,62,0,0.0,234.04,1.0
DK96103222,TEMPLADOR BANDA DISTRIBUCION,62,0,0.0,132.87,1.0
DK96184932,POLEA TENSORA,62,0,0.0,813.77,1.0
DK96349976,TEMPLADOR BANDA,62,0,0.0,171.19,1.0
DK96350550,TEMPLADOR BANDA DISTRIBUCION,62,0,0.0,310.73,1.0
DK96352740,PIÑON GIGUEÑAL,62,0,0.0,238.54,1.0
DKOK93712730,TEMPLADOR BANDA DISTRIBUCION,62,0,0.0,591.62,1.0
DKR-002-TY,JGO MOQUETA,62,0,0.0,104.42,1.0
DKR-012-IZ,JGO MOQUETA,62,0,0.0,246.4,1.0
DKR-014-KI,JGO MOQUETA,62,0,0.0,183.34,1.0
DKR-016-HY,JGO MOQUETA,62,0,0.0,50.05,1.0
DKR-024-TY,JGO MOQUETA,62,0,0.0,144.63,1.0
DKR-030-IZ,JGO MOQUETA,62,0,0.0,487.31,1.0
DKR-035-MT,JGO MOQUETA,62,0,0.0,112.2,1.0
DKR-058-NS,JGO MOQUETA,62,0,0.0,203.97,1.0
DKR-075-SK,JGO MOQUETA,62,0,0.0,169.78,1.0
DKR-093-SK,JGO MOQUETA,62,0,0.0,205.19,1.0
DKR-1-GREEN,REFRIGERANTE,62,0,0.0,126.35,1.0
DKR-1-GREEN_L,VERDE LITRO,62,0,0.0,133.16,1.0
DKR-1-RED,REFRIGERANTE,62,0,0.0,171.45,1.0
DKR-1-RED_L,ROJO LITRO,62,0,0.0,478.71,1.0
DKR-1/4-GREEN,VERDE LITRO USA,62,0,0.0,469.81,1.0
DKR-1/4-RED,ROJO LITRO USA,62,0,0.0,97.79,1.0
DKR1068,BOMBA GASOLINA SUMERGIBLE,62,0,0.0,180.0,1.0
DKR1494,BOMBA GASOLINA SUMERGIBLE,62,0,0.0,74.38,1.0
DKR1510,BOMBA GASOLINA SUMERGIBLE,62,0,0.0,360.79,1.0
DKR1575,BOMBA GASOLINA SUMERGIBLE,62,0,0.0,151.39,1.0
DKR1867,BOMBA GASOLINA SUMERGIBLE,62,0,0.0,171.59,1.0
DKR1935,BOMBA GASOLINA SUMERGIBLE,62,0,0.0,87.92,1.0
DKR2004,BOMBA GASOLINA SUMERGIBLE,62,0,0.0,104.45,1.0
DKR2288,BOMBA GASOLINA SUMERGIBLE,62,0,0.0,154.07,1.0
DKR2737,BOMBA GASOLINA SUMERGIBLE,62,0,0.0,407.41,1.0
DKR3047,BOMBA GASOLINA SUMERGIBLE FORSA,62,0,0.0,183.24,1.0
DKR3331,BOMBA GASOLINA SUMERGIBLE,62,0,0.0,242.52,1.0
DKR4377,BOMBA GASOLINA SUMERGIBLE,62,0,0.0,816.58,1.0
DKR4835,BOMBA GASOLINA SUMERGIBLE,62,0,0.0,156.63,1.0
DKR4837,BOMBA GASOLINA SUMERGIBLE,62,0,0.0,195.05,1.0
DP27301-2B010,BOBINA ENCENDIDO,62,0,0.0,240.94,1.0
DR04943-0K030,KIT REPARACION FRENOS,62,0,0.0,133.93,1.0
DR04943-0k050,KIT REPARACION FRENOS,62,0,0.0,379.88,1.0
DR0K01133251D,DISCO FRENO,62,0,0.0,294.58,1.0
DR1742318,DISCO FRENO,62,0,0.0,214.16,1.0
DR18060665,DISCO FRENO,62,0,0.0,386.69,1.0
DR2110-3501070,DISCO FRENO,62,0,0.0,207.0,1.0
DR2121-3501070,DISCO FRENO,62,0,0.0,107.63,1.0
DR30005701,DISCO FRENO,62,0,0.0,104.27,1.0
DR31293,DISCO FRENO,62,0,0.0,613.25,1.0
DR31319,DISCO FRENO,62,0,0.0,170.73,1.0
DR3140,DISCO FRENO,62,0,0.0,222.22,1.0
DR3172,DISCO FRENO,62,0,0.0,144.19,1.0
DR3217,DISCO FRENO,62,0,0.0,128.04,1.0
DR3222,DISCO FRENO,62,0,0.0,114.85,1.0
DR3460,DISCO FRENO,62,0,0.0,687.69,1.0
DR40206-EM10A,DISCO FRENO,62,0,0.0,126.76,1.0
DR42431-02070,DISCO FRENO,62,0,0.0,175.67,1.0
DR42431-52080,DISCO FRENO,62,0,0.0,160.11,1.0
DR43206-EM10A,DISCO FRENO,62,0,0.0,1177.32,1.0
DR43512-0K010,DISCO FRENO,62,0,0.0,116.98,1.0
DR43512-16070,DISCO FRENO,62,0,0.0,560.84,1.0
DR43512-47020,DISCO FRENO,62,0,0.0,1311.07,1.0
DR43512-52120,DISCO FRENO,62,0,0.0,243.72,1.0
DR51712-02550,DISCO FRENO,62,0,0.0,152.53,1.0
DR51712-07500,DISCO FRENO,62,0,0.0,97.48,1.0
DR51712-1C100,DISCO FRENO,62,0,0.0,114.69,1.0
DR51712-1G000,DISCO FRENO,62,0,0.0,456.83,1.0
DR51712-2F100,DISCO FRENO,62,0,0.0,121.7,1.0
DR51712-2Y000,DISCO FRENO,62,0,0.0,138.03,1.0
DR51712-FD200,DISCO FRENO,62,0,0.0,1194.61,1.0
DR55211-56B00,DISCO FRENO,62,0,0.0,165.18,1.0
DR55211-65D10,DISCO FRENO,62,0,0.0,119.6,1.0
DR55211-65J00,DISCO FRENO,62,0,0.0,296.51,1.0
DR55311-60B30,DISCO FRENO,62,0,0.0,1080.98,1.0
DR55311-61G00,DISCO FRENO,62,0,0.0,245.0,1.0
DR569000,DISCO FRENO,62,0,0.0,609.36,1.0
DR7700716947,DISCO FRENO,62,0,0.0,121.67,1.0
DR7700780892,DISCO FRENO,62,0,0.0,141.0,1.0
DR8-98006259-0,DISCO FRENO,62,0,0.0,321.71,1.0
DR8-98006259-C,DISCO FRENO DEL VENT D-MAX 3.0 3.5 4WD 02 279,62,0,0.0,713.46,1.0
DR8973088680,DISCO FRENO,62,0,0.0,2000.32,1.0
DR90497879,DISCO FRENO,62,0,0.0,132.56,1.0
DR9064210012,DISCO FRENO,62,0,0.0,850.04,1.0
DR9127966,DISCO FRENO,62,0,0.0,193.17,1.0
DR96312560,DISCO FRENO,62,0,0.0,859.79,1.0
DR96320531,DISCO FRENO,62,0,0.0,949.22,1.0
DR96328338,DISCO FRENO,62,0,0.0,135.32,1.0
DR96456494,KIT REPARACION FRENOS,62,0,0.0,256.38,1.0
DR96456495,KIT REPARACION FRENOS,62,0,0.0,95.32,1.0
DR96471275,DISCO FRENO,62,0,0.0,1460.12,1.0
DR96574633,DISCO FRENO,62,0,0.0,747.97,1.0
DRBP6Y3325XB,DISCO FRENO,62,0,0.0,197.48,1.0
DRUM5133251,DISCO FRENO,62,0,0.0,144.22,1.0
DRUR5826630,KIT REPARACION FRENOS,62,0,0.0,108.12,1.0
E115H-D208,FILTRO DE ACEITE,62,0,0.0,109.06,1.0
ECO-0.5-LBPACK,GRASA AZUL,62,0,0.0,388.5,1.0
ECO-1-LBPACK,GRASA AZUL,62,0,0.0,1383.12,1.0
ED0271-GRA-1975,PLATO BASE AMORTIGUADOR DELA,62,0,0.0,561.59,1.0
ED0461-TRW-1560,BOMBA DIRECCION HIDRAULICA,62,0,0.0,153.54,1.0
ED1331-OEM-1561,GUARDAPOLVO DIRECCION,62,0,0.0,136.9,1.0
ENLA-0012,RODAMIENTO AGUJA CAJA GOL,62,0,0.0,185.46,1.0
ENLA-1261,DEPOSITO AGUA RADIADOR AMAROK,62,0,0.0,61.05,1.0
ENLA-1620,TAPA BATERIA GOL III,62,0,0.0,125.0,1.0
ENLA-2493,RODAMIENTO DE AGUJAS GOL ENGRANAJE DE 1ra,62,0,0.0,378.16,1.0
ENLA-2498,MEDIDOR ACEITE AMAROK,62,0,0.0,84.8,1.0
ENLA-2500,GRUPO HORQUILLAS TRANSMISION AMAROK,62,0,0.0,141.08,1.0
ENLA-2501,SINCRONIZADO TRANSMISION AMAROK,62,0,0.0,125.89,1.0
ENLA-2508,POLEA ALTERNADOR,62,0,0.0,147.55,1.0
EP20-1002,JUEGO DE CORREAS DENTADAS,62,0,0.0,165.36,1.0
EP20-1038,JUEGO DE CORREAS DENTADAS,62,0,0.0,128.13,1.0
EP20-1041,JUEGO DE CORREAS DENTADAS,62,0,0.0,138.55,1.0
EP20-1068,JUEGO DE CORREAS DENTADAS,62,0,0.0,106.71,1.0
EP20-1070,JUEGO DE CORREAS DENTADAS,62,0,0.0,91.79,1.0
EP20-1160,JUEGO DE CORREAS DENTADAS,62,0,0.0,147.23,1.0
EP20-1178,KIT DISTRIBUCION,62,0,0.0,443.44,1.0
EP20-1215,JUEGO CORREA DENTADAS,62,0,0.0,743.96,1.0
EP20-1236,JUEGO CORREA DENTADAS,62,0,0.0,126.5,1.0
EP20-1237,JUEGO DE CORREAS DENTADAS,62,0,0.0,501.3,1.0
EP20-1238,JUEGO DE CORREAS DENTADAS,62,0,0.0,146.11,1.0
EP20-1244,JUEGO DE CORREAS DENTADAS,62,0,0.0,1043.96,1.0
EP20-1246,JUEGO DE CORREAS DENTADAS,62,0,0.0,116.22,1.0
EP20-1251,JUEGO DE CORREAS DENTADAS,62,0,0.0,104.41,1.0
EP20-1254,JUEGO DE CORREAS DENTADAS,62,0,0.0,336.51,1.0
EP20-1258,KIT DISTRIBUCION,62,0,0.0,290.77,1.0
EP20-1261,JUEGO DE CORREAS DENTADAS,62,0,0.0,283.73,1.0
EP20-1309,KIT DISTRIBUCION,62,0,0.0,1050.71,1.0
EP20-1310,JUEGO DE CORREAS DENTADAS,62,0,0.0,138.86,1.0
EP20-1316,JUEGO DE CORREAS DENTADAS,62,0,0.0,453.41,1.0
EP20-1325,JUEGO DE CORREAS DENTADAS,62,0,0.0,109.77,1.0
EP20-1341,JUEGO DE CORREAS DENTADAS,62,0,0.0,118.27,1.0
EP20-1343,JUEGO DE CORREAS DENTADAS,62,0,0.0,134.5,1.0
EP20-1345,KIT DISTRIBUCION,62,0,0.0,103.51,1.0
EP20-1365,JUEGO DE CORREAS DENTADAS,62,0,0.0,92.85,1.0
EP20-1440,JUEGO DE CORREAS DENTADAS,62,0,0.0,478.85,1.0
EP20-1442,KIT DISTRIBUCION,62,0,0.0,102.91,1.0
EP20-1602,JUEGO DE CORREAS DENTADAS,62,0,0.0,157.5,1.0
EP20-1603,KIT DISTRIBUCION,62,0,0.0,676.98,1.0
EP20-1611,JUEGO DE CORREAS DENTADAS,62,0,0.0,169.94,1.0
EP20-1647,JUEGO DE CORREAS DENTADAS,62,0,0.0,159.35,1.0
EP20-1677,KIT DISTRIBUCION,62,0,0.0,617.01,1.0
EP20-1687,JUEGO DE CORREAS DENTADAS,62,0,0.0,124.42,1.0
EP20-1721,JUEGO DE CORREAS DENTADAS,62,0,0.0,137.42,1.0
EP20-1728,JUEGO DE CORREAS DENTADAS,62,0,0.0,127.9,1.0
EP20-1749,JUEGO DE CORREAS DENTADAS,62,0,0.0,746.52,1.0
EP20-1758,JUEGO DE CORREAS DENTADAS,62,0,0.0,138.69,1.0
EP20-1762,JUEGO DE CORREAS DENTADAS,62,0,0.0,1879.69,1.0
EP20-1773,JUEGO DE CORREAS DENTADAS,62,0,0.0,444.91,1.0
EP20-1840,KIT DISTRIBUCION,62,0,0.0,260.72,1.0
EP20-1886,KIT DISTRIBUCION,62,0,0.0,217.36,1.0
EP20-1915,JUEGO DE CORREAS DENTADAS,62,0,0.0,150.54,1.0
EP20-1917,JUEGO DE CORREAS DENTADAS,62,0,0.0,141.52,1.0
EP20-1926,JUEGO DE CORREAS DENTADAS,62,0,0.0,329.04,1.0
EP20-2050,KIT BANDA ALTERNADOR,62,0,0.0,149.32,1.0
EP20-2070,JUEGO DE CORREAS DENTADAS,62,0,0.0,337.92,1.0
EP20-2171,JUEGO DE CORREAS DENTADAS,62,0,0.0,150.08,1.0
EP20-2178,KIT DISTRIBUCION,62,0,0.0,148.8,1.0
EP20-X201,KIT DISTRIBUCION,62,0,0.0,110.98,1.0
EP21-0028,KIT DISTRIBUCION,62,0,0.0,143.42,1.0
EP21-0036,JUEGO DE CADENA DE DISTRIBUCIÓN,62,0,0.0,142.5,1.0
EP21-0046,JUEGO DE CADENA DE DISTRIBUCIÓN,62,0,0.0,128.68,1.0
EP21-0152,JUEGO DE CADENA DE DISTRIBUCIÓN,62,0,0.0,145.67,1.0
EP21-0249,JUEGO DE CADENA DE DISTRIBUCIÓN,62,0,0.0,159.5,1.0
EP21-0388,JUEGO DE CADENA DE DISTRIBUCIÓN,62,0,0.0,309.82,1.0
EP21-0389,JUEGO DE CADENA DE DISTRIBUCIÓN,62,0,0.0,184.63,1.0
EP21-0397,KIT DISTRIBUCION,62,0,0.0,178.14,1.0
EP21-0411,JUEGO DE CADENA DE DISTRIBUCIÓN,62,0,0.0,147.35,1.0
EP21-0413,JUEGO DE CADENA DE DISTRIBUCIÓN,62,0,0.0,187.5,1.0
EP21-0432,JUEGO DE CADENA DE DISTRIBUCIÓN,62,0,0.0,154.32,1.0
EP21-0512,JUEGO DE CADENA DE DISTRIBUCIÓN,62,0,0.0,117.94,1.0
EP21-0549,JUEGO DE CADENA DE DISTRIBUCIÓN,62,0,0.0,168.79,1.0
EP21-0589,JUEGO DE CADENA DE DISTRIBUCIÓN,62,0,0.0,207.35,1.0
EP21-0601,JUEGO DE CADENA DE DISTRIBUCIÓN,62,0,0.0,126.06,1.0
EP21-0618,JUEGO DE CADENA DE DISTRIBUCIÓN,62,0,0.0,596.95,1.0
EP21-0620,JUEGO DE CADENA DE DISTRIBUCIÓN,62,0,0.0,203.75,1.0
EP29-0019,BANDA DISTRIBUCION,62,0,0.0,151.08,1.0
EP34-3000,RECEPTOR RULIMAN DE CAJA COJINETE,62,0,0.0,119.08,1.0
EPAP8266,BOMBA AGUA AUXILIAR AMAROK,62,0,0.0,119.55,1.0
EPP512,BOMBA DE AGUA,62,0,0.0,831.23,1.0
EPP513,BOMBA DE AGUA,62,0,0.0,100.52,1.0
EPP513G,BASE BOMBA DE AGUA,62,0,0.0,164.39,1.0
EPP540,BOMBA DE AGUA,62,0,0.0,118.64,1.0
EPP891,BOMBA AGUA,62,0,0.0,525.0,1.0
EPPK05133,BOMBA DE AGUA + KIT CORREA DISTRIBUCIÓN,62,0,0.0,590.02,1.0
EPPK05471,KIT DISTRIBUCION CON BOMBA AGUA,62,0,0.0,319.73,1.0
EPPK06570TH,BOMBA AGUA,62,0,0.0,660.19,1.0
EPPK06651,BOMBA DE AGUA + KIT CORREA DISTRIBUCIÓN,62,0,0.0,531.0,1.0
ET0271-HJ-1570,CAUCHO BASE INF ESPIRAL POST,62,0,0.0,368.48,1.0
ET1601-DC-0041,CONO Y CORONA,62,0,0.0,90.19,1.0
ETBK0029,KIT DISTRIBUCION,62,0,0.0,423.91,1.0
ETBK0033,KIT DISTRIBUCION,62,0,0.0,128.72,1.0
ETBK5001,KIT DISTRIBUCION,62,0,0.0,128.34,1.0
ETBK5002,KIT DISTRIBUCION,62,0,0.0,509.82,1.0
ETBK5003,KIT DISTRIBUCION,62,0,0.0,220.51,1.0
ETBK5004,KIT DISTRIBUCION,62,0,0.0,460.91,1.0
ETBK5005,KIT  DISTRIBUCION,62,0,0.0,397.08,1.0
ETBK5006,KIT DISTRIBUCION,62,0,0.0,143.43,1.0
ETCK0022,KIT DISTRIBUCION,62,0,0.0,458.86,1.0
ETCK0028,KIT DISTRIBUCION,62,0,0.0,239.88,1.0
ETCK0101,KIT DISTRIBUCION,62,0,0.0,944.41,1.0
ETCK0102,KIT DISTRIBUCION,62,0,0.0,376.16,1.0
ETCK0116,KIT  DISTRIBUCION,62,0,0.0,194.44,1.0
ETCK0118,KIT  DISTRIBUCION,62,0,0.0,194.69,1.0
ETCK2036,KIT DISTRIBUCION,62,0,0.0,489.86,1.0
ETCK2057,KIT DISTRIBUCION,62,0,0.0,160.0,1.0
ETCK2090,KIT DISTRIBUCION,62,0,0.0,115.04,1.0
ETCK5018,KIT DISTRIBUCION,62,0,0.0,128.12,1.0
ETCK5032,KIT DISTRIBUCION,62,0,0.0,211.64,1.0
ETCK5033,KIT DISTRIBUCION,62,0,0.0,257.99,1.0
ETCK5035,KIT DISTRIBUCION,62,0,0.0,512.24,1.0
ETCK5036,KIT  DISTRIBUCION,62,0,0.0,114.58,1.0
ETCK5037,KIT DISTRIBUCION,62,0,0.0,396.38,1.0
FD-7401,FILTRO GASOLINA,62,0,0.0,155.01,1.0
FD-7401G,FILTRO COMBUSTIBLE,62,0,0.0,427.36,1.0
FD-WK939,FILTRO COMBUSTIBLE,62,0,0.0,106.61,1.0
FD1770A106,FILTRO COMBUSTIBLE,62,0,0.0,590.25,1.0
FG-0012,FILTRO GASOLINA,62,0,0.0,398.07,1.0
FG-0014,FILTRO GASOLINA,62,0,0.0,113.62,1.0
FG-0019,FILTRO GASOLINA,62,0,0.0,91.92,1.0
FG-0027,FILTRO GASOLINA,62,0,0.0,293.48,1.0
FG-0028,FILTRO GASOLINA,62,0,0.0,340.58,1.0
FG-0050,FILTRO GASOLINA,62,0,0.0,100.39,1.0
FG-0056,FILTRO GASOLINA,62,0,0.0,556.32,1.0
FG-0101,FILTRO GASOLINA,62,0,0.0,91.96,1.0
FG-0105,FILTRO GASOLINA,62,0,0.0,465.44,1.0
FG-0136,FILTRO GASOLINA,62,0,0.0,736.14,1.0
FG-0198,FILTRO GASOLINA,62,0,0.0,559.8,1.0
FG-0490,FILTRO GASOLINA,62,0,0.0,263.66,1.0
FG-0578,FILTRO GASOLINA,62,0,0.0,176.65,1.0
FG-0B00,FILTRO GASOLINA,62,0,0.0,109.73,1.0
FG-0G00,FILTRO GASOLINA,62,0,0.0,134.13,1.0
FG-1051B,FILTRO GASOLINA,62,0,0.0,795.16,1.0
FG-1100,FILTRO GASOLINA,62,0,0.0,701.37,1.0
FG-128,FILTRO GASOLINA SAIL,62,0,0.0,113.71,1.0
FG-2021,FILTRO GASOLINA,62,0,0.0,234.71,1.0
FG-3074,FILTRO GASOLINA,62,0,0.0,130.33,1.0
FG-3081,FILTRO GASOLINA,62,0,0.0,338.92,1.0
FG-31130,FILTRO GASOLINA,62,0,0.0,311.33,1.0
FG-312,FILTRO GASOLINA,62,0,0.0,110.24,1.0
FG-3480,FILTRO GASOLINA,62,0,0.0,128.58,1.0
FG-3480W,FILTRO GASOLINA,62,0,0.0,260.96,1.0
FG-3600,FILTRO GASOLINA,62,0,0.0,130.97,1.0
FG-5040,FILTRO GASOLINA,62,0,0.0,339.13,1.0
FG-511A,FILTRO GASOLINA,62,0,0.0,114.08,1.0
FG-511B,FILTRO GASOLINA,62,0,0.0,153.75,1.0
FG-5555,FILTRO GASOLINA SAIL 2016-->,62,0,0.0,102.22,1.0
FG-55AA,FILTRO GASOLINA,62,0,0.0,100.45,1.0
FG-55AB,FILTRO GASOLINA,62,0,0.0,306.76,1.0
FG-55AC,FILTRO GASOLINA,62,0,0.0,120.78,1.0
FG-5719,FILTRO GASOLINA AVEO CHEV TAXI,62,0,0.0,242.09,1.0
FG-5931,FILTRO GASOLINA,62,0,0.0,181.25,1.0
FG-6030,FILTRO GASOLINA,62,0,0.0,1147.24,1.0
FG-6030A,FILTRO GASOLINA,62,0,0.0,354.72,1.0
FG-9096,FILTRO GASOLINA,62,0,0.0,808.27,1.0
FG-9123,FILTRO GASOLINA,62,0,0.0,113.62,1.0
FG-9580,FILTRO GASOLINA,62,0,0.0,132.34,1.0
FI-2F000,TAPA MODULO GASOLINA,62,0,0.0,249.04,1.0
FI-3R000,FILTRO INTANK,62,0,0.0,90.84,1.0
FI-A106,FILTRO GASOLINA,62,0,0.0,133.7,1.0
FI-JX30A,FILTRO GASOLINA,62,0,0.0,1341.96,1.0
FI-Y922,FILTRO GASOLINA,62,0,0.0,163.34,1.0
FIN16400-4M405,FILTRO INTANK,62,0,0.0,105.13,1.0
FIN17040-JR40C,FILTRO INTANK,62,0,0.0,131.52,1.0
FIN17040-JR50A,FILTRO INTANK,62,0,0.0,385.2,1.0
FIN17040-JX30A,FILTRO INTANK,62,0,0.0,141.88,1.0
FIN233-28040,FILTRO,62,0,0.0,360.34,1.0
FIN23300-0L010,FILTRO COMBUSTIBLE,62,0,0.0,147.14,1.0
FIN23300-20130,FILTRO INTANK,62,0,0.0,549.15,1.0
FIN23300-21010,FILTRO INTANK,62,0,0.0,132.25,1.0
FIN23300-21030,FILTRO INTANK,62,0,0.0,102.24,1.0
FIN23300-28040,FILTRO,62,0,0.0,136.85,1.0
FIN23300-74330,FILTRO INTANK,62,0,0.0,213.6,1.0
FIN31112-1CA00,FILTRO INTANK,62,0,0.0,127.3,1.0
FIN31112-1G500,FILTRO INTANK,62,0,0.0,386.0,1.0
FIN31112-2E000,FILTRO INTANK,62,0,0.0,403.77,1.0
FIN31910-2H000,FILTRO INTANK,62,0,0.0,1808.14,1.0
FIN31911-26000,FILTRO INTANK,62,0,0.0,156.63,1.0
FIN31911-2C000,FILTRO INTANK,62,0,0.0,133.8,1.0
FINMR526974,FILTRO INTANK,62,0,0.0,1099.28,1.0
FL01063B01,BOMBA GASOLINA SUMERGIBLE,62,0,0.0,136.76,1.0
FL012VT200,BOMBA GASOLINA SUMERGIBLE,62,0,0.0,149.28,1.0
FL01SWI152,BOMBA GASOLINA SUMERGIBLE,62,0,0.0,260.12,1.0
FL01V31FIL,FILTRO GASOLINA SUMERGIBLE,62,0,0.0,176.4,1.0
FL01V31V33,BOMBA GASOLINA SUMERGIBLE CON UN PREFILTRO DE FLFILV33 Y EL PREFILTRO FLSF2,62,0,0.0,285.37,1.0
FL020E2487,BOMBA GASOLINA SUMERGIBLE,62,0,0.0,580.58,1.0
FL02111B26,BOMBA GASOLINA SUMERGIBLE,62,0,0.0,171.0,1.0
FL03L109119,BANDA DE DISTRIBUCION 160RU25,62,0,0.0,198.4,1.0
FL04578815AE,MODULO GASOLINA SUMERGIBLE,62,0,0.0,124.71,1.0
FL056109119A,BANDA DE DISTRIBUCION 121ZA18,62,0,0.0,266.95,1.0
FL0580314361,MODULO GASOLINA SUMERGIBLE,62,0,0.0,165.0,1.0
FL06A109119K,BANDA DE DISTRIBUCION 138S8M23,62,0,0.0,133.25,1.0
FL06B109119A,BANDA DE DISTRIBUCION 150S8M23,62,0,0.0,348.73,1.0
FL080E2035,BOMBA GASOLINA SUMERGIBLE,62,0,0.0,109.41,1.0
FL0824000B,BOMBA GASOLINA SUMERGIBLE,62,0,0.0,336.4,1.0
FL08453509,BOMBA GASOLINA SUMERGIBLE,62,0,0.0,231.12,1.0
FL0881500B,BOMBA GASOLINA SUMERGIBLE,62,0,0.0,762.47,1.0
FL0902E000,FILTRO GASOLINA SUMERGIBLE,62,0,0.0,1299.1,1.0
FL0K020,SENSOR NIVEL GASOLINA TOYOTA HILUX,62,0,0.0,135.24,1.0
FL0K2DJ1335Z,MODULO GASOLINA SUMERGIBLE,62,0,0.0,126.91,1.0
FL101YU20,BANDA DISTRIBUCION,62,0,0.0,147.84,1.0
FL105RUT022,BANDA DISTRIBUCION,62,0,0.0,104.11,1.0
FL109YU25,BANDA DISTRIBUCION,62,0,0.0,347.04,1.0
FL1106100BK00XA,MODULO GASOLINA SUMERGIBLE,62,0,0.0,77.38,1.0
FL111RU17,BANDA DISTRIBUCION CH. AVEO 8 VAL (111 DIENTES),62,0,0.0,681.88,1.0
FL113RU25,BANDA DISTRIBUCION,62,0,0.0,291.07,1.0
FL11REN514,BOMBA GASOLINA SUMERGIBLE,62,0,0.0,473.95,1.0
FL122ZA20,BANDA DISTRIBUCION LUV 2.3 GATES T122,62,0,0.0,105.37,1.0
FL127RUT025,BANDA DISTRIBUCION,62,0,0.0,104.77,1.0
FL13503672,MODULO GASOLINA SUMERGIBLE,62,0,0.0,205.21,1.0
FL13579019,MODULO GASOLINA SUMERGIBLE,62,0,0.0,179.92,1.0
FL13584225,MODULO GASOLINA SUMERGIBLE,62,0,0.0,148.01,1.0
FL13586776,BOMBA GASOLINA SUMERGIBLE,62,0,0.0,100.16,1.0
FL13592603,MODULO GASOLINA SUMERGIBLE,62,0,0.0,213.38,1.0
FL137S8M22,BANDA DISTRIBUCION,62,0,0.0,79.65,1.0
FL15100-61M00,MODULO GASOLINA SUMERGIBLE,62,0,0.0,117.1,1.0
FL15100-65J0K,SEMI MODULO GASOLINA SUMERGIBLE,62,0,0.0,109.52,1.0
FL15100-76A30,MODULO GASOLINA SUMERGIBLE,62,0,0.0,448.59,1.0
FL15100-78F00,MODULO GASOLINA SUMERGIBLE,62,0,0.0,167.15,1.0
FL15100-78K20,MODULO GASOLINA SUMERGIBLE,62,0,0.0,209.26,1.0
FL1510065D00,MODULO GASOLINA SUMERGIBLE,62,0,0.0,120.34,1.0
FL152582,MODULO GASOLINA SUMERGIBLE,62,0,0.0,364.4,1.0
FL1525H8,MODULO GASOLINA SUMERGIBLE,62,0,0.0,134.41,1.0
FL1525Q7,MODULO GASOLINA SUMERGIBLE,62,0,0.0,182.34,1.0
FL1525Y4,MODULO GASOLINA SUMERGIBLE,62,0,0.0,97.57,1.0
FL15310-75F01,FILTRO GASOLINA,62,0,0.0,121.47,1.0
FL15310-81A00,FILTRO GASOLINA,62,0,0.0,107.68,1.0
FL1604703594,BOMBA GASOLINA SUMERGIBLE,62,0,0.0,343.88,1.0
FL16117197076,MODULO GASOLINA SUMERGIBLE,62,0,0.0,1758.12,1.0
FL16146752368,BOMBA GASOLINA SUMERGIBLE,62,0,0.0,221.64,1.0
FL162S8M20,BANDA DISTRIBUCION,62,0,0.0,503.7,1.0
FL169STPD24,BANDA DISTRIBUCION,62,0,0.0,616.88,1.0
FL17040-1HK0B,MODULO  GASOLINA SUMERGIBLE,62,0,0.0,111.92,1.0
FL17040-4BA1A,MODULO GASOLINA SUMERGIBLE,62,0,0.0,225.82,1.0
FL17040-4BB1A,MODULO DE GAASOLINA,62,0,0.0,110.6,1.0
FL17040-4EF1A,MODULO GASOLINA SUMERGIBLE,62,0,0.0,144.06,1.0
FL17040-4M500,MODULO GASOLINA SUMERGIBLE,62,0,0.0,801.14,1.0
FL17040-5RB0A,MODULO GASOLINA SUMERGIBLE,62,0,0.0,100.09,1.0
FL17040-8H31B,MODULO GASOLINA SUMERGIBLE,62,0,0.0,205.41,1.0
FL17040-8M21B,MODULO GASOLINA SUMERGIBLE,62,0,0.0,414.05,1.0
FL17040-8U002,MODULO GASOLINA SUMERGIBLE,62,0,0.0,129.22,1.0
FL17040-95F0B,MODULO GASOLINA SUMERGIBLE,62,0,0.0,108.39,1.0
FL17040-9N00A,MODULO GASOLINA SUMERGIBLE,62,0,0.0,280.22,1.0
FL17040-CH000,MODULO GASOLINA SUMERGIBLE NISSAN SENTRA 02-06 TIIDA E9547M,62,0,0.0,257.04,1.0
FL17040-ED80A,MODULO GASOLINA SUMERGIBLE,62,0,0.0,350.47,1.0
FL17040-EL70A,MODULO GASOLINA SUMERGIBLE,62,0,0.0,178.22,1.0
FL17040-EM30A,MODULO GASOLINA SUMERGIBLE,62,0,0.0,151.79,1.0
FL17040-ET00A,MODULO GASOLINA SUMERGIBLE,62,0,0.0,677.63,1.0
FL17040-JD00A,MODULO GASOLINA,62,0,0.0,145.82,1.0
FL17040-JE20A,MODULO GASOLINA SUMERGIBLE,62,0,0.0,313.71,1.0
FL17040-JN00A,MODULO GASOLINA SUMERGIBLE,62,0,0.0,597.78,1.0
FL17040-JY10A,MODULO GASOLINA SUMERGIBLE,62,0,0.0,408.28,1.0
FL17040-VK01A,MODULO GASOLINA SUMERGIBLE,62,0,0.0,652.73,1.0
FL170408B000,MODULO GASOLINA SUMERGIBLE,62,0,0.0,514.61,1.0
FL170428HK0A,BOMBA DE GASOLINA SUMERGIBLE,62,0,0.0,1247.77,1.0
FL172025090R,BOMBA GASOLINA SUMERGIBLE,62,0,0.0,623.42,1.0
FL1760A156,MODULO GASOLINA SUMERGIBLE,62,0,0.0,218.06,1.0
FL1770A106,SEMI MODULO GASOLINA SUMERGIBLE,62,0,0.0,314.9,1.0
FL191S8M32,BANDA DISTRIBUCION,62,0,0.0,242.22,1.0
FL1J0919051,SENSOR NIVEL GASOLINA,62,0,0.0,656.02,1.0
FL1J0919051J,MODULO GASOLINA SUMERGIBLE,62,0,0.0,560.39,1.0
FL1J0919087H,MODULO GASOLINA SUMERGIBLE,62,0,0.0,122.09,1.0
FL1J0919087J,MODULO GASOLINA SUMERGIBLE,62,0,0.0,822.2,1.0
FL1K0919050AB,MODULO GASOLINA SUMERGIBLE,62,0,0.0,526.76,1.0
FL1K0919051DA,MODULO GASOLINA SUMERGIBLE,62,0,0.0,147.18,1.0
FL2034702394,MODULO GASOLINA SUMERGIBLE,62,0,0.0,86.99,1.0
FL2034703594,MODULO GASOLINA SUMERGIBLE,62,0,0.0,90.4,1.0
FL2114704094,MODULO GASOLINA SUMERGIBLE,62,0,0.0,279.42,1.0
FL22021132,BOMBA GASOLINA SUMERGIBLE,62,0,0.0,130.66,1.0
FL2310-87403,MODULO GASOLINA SUMERGIBLE,62,0,0.0,93.21,1.0
FL23217-21010,PREFILTRO,62,0,0.0,123.71,1.0
FL2352M,BOMBA GASOLINA SUMERGIBLE,62,0,0.0,116.58,1.0
FL23537761,MODULO GASOLINA SUMERGIBLE,62,0,0.0,625.84,1.0
FL24546376,MODULO GASOLINA SUMERGIBLE,62,0,0.0,208.17,1.0
FL25060-8H311,SENSOR NIVEL GASOLINA NISSAN XTRAIL T30,62,0,0.0,558.8,1.0
FL26296818,MODULO GASOLINA SUMERGIBLE,62,0,0.0,232.96,1.0
FL26296829,MODULO GASOLINA SUMERGIBLE,62,0,0.0,119.74,1.0
FL26671330,SENSOR NIVEL GASOLINA SAIL MODERNO 1.5,62,0,0.0,242.75,1.0
FL26689547,MODULO GASOLINA SUMERGIBLE,62,0,0.0,177.57,1.0
FL2E0919050F,MODULO GASOLINA SUMERGIBLE,62,0,0.0,453.76,1.0
FL2H0919050B,MODULO GASOLINA SUMERGIBLE,62,0,0.0,403.59,1.0
FL2H09190KIT,KIT DE REPARACION AMAROK,62,0,0.0,942.92,1.0
FL2H0919673A,SENSOR NIVEL GASOLINA,62,0,0.0,188.71,1.0
FL2QD919051B,MODULO GASOLINA SUMERGIBLE,62,0,0.0,174.53,1.0
FL30017001,BOMBA GASOLINA SUMERGIBLE,62,0,0.0,245.64,1.0
FL30028090,BOMBA GASOLINA SUMERGIBLE,62,0,0.0,162.59,1.0
FL30028100,BOMBA GASOLINA SUMERGIBLE,62,0,0.0,142.12,1.0
FL30046001,BOMBA GASOLINA SUMERGIBLE,62,0,0.0,117.68,1.0
FL30057B01,BOMBA GASOLINA SUMERGIBLE,62,0,0.0,430.32,1.0
FL300E2258,BOMBA GASOLINA SUMERGIBLE,62,0,0.0,823.6,1.0
FL300TU200,MODULO GASOLINA SUMERGIBLE,62,0,0.0,94.89,1.0
FL30174202,BOMBA GASOLINA SUMERGIBLE,62,0,0.0,110.76,1.0
FL30215701,BOMBA GASOLINA SUMERGIBLE,62,0,0.0,122.36,1.0
FL30230002,MODULO GASOLINA SUMERGIBLE,62,0,0.0,160.08,1.0
FL3024000A,BOMBA GASOLINA SUMERGIBLE,62,0,0.0,110.7,1.0
FL30307403,MODULO GASOLINA SUMERGIBLE,62,0,0.0,226.83,1.0
FL30353777,BOMBA GASOLINA SUMERGIBLE,62,0,0.0,361.71,1.0
FL30453432,BOMBA GASOLINA SUMERGIBLE,62,0,0.0,277.3,1.0
FL30454001,BOMBA GASOLINA SUMERGIBLE,62,0,0.0,114.48,1.0
FL3045400T,BOMBA GASOLINA SUMERGIBLE,62,0,0.0,478.25,1.0
FL30454078,BOMBA GASOLINA SUMERGIBLE,62,0,0.0,110.35,1.0
FL30454131,BOMBA GASOLINA SUMERGIBLE,62,0,0.0,151.94,1.0
FL30454BYH,BOMBA GASOLINA SUMERGIBLE,62,0,0.0,82.79,1.0
FL30454CYH,BOMBA GASOLINA SUMERGIBLE,62,0,0.0,274.37,1.0
FL30464038,BOMBA GASOLINA SUMERGIBLE     PEUGEOT RENAULT CITROEN BMW E2,62,0,0.0,575.66,1.0
FL309051BH,BOMBA GASOLINA SUMERGIBLE,62,0,0.0,180.55,1.0
FL30919051,MODULO GASOLINA SUMERGIBLE,62,0,0.0,118.71,1.0
FL30ASTR20,BOMBA GASOLINA SUMERGIBLE,62,0,0.0,115.99,1.0
FL30CAB034,BOMBA GASOLINA SUMERGIBLE,62,0,0.0,119.41,1.0
FL30CHN003,BOMBA GASOLINA SUMERGIBLE,62,0,0.0,161.52,1.0
FL30CHN005,BOMBA GASOLINA SUMERGIBLE,62,0,0.0,746.92,1.0
FL30CHN007,BOMBA GASOLINA SUMERGIBLE,62,0,0.0,423.69,1.0
FL30CHN009,BOMBA GASOLINA SUMERGIBLE,62,0,0.0,161.74,1.0
FL30CHN011,BOMBA GASOLINA SUMERGIBLE,62,0,0.0,132.73,1.0
FL30CHN015,BOMBA GASOLINA SUMERGIBLE,62,0,0.0,231.7,1.0
FL30CHN019,BOMBA GASOLINA SUMERGIBLE,62,0,0.0,103.75,1.0
FL30CHN021,BOMBA GASOLINA SUMERGIBLE,62,0,0.0,137.89,1.0
FL30CLI009,BOMBA GASOLINA SUMERGIBLE,62,0,0.0,179.06,1.0
FL30E2530M,MODULO GASOLINA SUMERGIBLE,62,0,0.0,380.32,1.0
FL30ECO001,BOMBA GASOLINA SUMERGIBLE,62,0,0.0,214.44,1.0
FL30HY8050,BOMBA GASOLINA SUMERGIBLE,62,0,0.0,786.07,1.0
FL30HY9000,BOMBA GASOLINA SUMERGIBLE,62,0,0.0,125.15,1.0
FL30HYD000,BOMBA GASOLINA SUMERGIBLE,62,0,0.0,825.18,1.0
FL30MIT033,BOMBA GASOLINA SUMERGIBLE,62,0,0.0,190.51,1.0
FL30MU0220,BOMBA GASOLINA SUMERGIBLE,62,0,0.0,145.66,1.0
FL30NIS032,BOMBA GASOLINA SUMERGIBLE,62,0,0.0,266.05,1.0
FL30P9890K,BOMBA GASOLINA SUMERGIBLE,62,0,0.0,573.77,1.0
FL30SENR15,BOMBA GASOLINA SUMERGIBLE,62,0,0.0,944.95,1.0
FL30SENR16,BOMBA GASOLINA SUMERGIBLE,62,0,0.0,390.88,1.0
FL30SILVER,BOMBA GASOLINA SUMERGIBLE,62,0,0.0,289.09,1.0
FL30SPA088,BOMBA GASOLINA SUMERGIBLE,62,0,0.0,821.85,1.0
FL30T21132,BOMBA GASOLINA SUMERGIBLE,62,0,0.0,155.79,1.0
FL30T28030,BOMBA GASOLINA SUMERGIBLE,62,0,0.0,808.06,1.0
FL30VW9051,BOMBA GASOLINA SUMERGIBLE,62,0,0.0,105.3,1.0
FL31110-02000,MODULO GASOLINA SUMERGIBLE,62,0,0.0,459.81,1.0
FL31110-02500,MODULO GASOLINA SUMERGIBLE,62,0,0.0,143.31,1.0
FL31110-07000,MODULO GASOLINA SUMERGIBLE,62,0,0.0,474.37,1.0
FL31110-0U000,MODULO GASOLINA SUMERGIBLE,62,0,0.0,330.02,1.0
FL31110-0W000,MODULO GASOLINA SUMERGIBLE,62,0,0.0,309.61,1.0
FL31110-0X000,MODULO GASOLINA SUMERGIBLE,62,0,0.0,120.57,1.0
FL31110-17000,MODULO GASOLINA SUMERGIBLE,62,0,0.0,186.82,1.0
FL31110-1C000,MODULO GASOLINA SUMERGIBLE,62,0,0.0,657.95,1.0
FL31110-1F980,MODULO GASOLINA SUMERGIBLE,62,0,0.0,108.77,1.0
FL31110-1G000,MODULO GASOLINA SUMERGIBLE,62,0,0.0,104.59,1.0
FL31110-1G000SM,MODULO GASOLINA SUMERGIBLE,62,0,0.0,194.81,1.0
FL31110-1H000,MODULO GASOLINA SUMERGIBLE,62,0,0.0,381.7,1.0
FL31110-1M000,MODULO GASOLINA SUMERGIBLE,62,0,0.0,102.95,1.0
FL31110-1M200,MODULO GASOLINA SUMERGIBLE,62,0,0.0,93.49,1.0
FL31110-1R000,MODULO GASOLINA SUMERGIBLE,62,0,0.0,108.15,1.0
FL31110-1R200,MODULO GASOLINA SUMERGIBLE,62,0,0.0,343.77,1.0
FL31110-1R500,MODULO GASOLINA SUMERGIBLE,62,0,0.0,102.27,1.0
FL31110-1U000,MODULO GASOLINA SUMERGIBLE,62,0,0.0,120.78,1.0
FL31110-1W000,MODULO GASOLINA SUMERGIBLE,62,0,0.0,85.17,1.0
FL31110-25000,MODULO GASOLINA SUMERGIBLE,62,0,0.0,292.29,1.0
FL31110-26500,MODULO GASOLINA SUMERGIBLE,62,0,0.0,277.18,1.0
FL31110-2B000,MODULO GASOLINA SUMERGIBLE,62,0,0.0,673.19,1.0
FL31110-2E000,MODULO GASOLINA SUMERGIBLE,62,0,0.0,103.51,1.0
FL31110-2E000SM,MODULO GASOLINA SUMERGIBLE,62,0,0.0,118.42,1.0
FL31110-2P000,MODULO GASOLINA SUMERGIBLE,62,0,0.0,259.87,1.0
FL31110-2S000,MODULO GASOLINA SUMERGIBLE,62,0,0.0,136.4,1.0
FL31110-2S100,MODULO GASOLINA SUMERGIBLE,62,0,0.0,166.5,1.0
FL31110-2S200,MODULO GASOLINA SUMERGIBLE,62,0,0.0,241.95,1.0
FL31110-2S510,MODULO GASOLINA SUMERGIBLE,62,0,0.0,108.68,1.0
FL31110-3X500,MODULO GASOLINA SUMERGIBLE,62,0,0.0,192.28,1.0
FL31110-4H500,MODULO GASOLINA SUMERGIBLE,62,0,0.0,120.74,1.0
FL31110-A0000,MODULO GASOLINA SUMERGIBLE,62,0,0.0,115.05,1.0
FL31110-B2500,MODULO GASOLINA SUMERGIBLE,62,0,0.0,137.14,1.0
FL31110-B4000,MODULO GASOLINA SUMERGIBLE,62,0,0.0,181.36,1.0
FL31110-B8500,MODULO GASOLINA SUMERGIBLE,62,0,0.0,113.88,1.0
FL31110-D3100,MODULO GASOLINA SUMERGIBLE,62,0,0.0,512.74,1.0
FL31110-D7100,MODULO GASOLINA SUMERGIBLE,62,0,0.0,124.82,1.0
FL31110-F3500,MODULO GASOLINA SUMERGIBLE,62,0,0.0,325.1,1.0
FL31110-G6100,MODULO GASOLINA SUMERGIBLE,62,0,0.0,544.63,1.0
FL31110-H7000,MODULO GASOLINA SUMERGIBLE,62,0,0.0,103.59,1.0
FL31112-C9100,FILTRO GASOLINA,62,0,0.0,250.27,1.0
FL31120-H9000,MODULO GASOLINA SUMERGIBLE,62,0,0.0,136.25,1.0
FL35180318,BOMBA GASOLINA SUMERGIBLE,62,0,0.0,148.24,1.0
FL35BLZ061,BOMBA GASOLINA SUMERGIBLE,62,0,0.0,1010.97,1.0
FL35IZU200,BOMBA GASOLINA SUMERGIBLE,62,0,0.0,111.41,1.0
FL35IZUMOD,MODULO GASOLINA SUMERGIBLE,62,0,0.0,248.17,1.0
FL373919051AA,MODULO GASOLINA SUMERGIBLE,62,0,0.0,794.41,1.0
FL373998051,SENSOR NIVEL GASOLINA,62,0,0.0,104.81,1.0
FL3C0919051AJ,MODULO GASOLINA SUMERGIBLE,62,0,0.0,645.0,1.0
FL3N619H307,MODULO GASOLINA SUMERGIBLE,62,0,0.0,178.17,1.0
FL4000W202,BOMBA GASOLINA SUMERGIBLE,62,0,0.0,128.74,1.0
FL4001R000,BOMBA GASOLINA SUMERGIBLE,62,0,0.0,100.11,1.0
FL4001R050,BOMBA GASOLINA SUMERGIBLE,62,0,0.0,150.87,1.0
FL4001W100,BOMBA GASOLINA SUMERGIBLE,62,0,0.0,163.17,1.0
FL400AC001,BOMBA GASOLINA SUMERGIBLE,62,0,0.0,190.65,1.0
FL4012B900,BOMBA GASOLINA SUMERGIBLE,62,0,0.0,81.58,1.0
FL4012V106,BOMBA GASOLINA CUADRADA UNIVERSAL =40106,62,0,0.0,93.48,1.0
FL4012V120,BOMBA GASOLINA,62,0,0.0,142.8,1.0
FL4012V14P,BOMBA GASOLINA,62,0,0.0,502.26,1.0
FL4018DMAX,BOMBA GASOLINA SUMERGIBLE,62,0,0.0,292.15,1.0
FL402B9000,BOMBA GASOLINA SUMERGIBLE,62,0,0.0,270.44,1.0
FL40453070,BOMBA GASOLINA SUMERGIBLE,62,0,0.0,117.24,1.0
FL40B13COM,MODULO GASOLINA SUMERGIBLE,62,0,0.0,612.04,1.0
FL40CE7192,BOMBA GASOLINA SUMERGIBLE,62,0,0.0,876.5,1.0
FL40CLK001,BOMBA GASOLINA SUMERGIBLE,62,0,0.0,532.54,1.0
FL40DOR078,BOMBA GASOLINA SUMERGIBLE,62,0,0.0,120.52,1.0
FL40GSS342,BOMBA GASOLINA SUMERGIBLE,62,0,0.0,2880.0,1.0
FL40HONDA01,BOMBA GASOLINA SUMERGIBLE,62,0,0.0,107.42,1.0
FL40IZU090,BOMBA GASOLINA SUMERGIBLE,62,0,0.0,176.91,1.0
FL40JOY001,BOMBA GASOLINA SUMERGIBLE,62,0,0.0,2006.15,1.0
FL40SAIL01,BOMBA GASOLINA SUMERGIBLE,62,0,0.0,74.04,1.0
FL40TATX60,BOMBA GASOLINA SUMERGIBLE,62,0,0.0,159.52,1.0
FL40VSZ001,BOMBA GASOLINA SUMERGIBLE,62,0,0.0,208.03,1.0
FL40VSZ045,BOMBA GASOLINA SUMERGIBLE,62,0,0.0,161.14,1.0
FL4202P000,BOMBA GASOLINA SUMERGIBLE,62,0,0.0,381.84,1.0
FL42345250,MODULO GASOLINA SUMERGIBLE,62,0,0.0,472.6,1.0
FL42454006,BOMBA GASOLINA SUMERGIBLE,62,0,0.0,631.11,1.0
FL42454008,BOMBA GASOLINA SUMERGIBLE,62,0,0.0,215.86,1.0
FL42454BYH,BOMBA GASOLINA SUMERGIBLE,62,0,0.0,141.37,1.0
FL42454CYH,BOMBA GASOLINA SUMERGIBLE,62,0,0.0,1001.32,1.0
FL42B13005,BOMBA GASOLINA SUMERGIBLE,62,0,0.0,538.81,1.0
FL42TRD003,BOMBA GASOLINA SUMERGIBLE,62,0,0.0,156.6,1.0
FL42TRD007,BOMBA GASOLINA SUMERGIBLE,62,0,0.0,586.19,1.0
FL42VRT001,BOMBA DE GASOLINA,62,0,0.0,214.98,1.0
FL46443197,MODULO GASOLINA SUMERGIBLE,62,0,0.0,211.69,1.0
FL46443198,MODULO GASOLINA SUMERGIBLE,62,0,0.0,113.59,1.0
FL46765587,MODULO GASOLINA SUMERGIBLE,62,0,0.0,253.18,1.0
FL47608007,BOMBA GASOLINA,62,0,0.0,140.82,1.0
FL50334800,BOMBA GASOLINA SUMERGIBLE,62,0,0.0,374.74,1.0
FL50FORD01,BOMBA GASOLINA SUMERGIBLE,62,0,0.0,644.27,1.0
FL5183202AA,MODULO GASOLINA SUMERGIBLE,62,0,0.0,104.57,1.0
FL52060351,BOMBA GASOLINA SUMERGIBLE,62,0,0.0,521.03,1.0
FL550TU138,BOMBA GASOLINA SUMERGIBLE,62,0,0.0,295.81,1.0
FL5M519H307,MODULO GASOLINA SUMERGIBLE,62,0,0.0,410.25,1.0
FL5N0919087E,MODULO GASOLINA SUMERGIBLE,62,0,0.0,78.41,1.0
FL5N0919087G,MODULO GASOLINA SUMERGIBLE,62,0,0.0,216.77,1.0
FL5PK,PREFILTRO,62,0,0.0,123.87,1.0
FL5Q0919051BN,MODULO GASOLINA SUMERGIBLE,62,0,0.0,647.82,1.0
FL5U0919051,MODULO GASOLINA SUMERGIBLE,62,0,0.0,167.77,1.0
FL5U0919052A,SENSOR DE NIVEL,62,0,0.0,185.35,1.0
FL60150100,BOMBA GASOLINA SUMERGIBLE,62,0,0.0,175.7,1.0
FL60160001,MODULO GASOLINA SUMERGIBLE,62,0,0.0,501.42,1.0
FL60170DEL,BOMBA GASOLINA SUMERGIBLE,62,0,0.0,154.19,1.0
FL60254910,BOMBA GASOLINA SUMERGIBLE,62,0,0.0,152.69,1.0
FL60307000,BOMBA GASOLINA SUMERGIBLE,62,0,0.0,125.76,1.0
FL60908090,BOMBA GASOLINA SUMERGIBLE,62,0,0.0,260.9,1.0
FL6090809R,BOMBA GASOLINA SUMERGIBLE,62,0,0.0,331.66,1.0
FL60CHR160,MODULO GASOLINA SUMERGIBLE,62,0,0.0,74.31,1.0
FL60DMAX60,BOMBA GASOLINA SUMERGIBLE,62,0,0.0,114.35,1.0
FL60GRJ235,BOMBA GASOLINA SUMERGIBLE,62,0,0.0,236.09,1.0
FL60IZU160,BOMBA GASOLINA SUMERGIBLE,62,0,0.0,141.88,1.0
FL60MAZ165,BOMBA GASOLINA SUMERGIBLE,62,0,0.0,476.38,1.0
FL60THA001,BOMBA GASOLINA SUMERGIBLE,62,0,0.0,98.95,1.0
FL60THA005,BOMBA GASOLINA SUMERGIBLE,62,0,0.0,168.67,1.0
FL60VW0140,BOMBA GASOLINA SUMERGIBLE,62,0,0.0,196.18,1.0
FL60VW0145,BOMBA GASOLINA SUMERGIBLE,62,0,0.0,107.14,1.0
FL6116768357,BOMBA GASOLINA SUMERGIBLE,62,0,0.0,83.76,1.0
FL65842,SENSOR NIVEL GASOLINA VITARA SZ,62,0,0.0,575.24,1.0
FL65842COM,MODULO GASOLINA SUMERGIBLE,62,0,0.0,212.7,1.0
FL65D00,BOYA TANQUE GASOLINA,62,0,0.0,156.2,1.0
FL68065575AA,MODULO GASOLINA SUMERGIBLE,62,0,0.0,115.63,1.0
FL6R0919051A,MODULO GASOLINA SUMERGIBLE,62,0,0.0,270.05,1.0
FL6RF919051,MODULO GASOLINA SUMERGIBLE,62,0,0.0,249.8,1.0
FL70AMA007,BOMBA GASOLINA SUMERGIBLE,62,0,0.0,110.83,1.0
FL70DAE170,BOMBA GASOLINA SUMERGIBLE,62,0,0.0,364.44,1.0
FL70TUC007,BOMBA GASOLINA SUMERGIBLE,62,0,0.0,248.72,1.0
FL70VW1007,BOMBA GASOLINA SUMERGIBLE,62,0,0.0,182.97,1.0
FL70VW51BH,BOMBA GASOLINA SUMERGIBLE,62,0,0.0,421.57,1.0
FL7186M,MODULO GASOLINA SUMERGIBLE,62,0,0.0,108.33,1.0
FL72022047R,MODULO GASOLINA SUMERGIBLE,62,0,0.0,236.27,1.0
FL7237M,MODULO GASOLINA SUMERGIBLE,62,0,0.0,126.75,1.0
FL7700431718,MODULO GASOLINA SUMERGIBLE,62,0,0.0,168.02,1.0
FL77020-02181,MODULO GASOLINA SUMERGIBLE,62,0,0.0,411.36,1.0
FL77020-02190,MODULO GASOLINA SUMERGIBLE,62,0,0.0,141.25,1.0
FL77020-02240,MODULO GASOLINA SUMERGIBLE,62,0,0.0,146.63,1.0
FL77020-04061,MODULO GASOLINA SUMERGIBLE,62,0,0.0,153.59,1.0
FL77020-0D010,MODULO GASOLINA SUMERGIBLE,62,0,0.0,128.71,1.0
FL77020-0D180,MODULO GASOLINA SUMERGIBLE,62,0,0.0,468.61,1.0
FL77020-0K020,MODULO GASOLINA SUMERGIBLE,62,0,0.0,106.84,1.0
FL77020-0K030,MODULO GASOLINA SUMERGIBLE,62,0,0.0,1007.74,1.0
FL77020-0K390,MODULO GASOLINA SUMERGIBLE,62,0,0.0,150.79,1.0
FL770200R020,MODULO GASOLINA SUMERGIBLE,62,0,0.0,561.0,1.0
FL7702012450,MODULO GASOLINA SUMERGIBLE,62,0,0.0,115.11,1.0
FL77024-52122,MODULO GASOLINA SUMERGIBLE,62,0,0.0,215.5,1.0
FL78880,SENSOR NIVEL GASOLINA,62,0,0.0,138.73,1.0
FL78880KIT,KIT DE REPARACION SZ NEXT,62,0,0.0,537.24,1.0
FL8-97209145-0,MODULO GASOLINA SUMERGIBLE,62,0,0.0,1466.58,1.0
FL8-97943184-0,MODULO GASOLINA SUMERGIBLE,62,0,0.0,112.89,1.0
FL8943183980,SENSOR NIVEL GASOLINA,62,0,0.0,730.79,1.0
FL8972875181,VALVULA CEBADORA,62,0,0.0,92.71,1.0
FL8L0919673E,SENSOR,62,0,0.0,590.1,1.0
FL8R0919051N,MODULO GASOLINA SUMERGIBLE,62,0,0.0,187.5,1.0
FL8V51-9H307-DA,MODULO DE GASOLINA SUMERGIBLE,62,0,0.0,167.89,1.0
FL9007702,MODULO GASOLINA SUMERGIBLE,62,0,0.0,195.66,1.0
FL93277517,MODULO GASOLINA SUMERGIBLE,62,0,0.0,93.62,1.0
FL93285976,SEMI MODULO GASOLINA SUMERGIBLE,62,0,0.0,104.97,1.0
FL93373262,MODULO GASOLINA SUMERGIBLE,62,0,0.0,434.8,1.0
FL93702,KIT TEMPLADORES,62,0,0.0,257.03,1.0
FL93717,KIT TEMPLADORES,62,0,0.0,105.57,1.0
FL94740642,MODULO GASOLINA SUMERGIBLE,62,0,0.0,104.0,1.0
FL9628163780,MODULO GASOLINA SUMERGIBLE,62,0,0.0,205.38,1.0
FL96447642,MODULO GASOLINA SUMERGIBLE,62,0,0.0,195.54,1.0
FL96464637,MODULO GASOLINA SUMERGIBLE,62,0,0.0,75.0,1.0
FL96563403,MODULO GASOLINA SUMERGIBLE,62,0,0.0,130.79,1.0
FL96629370,MODULO GASOLINA SUMERGIBLE,62,0,0.0,161.67,1.0
FL97945604,BOMBA GASOLINA SUMERGIBLE,62,0,0.0,164.39,1.0
FLAB399H307AD,MODULO GASOLINA COMBUSTIBLE,62,0,0.0,222.23,1.0
FLAC1,PREFILTRO,62,0,0.0,141.89,1.0
FLAC2,PREFILTRO,62,0,0.0,131.55,1.0
FLAC3,PREFILTRO,62,0,0.0,107.79,1.0
FLAC333,TAPA RESERVORIO CODIGO GM:94539597,62,0,0.0,559.23,1.0
FLAC4,PREFILTRO,62,0,0.0,182.73,1.0
FLAC42,SENSOR NIVEL GASOLINA,62,0,0.0,214.16,1.0
FLAC5,PREFILTRO,62,0,0.0,148.77,1.0
FLAC55,TAPA MODULO GASOLINA,62,0,0.0,128.66,1.0
FLAC6,PREFILTRO,62,0,0.0,573.63,1.0
FLAC62,TAPA BOMBA GASOLINA,62,0,0.0,131.28,1.0
FLAC72,TAPA BOMBA GASOLINA,62,0,0.0,120.5,1.0
FLAC8,PREFILTRO,62,0,0.0,157.69,1.0
FLAC9,PREFILTRO,62,0,0.0,342.89,1.0
FLAC92,TAPA RESERVORIO,62,0,0.0,110.02,1.0
FLADMAX,SENSOR NIVEL GASOLINA,62,0,0.0,90.29,1.0
FLAMAROK,PREFILTRO GASOLINA SUMERGIBLE,62,0,0.0,819.51,1.0
FLAV1,PREFILTRO,62,0,0.0,316.89,1.0
FLAX1,PREFILTRO,62,0,0.0,254.36,1.0
FLBL63,BOBINA ENCENDIDO,62,0,0.0,451.91,1.0
FLBOYAB13,SENSOR NIVEL GASOLINA,62,0,0.0,235.08,1.0
FLBT5,PREFILTRO,62,0,0.0,96.76,1.0
FLBT50,SENSOR NIVEL GASOLINA,62,0,0.0,172.74,1.0
FLC05,CONECTOR,62,0,0.0,167.63,1.0
FLCAP-1G000,TAPA MODULO GASOLINA,62,0,0.0,353.05,1.0
FLCBT50,CONECTOR,62,0,0.0,1159.64,1.0
FLCHR160COM,MODULO GASOLINA SUMERGIBLE,62,0,0.0,315.51,1.0
FLCOR,PREFILTRO,62,0,0.0,275.64,1.0
FLCSZ,CONECTOR,62,0,0.0,120.64,1.0
FLDMAX218,SENSOR NIVEL GASOLINA,62,0,0.0,127.92,1.0
FLDMAXDD,SENSOR NIVEL GASOLINA,62,0,0.0,117.6,1.0
FLDMX,PREFILTRO,62,0,0.0,530.99,1.0
FLE2144S,MODULO GASOLINA SUMERGIBLE,62,0,0.0,69.08,1.0
FLE2181S,MODULO GASOLINA SUMERGIBLE,62,0,0.0,139.56,1.0
FLE2266S,MODULO GASOLINA SUMERGIBLE,62,0,0.0,1898.94,1.0
FLE2296S,MODULO GASOLINA SUMERGIBLE,62,0,0.0,133.55,1.0
FLE2358M,MODULO GASOLINA SUMERGIBLE,62,0,0.0,294.03,1.0
FLE2541M,MODULO GASOLINA SUMERGIBLE,62,0,0.0,113.87,1.0
FLE3500M,MODULO GASOLINA SUMERGIBLE,62,0,0.0,1058.92,1.0
FLE3614M,MODULO GASOLINA SUMERGIBLE,62,0,0.0,125.93,1.0
FLE4036M,MODULO GASOLINA SUMERGIBLE,62,0,0.0,629.13,1.0
FLE4056M,MODULO GASOLINA SUMERGIBLE,62,0,0.0,114.64,1.0
FLE7199M,MODULO GASOLINA SUMERGIBLE,62,0,0.0,404.09,1.0
FLE8542,MODULO GASOLINA SUMERGIBLE,62,0,0.0,102.87,1.0
FLFIL5PK,FILTRO GASOLINA SUMERGIBLE,62,0,0.0,281.25,1.0
FLFILARIS,FILTRO GASOLINA SUMERGIBLE,62,0,0.0,288.41,1.0
FLFILAVEO,FILTRO GASOLINA SUMERGIBLE,62,0,0.0,111.39,1.0
FLFILHY,PREFILTRO GASOLINA SUMERGIBLE,62,0,0.0,125.31,1.0
FLFILSENTRA,FILTRO GASOLINA SUMERGIBLE,62,0,0.0,133.29,1.0
FLFILST10,FILTRO GASOLINA SUMERGIBLE,62,0,0.0,144.24,1.0
FLFILTCSDSL,FILTRO GASOLINA SUMERGIBLE,62,0,0.0,243.07,1.0
FLFILVW,FILTRO GASOLINA SUMERGIBLE,62,0,0.0,97.09,1.0
FLFJB-13-35X,MODULO GASOLINA SUMERGIBLE,62,0,0.0,683.12,1.0
FLFSZVAL,FILTRO GASOLINA SUMERGIBLE         VITARA SZ CON VALVULA,62,0,0.0,296.07,1.0
FLG675-13-35ZA,MODULO GASOLINA SUMERGIBLE,62,0,0.0,99.1,1.0
FLG677-13-35ZA,MODULO GASOLINA SUMERGIBLE,62,0,0.0,244.94,1.0
FLHAVAL,MODULO GASOLINA SUMERGIBLE,62,0,0.0,829.17,1.0
FLHILUX,SENSOR NIVEL GASOLINA,62,0,0.0,335.08,1.0
FLIS6U9H307AD,MODULO GASOLINA SUMERGIBLE,62,0,0.0,484.48,1.0
FLITF007,SEMI MODULO GASOLINA SUMERGIBLE,62,0,0.0,343.94,1.0
FLJ43-1106610,MODULO GASOLINA SUMERGIBLE,62,0,0.0,102.69,1.0
FLJOY,FILTRO INTANK,62,0,0.0,214.15,1.0
FLK30A1335Z,MODULO GASOLINA SUMERGIBLE,62,0,0.0,412.63,1.0
FLLF1T-13-35ZC,MODULO GASOLINA SUMERGIBLE,62,0,0.0,104.16,1.0
FLLOG,PREFILTRO,62,0,0.0,80.0,1.0
FLM2N159H307AA,MODULO GASOLINA SUMERGIBLE,62,0,0.0,466.77,1.0
FLMF001KIT,JGO MICROFILTRO,62,0,0.0,641.57,1.0
FLMF001POR,MICRO FILTRO,62,0,0.0,109.05,1.0
FLMF003KIT,JGO MICROFILTRO,62,0,0.0,320.89,1.0
FLMF003POR,MICRO FILTRO,62,0,0.0,140.53,1.0
FLMF005KIT,JGO MICROFILTRO,62,0,0.0,348.37,1.0
FLMF005POR,MICRO FILTRO,62,0,0.0,214.85,1.0
FLMF006KIT,JGO MICROFILTRO  MAZDA BT-50,62,0,0.0,187.11,1.0
FLMF006POR,MICRO FILTRO,62,0,0.0,1419.35,1.0
FLMF007KIT,JGO MICROFILTRO,62,0,0.0,118.18,1.0
FLMF007POR,MICRO FILTRO,62,0,0.0,757.13,1.0
FLMFVW06KIT,KIT REPARACION INYECTORES,62,0,0.0,115.08,1.0
FLMI1,PREFILTRO,62,0,0.0,224.89,1.0
FLMI2,PREFILTRO,62,0,0.0,123.1,1.0
FLMR990884,MODULO GASOLINA SUMERGIBLE,62,0,0.0,117.68,1.0
FLNJOY,PREFILTRO,62,0,0.0,120.53,1.0
FLNU3,PREFILTRO,62,0,0.0,390.94,1.0
FLORING001,ORING INYECTOR,62,0,0.0,127.76,1.0
FLPELK1335XA,MODULA GASOLINA SUMERGIBLE,62,0,0.0,386.96,1.0
FLPFS1137,MODULO GASOLINA SUMERGIBLE,62,0,0.0,454.12,1.0
FLPFS482,MODULO GASOLINA SUMERGIBLE,62,0,0.0,344.9,1.0
FLPFS488,MODULO GASOLINA SUMERGIBLE,62,0,0.0,386.71,1.0
FLRE1,PREFILTRO,62,0,0.0,343.05,1.0
FLREG-2E000,REGUADOR PRESION,62,0,0.0,103.63,1.0
FLSA1,PREFILTRO,62,0,0.0,124.37,1.0
FLSA2,PREFILTRO,62,0,0.0,129.11,1.0
FLSEN,PREFILTRO,62,0,0.0,132.8,1.0
FLSF2,PREFILTRO,62,0,0.0,263.28,1.0
FLSP14,SENSOR NIVEL GASOLINA,62,0,0.0,125.16,1.0
FLSP2469M,MODULO GASOLINA SUMERGIBLE,62,0,0.0,97.9,1.0
FLSP8,PREFILTRO,62,0,0.0,1261.33,1.0
FLST1,PREFILTRO,62,0,0.0,757.15,1.0
FLST2,PRE FILTRO TOYOTA VIGO 2.7,62,0,0.0,429.9,1.0
FLSZ2105,FILTRO GASOLINA SUMERGIBLE,62,0,0.0,226.43,1.0
FLSZ5,PREFILTRO,62,0,0.0,134.34,1.0
FLSZNEXT,FILTRO INTANK,62,0,0.0,139.73,1.0
FLTU200COM,MODULO GASOLINA SUMERGIBLE,62,0,0.0,128.54,1.0
FLTUD,PREFILTRO,62,0,0.0,420.83,1.0
FLTUG,PREFILTRO,62,0,0.0,98.1,1.0
FLTUG1,PREFILTRO,62,0,0.0,440.69,1.0
FLVW1,PREFILTRO,62,0,0.0,96.63,1.0
FLWL81-13-ZA0,VALVULA CEBADORA,62,0,0.0,182.55,1.0
FS-1407,FILTRO GASOLINA,62,0,0.0,690.15,1.0
FS-4310,FILTRO GASOLINA,62,0,0.0,1525.42,1.0
G601-13-Z40,FILTRO AIRE,62,0,0.0,302.27,1.0
GF-61,FILTRO GASOLINA  UNIVERSAL,62,0,0.0,334.74,1.0
GLYSANTING48,REFRIGERANTE,62,0,0.0,133.31,1.0
GLYSANTING48 LITRO,REFRIGERANTE,62,0,0.0,116.52,1.0
GM13592601,FILTRO GASOLINA    SPARK GT,62,0,0.0,403.28,1.0
GM24105453,CARTER,62,0,0.0,143.75,1.0
GM24106343,MOTOR ARRANQUE,62,0,0.0,550.62,1.0
GM24109517,HORQUILLA EMBRAGUE,62,0,0.0,286.14,1.0
GM24579728,CARTER,62,0,0.0,111.14,1.0
GM25182606,BOMBA ACEITE,62,0,0.0,331.39,1.0
GM25186958,CARTER,62,0,0.0,617.06,1.0
GM25189697,BOMBA ACEITE,62,0,0.0,110.28,1.0
GM25189698,BOMBA ACEITE,62,0,0.0,523.88,1.0
GM55566404,CARTER,62,0,0.0,470.86,1.0
GM652148,CARTER,62,0,0.0,128.42,1.0
GM9025197,CARTER,62,0,0.0,336.27,1.0
GM90410741,RETEN VALVULAS,62,0,0.0,879.58,1.0
GM9052786,CARTER,62,0,0.0,540.94,1.0
GM9071524,HORQUILLA EMBRAGUE,62,0,0.0,78.75,1.0
GM9071745,SELECTOR MARCHAS,62,0,0.0,261.0,1.0
GM92065755,CARTER,62,0,0.0,105.83,1.0
GM93259505,CARTER,62,0,0.0,352.09,1.0
GM93285974,SENSOR NIVEL GASOLINA,62,0,0.0,75.45,1.0
GM94535214,RULIMAN RUEDA,62,0,0.0,191.82,1.0
GM94535484,RETEN VALVULAS,62,0,0.0,188.69,1.0
GM94700309,VALVULA IAC,62,0,0.0,199.04,1.0
GM95983139,RULIMAN RUEDA,62,0,0.0,130.21,1.0
GM96263403,RELAY LUCES,62,0,0.0,368.5,1.0
GM96353035,RETEN VALVULAS,62,0,0.0,208.54,1.0
GM96420303,TAPA DEPOSITO AGUA RADIADOR,62,0,0.0,146.06,1.0
GM96481581,CARTER,62,0,0.0,163.39,1.0
GM96518397,CARTER,62,0,0.0,444.0,1.0
GM96535010,RULIMAN BASE AMORTIGUADOR,62,0,0.0,236.35,1.0
GM96817343,RESERVORIO,62,0,0.0,121.37,1.0
HD36V2,MOTOSIERRA,62,0,0.0,458.02,1.0
HF-15A-X1,MAQUINA,62,0,0.0,151.01,1.0
HP0004,JGO. PASTILLA DE FRENO,62,0,0.0,109.64,1.0
HP0041,JGO. PASTILLA DE FRENO,62,0,0.0,260.01,1.0
HP1015,JGO. PASTILLA DE FRENO,62,0,0.0,214.78,1.0
HP1022,JGO. PASTILLA DE FRENO,62,0,0.0,132.19,1.0
HP1034,JGO. PASTILLA DE FRENO,62,0,0.0,106.6,1.0
HP1039,JGO. PASTILLA DE FRENO,62,0,0.0,270.18,1.0
HP2002,JGO. PASTILLA DE FRENO,62,0,0.0,167.48,1.0
HP2003,JGO. PASTILLA DE FRENO,62,0,0.0,582.75,1.0
HP2014,JGO. PASTILLA DE FRENO,62,0,0.0,569.2,1.0
HP2020,JGO. PASTILLA DE FRENO,62,0,0.0,279.52,1.0
HP3004,JGO. PASTILLA DE FRENO,62,0,0.0,134.39,1.0
HP3009,JGO. PASTILLA DE FRENO,62,0,0.0,467.75,1.0
HP5013,JGO. PASTILLA DE FRENO,62,0,0.0,162.52,1.0
HP5014,JGO. PASTILLA DE FRENO,62,0,0.0,96.58,1.0
HP5146,JGO. PASTILLA DE FRENO,62,0,0.0,857.89,1.0
HP5160,JGO. PASTILLA DE FRENO,62,0,0.0,231.69,1.0
HP5162,JGO. PASTILLA DE FRENO,62,0,0.0,512.51,1.0
HP5224,JGO. PASTILLA DE FRENO,62,0,0.0,292.04,1.0
HP5232,JGO. PASTILLA DE FRENO,62,0,0.0,137.91,1.0
HP5266,JGO. PASTILLA DE FRENO,62,0,0.0,86.95,1.0
HP5267,JGO. PASTILLA DE FRENO,62,0,0.0,149.85,1.0
HP5274,JGO. PASTILLA DE FRENO,62,0,0.0,109.79,1.0
HP8184,JGO. PASTILLA DE FRENO,62,0,0.0,261.27,1.0
HP8195,JGO. PASTILLA DE FRENO,62,0,0.0,1982.09,1.0
HP8230,JGO. PASTILLA DE FRENO,62,0,0.0,139.88,1.0
HP8373,JGO. PASTILLA DE FRENO,62,0,0.0,307.12,1.0
HP8377,JGO. PASTILLA DE FRENO,62,0,0.0,273.37,1.0
HP8451,JGO. PASTILLA DE FRENO,62,0,0.0,201.73,1.0
HP8452,JGO. PASTILLA DE FRENO,62,0,0.0,189.0,1.0
HP8529,JGO. PASTILLA DE FRENO,62,0,0.0,196.0,1.0
HP8533,JGO. PASTILLA DE FRENO,62,0,0.0,299.37,1.0
HP9188,JGO. PASTILLA DE FRENO,62,0,0.0,1892.5,1.0
HP9189,JGO. PASTILLA DE FRENO,62,0,0.0,253.15,1.0
HP9293,JGO. PASTILLA DE FRENO,62,0,0.0,135.43,1.0
HP9369,JGO. PASTILLA DE FRENO,62,0,0.0,212.41,1.0
HP9409,JGO. PASTILLA DE FRENO,62,0,0.0,450.49,1.0
HP9543,JGO. PASTILLA DE FRENO,62,0,0.0,139.55,1.0
HP9698,JGO. PASTILLA DE FRENO,62,0,0.0,1225.1,1.0
HP9961,JGO. PASTILLA DE FRENO,62,0,0.0,655.4,1.0
HP9986,JGO. PASTILLA DE FRENO,62,0,0.0,182.74,1.0
HP9994,JGO. PASTILLA DE FRENO,62,0,0.0,246.6,1.0
HU7008Z,FILTRO ACEITE,62,0,0.0,666.87,1.0
KIT005HP,JGO MICROFILTRO,62,0,0.0,87.19,1.0
KIT006HP,JGO MICROFILTRO,62,0,0.0,976.38,1.0
KIT007,JGO MICROFILTRO,62,0,0.0,111.62,1.0
KIT007HP,JGO MICROFILTRO,62,0,0.0,1590.0,1.0
KIT044,JGO MICROFILTRO,62,0,0.0,244.82,1.0
KIT077,JGO MICROFILTRO,62,0,0.0,182.36,1.0
KR0K2A1-61-710A,ELECTROVENTILADOR,62,0,0.0,123.7,1.0
KR0K2A2-18-W63,REGULADOR ALTERNADOR,62,0,0.0,168.58,1.0
KR0K2A2-67-740,RELAY LUCES,62,0,0.0,93.17,1.0
KR0K2BW-18-160,JUEGO DE BUJIAS         SHUMA 03/CARENS I-II 02/ CLARUS,62,0,0.0,102.64,1.0
KR0K30C-15-025B,ELECTROVENTILADOR,62,0,0.0,110.08,1.0
KR0K30E-10-155,RETEN VALVULAS,62,0,0.0,93.21,1.0
KR0K30F-18-140,JUEGO CABLES DE BUJIA,62,0,0.0,152.08,1.0
KR0K558-18-140B,JUEGO CABLES DE BUJIA,62,0,0.0,124.99,1.0
KR0K95H-18-14XA,JUEGO CABLES DE BUJIA,62,0,0.0,662.81,1.0
KR0KL02-10-155,RETEN VALVULAS,62,0,0.0,145.62,1.0
KR1H0998031A,JUEGO CABLES DE BUJIA,62,0,0.0,471.23,1.0
KR21310-21030,BOMBA ACEITE,62,0,0.0,307.49,1.0
KR21310-26650,BOMBA ACEITE,62,0,0.0,439.9,1.0
KR21310-2G011,BOMBA ACEITE,62,0,0.0,234.81,1.0
KR22224-23500,RETEN VALVULAS,62,0,0.0,236.95,1.0
KR22224-38010,RETEN VALVULAS,62,0,0.0,1925.0,1.0
KR22441-26801,EMPAQUE TAPA VALVULA,62,0,0.0,457.5,1.0
KR22441-2X001,TAPA VALVULA,62,0,0.0,123.93,1.0
KR23300-2G400,BOMBA ACEITE,62,0,0.0,424.34,1.0
KR24410-2X701,TEMPLADOR BANDA DISTRIBUCION,62,0,0.0,117.37,1.0
KR24578253,JUEGO DE CABLES DE BUJIA,62,0,0.0,137.0,1.0
KR24810-2X700,TEMPLADOR BANDA DISTRIBUCION,62,0,0.0,158.12,1.0
KR25330-17000,TAPA RADIADOR,62,0,0.0,110.16,1.0
KR25330-3Z000,TAPA RADIADOR,62,0,0.0,174.08,1.0
KR25380-1R050,ELECTROVENTILADOR,62,0,0.0,1083.18,1.0
KR27301-04000,BOBINA DE ENCENDIDO,62,0,0.0,1950.0,1.0
KR27301-26640,BOBINA ENCENDIDO,62,0,0.0,162.89,1.0
KR27350-3X100,JUEGO CABLES DE BUJIA,62,0,0.0,495.67,1.0
KR27430-23700,CABLE DE BUJIA,62,0,0.0,119.74,1.0
KR27450-23700,CABLE DE BUJIA,62,0,0.0,145.47,1.0
KR27501-02C00,JUEGO CABLES DE BUJIA,62,0,0.0,148.37,1.0
KR27501-02H00,JUEGO CABLES DE BUJIA,62,0,0.0,126.19,1.0
KR27501-22B10,JUEGO CABLES DE BUJIA,62,0,0.0,160.85,1.0
KR27501-23B70,JUEGO CABLES DE BUJIA,62,0,0.0,104.71,1.0
KR27501-24A00,JUEGO CABLES DE BUJIA,62,0,0.0,1039.55,1.0
KR27501-24C10,JUEGO CABLES DE BUJIA,62,0,0.0,122.0,1.0
KR27501-26D00,JUEGO CABLES DE BUJIA,62,0,0.0,376.21,1.0
KR27501-32A00,JUEGO CABLES DE BUJIA,62,0,0.0,244.3,1.0
KR27501-33A00,JUEGO CABLES DE BUJIA,62,0,0.0,183.17,1.0
KR27501-37A00,JUEGO CABLES DE BUJIA,62,0,0.0,427.55,1.0
KR27501-37B00,JUEGO CABLES DE BUJIA,62,0,0.0,321.22,1.0
KR27501-38B00,JUEGO CABLES DE BUJIA,62,0,0.0,164.9,1.0
KR32998031,JUEGO CABLES DE BUJIA,62,0,0.0,142.99,1.0
KR36120-21740,AUTOMATICO,62,0,0.0,120.91,1.0
KR373998031,JUEGO CABLES DE BUJIA,62,0,0.0,842.2,1.0
KR377998031,JUEGO CABLES DE BUJIA,62,0,0.0,352.3,1.0
KR49506-17A10,GUARDAPOLVO,62,0,0.0,1525.42,1.0
KR49509-24A00,GUARDAPOLVO,62,0,0.0,143.46,1.0
KR49542-28540,GUARDAPOLVO,62,0,0.0,121.22,1.0
KR54530-22A00,ROTULA SUSPENSION,62,0,0.0,157.17,1.0
KR59760-25000,CABLE FRENO MANO,62,0,0.0,125.25,1.0
KR59770-25000,CABLE FRENO MANO,62,0,0.0,457.34,1.0
KR8-92063672-0,JUEGO CABLES DE BUJIA,62,0,0.0,111.5,1.0
KR90412744,BOMBA ACEITE,62,0,0.0,661.47,1.0
KR92060980,JUEGO CABLES DE BUJIA,62,0,0.0,292.43,1.0
KR93235772,JUEGO CABLES DE BUJIA,62,0,0.0,175.89,1.0
KR93740756,REGULADOR ALTERNADOR,62,0,0.0,197.99,1.0
KR93746999,JUEGO CABLES DE BUJIA,62,0,0.0,484.25,1.0
KR93860-39012,TROMPO RETRO,62,0,0.0,120.79,1.0
KR94580644,RELAY LUCES,62,0,0.0,998.86,1.0
KR95015324,BASE SUSPENSION,62,0,0.0,891.94,1.0
KR95220-2S000,RELAY LUCES,62,0,0.0,164.51,1.0
KR95224-2D000,RELAY LUCES,62,0,0.0,384.2,1.0
KR95225-2D000,RELAY LUCES,62,0,0.0,113.69,1.0
KR95550-39000,RELAY LUCES,62,0,0.0,105.02,1.0
KR95710800,SWICH ENCENDIDO,62,0,0.0,397.76,1.0
KR95961350,TROMPO ACEITE,62,0,0.0,126.62,1.0
KR95975940,BUJE SUSPENSION,62,0,0.0,986.22,1.0
KR95994977,BARRA ESTABILIZADORA,62,0,0.0,186.48,1.0
KR96181318,EMPAQUE TAPA VALVULA,62,0,0.0,149.49,1.0
KR96192077,TROMPO RETRO,62,0,0.0,840.14,1.0
KR96211948,JUEGO CABLES DE BUJIA,62,0,0.0,121.65,1.0
KR96245309,GUARDAPOLVO,62,0,0.0,180.67,1.0
KR96256433,JUEGO CABLES DE BUJIA,62,0,0.0,160.22,1.0
KR96288956,JUEGO CABLES DE BUJIA,62,0,0.0,89.06,1.0
KR96291306,JUEGO CABLES DE BUJIA,62,0,0.0,169.91,1.0
KR96305387,JUEGO CABLES DE BUJIA,62,0,0.0,365.41,1.0
KR96312545,FLASHER DIRECCIONAL,62,0,0.0,388.61,1.0
KR96314166,ELECTRO VENTILADOR,62,0,0.0,213.69,1.0
KR96325867,SENSOR ARBOL LEVAS,62,0,0.0,139.57,1.0
KR96342284,JUEGO CABLES DE BUJIA,62,0,0.0,69.44,1.0
KR96350159,BOMBA ACEITE,62,0,0.0,618.4,1.0
KR96352648,BOMBA AGUA,62,0,0.0,249.02,1.0
KR96352650,BOMBA AGUA,62,0,0.0,121.4,1.0
KR96353002,EMPAQUE TAPA VALVULA,62,0,0.0,148.64,1.0
KR96391553,GUARDAPOLVO,62,0,0.0,250.41,1.0
KR96395500,ELECTROVENTILADOR,62,0,0.0,197.55,1.0
KR96450249,JUEGO CABLES DE BUJIA,62,0,0.0,237.88,1.0
KR96460220,JUEGO CABLES DE BUJIA,62,0,0.0,106.01,1.0
KR96489856,GUARDAPOLVO,62,0,0.0,204.23,1.0
KR96518977,BOMBA AGUA,62,0,0.0,310.24,1.0
KR96535081,PLATO SUSPENSION,62,0,0.0,100.57,1.0
KR96535082,PLATO SUSPENSION,62,0,0.0,134.24,1.0
KR96535087,BUJE SUSPENSION,62,0,0.0,146.76,1.0
KR96536522,ELECTROVENTILADOR,62,0,0.0,110.84,1.0
KR96536666,ELECTROVENTILADOR,62,0,0.0,297.92,1.0
KR96984145,JUEGO CABLES DE BUJIA,62,0,0.0,1546.75,1.0
KR97730-25000,ELECTRO VENTILADOR,62,0,0.0,558.71,1.0
KRGNP-2313,SELENOIDE ENCENDIDO,62,0,0.0,147.72,1.0
KRGNR-D012B,REGULADOR ALTERNADOR,62,0,0.0,294.17,1.0
KRGNR-M022,REGULADOR ALTERNADOR,62,0,0.0,200.19,1.0
KRGNR-V013H,REGULADOR ALTERNADOR,62,0,0.0,117.47,1.0
KRNP1147A,JUEGO CABLES DE BUJIA,62,0,0.0,176.81,1.0
LOGIS,SERVICIO DE LOGISTICA,62,0,0.0,218.62,1.0
LOGISD,SERVICIO LOGISTICA D,62,0,0.0,103.65,1.0
MA94587011,KIT BUJES SELECTOR MARCHAS,62,0,0.0,855.94,1.0
MA96144874,HORQUILLA EMBRAGUE,62,0,0.0,214.97,1.0
MA96873725,SELECTOR MARCHAS,62,0,0.0,266.34,1.0
MAC90200836,TERMOSTATO,62,0,0.0,166.67,1.0
ME017246,FILTRO AIRE,62,0,0.0,96.29,1.0
MO1171-OEM-1972,DEPOSITO CANISTER,62,0,0.0,136.42,1.0
MO1691-OEM-2026,DEPURADOR FILTRO AIRE,62,0,0.0,1271.67,1.0
MO3491-OEM-2629,MULTIPLE ADMISION,62,0,0.0,112.83,1.0
MO3621-OEM-1967,DEFLECTOR RADIADOR SUP,62,0,0.0,216.36,1.0
MO5151-2M-0107,TAPA BANDA DIST. SUP,62,0,0.0,246.13,1.0
MO5151-2M-0110,TAPA BANDA DIST. INF,62,0,0.0,412.35,1.0
MO5151-OEM-2622,TAPA BANDA DIST. SUP,62,0,0.0,122.18,1.0
MO5531-HJ-2638,MANGUERA REFRIGERANTE SALIDA RESERVORIO,62,0,0.0,101.86,1.0
MO5971-AUT-1620,TAPA BATERIA,62,0,0.0,525.42,1.0
MO5971-OEM-1898,BASE PORTA BATERIA,62,0,0.0,301.35,1.0
MO5971-OEM-2631,PERNOS CABEZOTE,62,0,0.0,82.11,1.0
N90813202,TORNILLO CARTER ACEITE GOLF IV,62,0,0.0,509.62,1.0
NAK06040,KIT EMBRAGUE,62,0,0.0,245.3,1.0
NAK5612P,KIT EMBRAGUE,62,0,0.0,398.11,1.0
NS111105M000,CARTER,62,0,0.0,171.63,1.0
NS11110ED010,CARTER,62,0,0.0,125.07,1.0
OES-12576-MOBIL,ACEITE MOBIL SUPER 1000 20W50 LITRO,62,0,0.0,467.42,1.0
OES-12585-MOBIL,ACEITE MOBIL DELVAC MX 15W40 MEDIA,62,0,0.0,387.33,1.0
OES-12586,MOBIL DELVAC MX 15W40 CANECA,62,0,0.0,102.28,1.0
OES-13182,MOBIL SUPER 1000 20W50 GALON,62,0,0.0,170.76,1.0
OES-13238,ACEITE MOBIL SUPER 1000 10W30 4X4 GALON,62,0,0.0,564.73,1.0
OES-28130-43600-C,"FILTRO DE AIRE H-100 G-95, MTL-300",62,0,0.0,529.77,1.0
OES-31111-0M000,BOMBA DE GASOLINA TUCSON NEW SPORTAGE,62,0,0.0,906.55,1.0
OES-9EN0030,ENI I-SINT 5W-30 1QT,62,0,0.0,162.02,1.0
OES-9EN0042,ENI I-SIGMA MULTI 15W40 4EC,62,0,0.0,484.65,1.0
OES-9EN0094,ENI I-SINT PROFESSIONAL 10W30 4EC 1QT,62,0,0.0,123.88,1.0
OES-9EN0096,ENI I-SINT PROFESSIONAL 10W30 4EC 1GL,62,0,0.0,1504.33,1.0
OES-9EN0138,ENI I-BASE PLUS 20W50 4EC 1QT,62,0,0.0,176.77,1.0
OES-9EN0139,ENI I-BASE PLUS 20W50 4EC SL/CF 1GL,62,0,0.0,588.16,1.0
OES-9EN0254,ENI I-SINT 5W-30 1GL,62,0,0.0,199.19,1.0
OES-CHEMP-15W40-MC,ACEITE CHEMPIOIL 15W40 TRUCK SYNTHETIC 44198,62,0,0.0,121.22,1.0
OES-K30A-34-700C,AMORTIGUADOR DELANT RH.. RIO 01/02,62,0,0.0,94.66,1.0
OES-K30A-34-900-C,AMORTIGUADOR DELANTERO LH RIO 2001---2002,62,0,0.0,232.12,1.0
OES-S58101A-C,ZAPATAS DE FRENO,62,0,0.0,233.3,1.0
OES-SP-1202,PASTILLAS FRENO ELANTRA XD,62,0,0.0,272.99,1.0
OK011-13-Z40,FILTRO AIRE,62,0,0.0,551.63,1.0
OK551-14-302,FILTRO ACEITE  KIA PREGIO,62,0,0.0,263.46,1.0
OP1042,BOMBA DE ACEITE,62,0,0.0,399.16,1.0
OP3010,BOMBA DE ACEITE,62,0,0.0,120.01,1.0
PG0301.L9,CARTER,62,0,0.0,335.8,1.0
PM01,MOTOSIERRA,62,0,0.0,216.29,1.0
PR1109,REGULADOR PRESION GASOLINA.       AVEO KIA HYUNDAI,62,0,0.0,131.95,1.0
PR1419,BOBINA ENCENDIDO,62,0,0.0,191.3,1.0
PR18213-65J00,SENSOR OXIGENO GRAND VITARA 2.0,62,0,0.0,145.14,1.0
PR18213-65J11,SENSOR OXIGENO,62,0,0.0,111.8,1.0
PR23796-EN20A,VALVULA VVT,62,0,0.0,146.32,1.0
PR24105479,BOBINA DE IGNICION,62,0,0.0,836.77,1.0
PR39210-23750,SENSOR OXIGENO,62,0,0.0,245.7,1.0
PR4031,REGULADOR PRESION GASOLINA,62,0,0.0,191.11,1.0
PR496,AUTOMATICO ARRANQUE,62,0,0.0,136.6,1.0
PR59,REGULADOR PRESION GASOLINA,62,0,0.0,138.46,1.0
PR6409065,COMPUTADOR LAPTOP,62,0,0.0,249.38,1.0
PR73001N,KIT DISTRIBUCION,62,0,0.0,131.52,1.0
PR75002,KIT DISTRIBUCION,62,0,0.0,277.43,1.0
PR76043,KIT DISTRIBUCION,62,0,0.0,118.49,1.0
PR76044,KIT DISTRIBUCION,62,0,0.0,112.14,1.0
PR76080,KIT DISTRIBUCION,62,0,0.0,165.73,1.0
PR76112,KIT DISTRIBUCION,62,0,0.0,142.06,1.0
PR76142,KIT DISTRIBUCION,62,0,0.0,167.82,1.0
PR76182,KIT DISTRIBUCION,62,0,0.0,246.02,1.0
PR76183,KIT DISTRIBUCION,62,0,0.0,158.82,1.0
PR76184,KIT DISTRIBUCION,62,0,0.0,197.79,1.0
PR76396,KIT DISTRIBUCION,62,0,0.0,105.21,1.0
PR76417,KIT DISTRIBUCION,62,0,0.0,211.99,1.0
PR76530,KIT DISTRIBUCION,62,0,0.0,90.0,1.0
PR76531,KIT DISTRIBUCION,62,0,0.0,530.71,1.0
PR76532,KIT DISTRIBUCION,62,0,0.0,498.97,1.0
PR76532-1,KIT DISTRIBUCION,62,0,0.0,97.49,1.0
PR76532-2US,KIT DISTRIBUCION,62,0,0.0,114.12,1.0
PR76536,KIT DISTRIBUCION,62,0,0.0,94.31,1.0
PR76580,KIT DISTRIBUCION,62,0,0.0,611.03,1.0
PR76582,KIT DISTRIBUCION,62,0,0.0,128.51,1.0
PR76584,KIT DISTRIBUCION,62,0,0.0,370.83,1.0
PR8253279850,SENSOR OXIGENO,62,0,0.0,201.28,1.0
PR9023792,SENSOR OXIGENO,62,0,0.0,418.6,1.0
PR9024423,SENSOR OXIGENO,62,0,0.0,109.31,1.0
PR9052870,SENSOR OXIGENO,62,0,0.0,343.23,1.0
PR93231759,SENSOR OXIGENO,62,0,0.0,290.26,1.0
PR96394004,SENSOR OXIGENO,62,0,0.0,107.96,1.0
PR96417177K,BANDA DISTRIBUCION GATES BLANCA,62,0,0.0,244.78,1.0
PR96536522,ELECTRO VENTILADOR,62,0,0.0,482.52,1.0
PR96553241,ELECTRO VENTILADOR,62,0,0.0,127.78,1.0
PR96864850,SENSOR OXIGENO,62,0,0.0,250.57,1.0
PRAC167,VALVULA IAC,62,0,0.0,168.0,1.0
PRAC7180,VALVULA IAC,62,0,0.0,92.14,1.0
PRACD5184,VALVULA IAC,62,0,0.0,186.0,1.0
PRACRE-01,VALVULA IAC,62,0,0.0,152.09,1.0
PRAFH45M-46,SENSOR MAF,62,0,0.0,163.53,1.0
PRAFH55M-13,SENSOR MAF,62,0,0.0,438.95,1.0
PRC1149,BOBINA ENCENDIDO,62,0,0.0,111.29,1.0
PRC1200,BOBINA ENCENDIDO,62,0,0.0,171.25,1.0
PRC1480/C1542,BOBINA ENCENDIDO,62,0,0.0,109.25,1.0
PRC1542,BOBINA ENCENDIDO,62,0,0.0,139.4,1.0
PRC1543,BOBINA ENCENDIDO,62,0,0.0,436.35,1.0
PRC1560,BOBINA ENCENDIDO,62,0,0.0,368.57,1.0
PRC1627,BOBINA ENCENDIDO,62,0,0.0,216.83,1.0
PRC377905105,BOBINA ENCENDIDO,62,0,0.0,544.05,1.0
PRC7700274008,BOBINA ENCENDIDO,62,0,0.0,122.14,1.0
PRC9023781,BOBINA ENCENDIDO,62,0,0.0,306.17,1.0
PRC961,BOBINA ENCENDIDO,62,0,0.0,211.5,1.0
PRCM1T227,BOBINA ENCENDIDO,62,0,0.0,146.22,1.0
PRE217,SOKQUET,62,0,0.0,167.98,1.0
PRE239,SOKQUET,62,0,0.0,173.67,1.0
PRE240,SOKQUET,62,0,0.0,688.47,1.0
PRE254,SOKQUET,62,0,0.0,533.15,1.0
PRE269,SOKQUET,62,0,0.0,117.2,1.0
PRE414,SOKQUET,62,0,0.0,98.66,1.0
PRE417,SOKQUET,62,0,0.0,145.55,1.0
PRE789,SOKQUET,62,0,0.0,511.37,1.0
PRF540E-1,REGULADOR VOLTAJE,62,0,0.0,143.95,1.0
PRGR540B,REGULADOR ELECTRONICO,62,0,0.0,207.73,1.0
PRHYACCENT,REGULADOR PRESION GASOLINA,62,0,0.0,1364.5,1.0
PRIAC1054,VALVULA IAC,62,0,0.0,745.2,1.0
PRKIARIO,REGULADOR PRESION GASOLINA,62,0,0.0,243.85,1.0
PROS1,SENSOR OXIGENO,62,0,0.0,245.59,1.0
PROS2,SENSOR OXIGENO,62,0,0.0,117.54,1.0
PROS3,SENSOR OXIGENO,62,0,0.0,134.95,1.0
PROS4,SENSOR OXIGENO,62,0,0.0,118.88,1.0
PRSE93744675,VALVULA IAC,62,0,0.0,254.94,1.0
PRSE94580175,SENSNOR TPS,62,0,0.0,213.23,1.0
PRSU4667,SENSOR DETONACION,62,0,0.0,787.02,1.0
PRSU8901,SENSOR ARBOL ELEVAS,62,0,0.0,158.2,1.0
PRSU9146,SENSOR VELOCIDAD,62,0,0.0,193.8,1.0
PRTK120,KIT DISTRIBUCION,62,0,0.0,322.81,1.0
PRTK135,KIT DISTRIBUCION,62,0,0.0,169.09,1.0
PRTK137,KIT DISTRIBUCION,62,0,0.0,112.22,1.0
PRTK237,KIT DISTRIBUCION,62,0,0.0,251.49,1.0
PRTK272,KIT DISTRIBUCION,62,0,0.0,99.32,1.0
PRTK368,KIT DISTRIBUCION,62,0,0.0,231.94,1.0
PRTPS112,SENSOR CKP,62,0,0.0,118.28,1.0
PRTPS452,SENSOR TPS,62,0,0.0,2612.5,1.0
PRTPS474,SENSOR CKP,62,0,0.0,360.44,1.0
PRUNI12,ELECTRO VENTILADOR,62,0,0.0,301.0,1.0
PRUNI14,ELECTRO VENTILADOR,62,0,0.0,142.2,1.0
PRZ-IX121,REGULADOR VOLTAJE,62,0,0.0,91.64,1.0
RD1J0498625A,RULIMAN RUEDA,62,0,0.0,88.62,1.0
RD2H0498627,RULIMAN RUEDA,62,0,0.0,342.2,1.0
RD357407625,RULIMAN RUEDA,62,0,0.0,241.53,1.0
RD402101554R,RULIMAN RUEDA,62,0,0.0,106.78,1.0
RD5Z0407625,RULIMAN RUEDA,62,0,0.0,438.37,1.0
RDUM5133047,RULIMAN RUEDA,62,0,0.0,215.99,1.0
RN7711120025,CARTER,62,0,0.0,110.5,1.0
RN8200276588,CARTER,62,0,0.0,801.48,1.0
SC4381-OEM-2630,RIEL INYECTORES,62,0,0.0,96.5,1.0
SE2571-KOS-1704,INTERRUPTOR LUCES,62,0,0.0,102.99,1.0
SE4121-DNI-2425,RELAY TEMPO PARABRISAS POST,62,0,0.0,347.61,1.0
SE5971-BZM-1715,PITO GRAVE,62,0,0.0,124.57,1.0
SE94460-0X000,SENSOR NIVEL GASOLINA,62,0,0.0,93.12,1.0
SE94460-1G000,SENSOR NIVEL GASOLINA,62,0,0.0,456.28,1.0
SE94460-1H000,SENSOR NIVEL GASOLINA,62,0,0.0,420.86,1.0
SE94460-1R000,SENSOR NIVEL GASOLINA,62,0,0.0,149.37,1.0
SE94460-1S000,SENSOR NIVEL GASOLINA,62,0,0.0,405.21,1.0
SE94460-25010,SENSOR NIVEL GASOLINA,62,0,0.0,268.15,1.0
SE94460-2E000,SENSOR NIVEL GASOLINA,62,0,0.0,123.01,1.0
SE94460-B4000,SENSOR NIVEL GASOLINA,62,0,0.0,124.85,1.0
SEN-CH000,SENSOR NIVEL GASOLINA,62,0,0.0,128.77,1.0
SEN-LOGAN,SENSOR NIVEL GASOLINA,62,0,0.0,174.38,1.0
SF3551-FIN-2623,PALANCA FRENO MANO,62,0,0.0,110.12,1.0
SF5181-OEM-1384,TAPA RESERVORIO HIDRAULICO,62,0,0.0,106.6,1.0
SL12380318,VALVULA CALECFACCION,62,0,0.0,399.7,1.0
SL12603830,TERMOSTATO METÁLICO,62,0,0.0,373.33,1.0
SL13256823,RESERVORIO,62,0,0.0,114.46,1.0
SL13502353,TAPA RESERVORIO,62,0,0.0,977.0,1.0
SL164700C070,RESERVORIO,62,0,0.0,483.7,1.0
SL21200-31U01,TERMOSTATO METÁLICO,62,0,0.0,182.0,1.0
SL21200-31U11,TERMOSTATO METÁLICO,62,0,0.0,240.49,1.0
SL21711-JE40A,RESERVORIO,62,0,0.0,149.96,1.0
SL217114U00A,RESERVORIO,62,0,0.0,116.42,1.0
SL24253434,CARTER CAJA DE CAMBIO,62,0,0.0,159.3,1.0
SL25611-26100,TERMOSTATO METÁLICO,62,0,0.0,294.68,1.0
SL25620-23000,TERMOSTATO METÁLICO,62,0,0.0,746.96,1.0
SL25620-23610,TERMOSTATO METALICO,62,0,0.0,123.95,1.0
SL2562023610,TERMOSTATO METÁLICO,62,0,0.0,164.8,1.0
SL25622-02566,TERMOSTATO PLÁSTICO,62,0,0.0,413.03,1.0
SL25650-02501,TERMOSTATO PLÁSTICO,62,0,0.0,294.06,1.0
SL26693016,RESERVORIO,62,0,0.0,420.0,1.0
SL42GR,SILICON,62,0,0.0,213.58,1.0
SL4914054J00,DEPOSITO HIDRAULICO,62,0,0.0,112.35,1.0
SL55593189,TAPA FILTRO ACEITE,62,0,0.0,244.63,1.0
SL7701468746,RESERVORIO,62,0,0.0,214.03,1.0
SL8-97234350-0,DEPOSITO HIDRAULICO,62,0,0.0,328.83,1.0
SL90322216,TUBO CALECFACCION,62,0,0.0,108.04,1.0
SL90352677,TERMOSTATO METÁLICO,62,0,0.0,93.46,1.0
SL90411948,TERMOSTATO METÁLICO,62,0,0.0,311.3,1.0
SL90448854,TUBO CALECFACCION,62,0,0.0,319.57,1.0
SL90457648,VALVULA CALECFACCION,62,0,0.0,324.96,1.0
SL90566947,VALVULA CALEFACCION,62,0,0.0,147.91,1.0
SL90566948,VALVULA CALEFACCION,62,0,0.0,130.34,1.0
SL90873245,RESERVORIO,62,0,0.0,295.99,1.0
SL9128719,TUBO CALECFACCION,62,0,0.0,248.87,1.0
SL93275736,TERMOSTATO METÁLICO,62,0,0.0,136.12,1.0
SL93369686,VALVULA CALECFACCION,62,0,0.0,265.1,1.0
SL93397748,TERMOSTATO METÁLICO,62,0,0.0,119.24,1.0
SL95269001,RESERVORIO,62,0,0.0,151.61,1.0
SL95352004,RESERVORIO,62,0,0.0,517.06,1.0
SL95380033,RESERVORIO,62,0,0.0,112.35,1.0
SL96180035,TUBO CALECFACCION,62,0,0.0,871.32,1.0
SL96182279,RESERVORIO,62,0,0.0,274.55,1.0
SL96273608,TUBO CALECFACCION,62,0,0.0,114.85,1.0
SL9627628980,BASE TERMOSTATO,62,0,0.0,181.27,1.0
SL96282726,TERMOSTATO PLÁSTICO,62,0,0.0,300.42,1.0
SL96314169,RESERVORIO,62,0,0.0,116.24,1.0
SL96317980,TERMOSTATO METÁLICO,62,0,0.0,920.54,1.0
SL96320215,TERMOSTATO METÁLICO,62,0,0.0,235.65,1.0
SL96352644,TUBO CALECFACCION,62,0,0.0,120.0,1.0
SL96407677,TERMOSTATO METÁLICO,62,0,0.0,670.0,1.0
SL96413748,DEPOSITO HIDRAULICO,62,0,0.0,120.19,1.0
SL96553368,TUBO CALEFACCION,62,0,0.0,115.7,1.0
SL96591467,RESERVORIO,62,0,0.0,709.79,1.0
SL96808460,DEPOSITO HIDRAULICO,62,0,0.0,131.3,1.0
SL96837836,RESERVORIO,62,0,0.0,287.18,1.0
SLLF50-15-170C,TERMOSTATO PLÁSTICO,62,0,0.0,1613.63,1.0
SLLF5015205A,TAPA RESERVORIO,62,0,0.0,234.77,1.0
SP-1043,JGO. PASTILLA DE FRENO,62,0,0.0,563.94,1.0
SP-1050,JGO. PASTILLA DE FRENO,62,0,0.0,398.71,1.0
SP-1053,JGO. PASTILLA DE FRENO,62,0,0.0,150.35,1.0
SP-1079R,JGO. PASTILLA DE FRENO,62,0,0.0,131.45,1.0
SP-1096,JGO. PASTILLA DE FRENO,62,0,0.0,142.84,1.0
SP-1149,JGO. PASTILLA DE FRENO,62,0,0.0,470.71,1.0
SP-1160,JGO. PASTILLA DE FRENO,62,0,0.0,210.67,1.0
SP-1174,JGO. PASTILLA DE FRENO,62,0,0.0,137.19,1.0
SP-1181,JGO. PASTILLA DE FRENO,62,0,0.0,534.5,1.0
SP-1194,JGO. PASTILLA DE FRENO,62,0,0.0,134.69,1.0
SP-1217,JGO. PASTILLA DE FRENO,62,0,0.0,117.76,1.0
SP-1222,JGO. PASTILLA DE FRENO,62,0,0.0,310.97,1.0
SQ-1284,SOCKET ELÉCTRICO,62,0,0.0,496.64,1.0
SQ-592,SOCKET ELÉCTRICO,62,0,0.0,525.15,1.0
ST0131-DAY-0626,BANDA ALTERNADOR 6DK1285,62,0,0.0,171.22,1.0
ST3891-TDE-0222,POLEA BOMBA DIRECCION,62,0,0.0,935.24,1.0
SU9494,SENSOR MAP,62,0,0.0,169.22,1.0
T11-1109111LA1BQ,FILTRO AIRE,62,0,0.0,137.25,1.0
TB03F133062B,CUERPO ACELERACION,62,0,0.0,115.21,1.0
TB03L128063S,CUERPO ACELERACION,62,0,0.0,404.28,1.0
TB047133062D,CUERPO ACELERACION,62,0,0.0,537.14,1.0
TB04E133062K,CUERPO ACELERACION,62,0,0.0,399.11,1.0
TB06A133062AB,CUERPO ACELERACION,62,0,0.0,87.97,1.0
TB06A133062BD,CUERPO ACELERACION,62,0,0.0,1270.8,1.0
TB06F133062E,CUERPO ACELARACION,62,0,0.0,730.21,1.0
TB07K133062A,CUERPO ACELERACION,62,0,0.0,438.16,1.0
TB07K133062B,CUERPO ACELERACION,62,0,0.0,126.44,1.0
TB12631186,CUERPO ACELERACION,62,0,0.0,291.47,1.0
TB16119AE01C,CUERPO ACELERACION,62,0,0.0,197.3,1.0
TB1635.Q9,CUERPO ACELERACION,62,0,0.0,211.71,1.0
TB24113040,CUERPO ACELERACION,62,0,0.0,204.2,1.0
TB35100-2B150,CUERPO ACELERACION,62,0,0.0,98.81,1.0
TB55561495,CUERPO ACELERACION,62,0,0.0,168.88,1.0
TB8200908869,CUERPO ACELERACION,62,0,0.0,132.66,1.0
TB9023782,CUERPO ACELERACION,62,0,0.0,162.7,1.0
TBL3R413640,CUERPO ACELERACION,62,0,0.0,121.04,1.0
TH-1012,FILTRO ACEITE RENAUL CON TUERCA M20 X 1.5,62,0,0.0,360.53,1.0
TH-1029,FILTRO ACEITE CHEVROLET DMAX 3.0-2.5CC DIESEL 12-->  3/4 X 16,62,0,0.0,198.47,1.0
TH-1042,"FILTRO ACEITE HYUNDAI, KIA, MITSUBISHI OUTLANDER, HONDA",62,0,0.0,148.31,1.0
TH-1044,"FILTRO ACEITE CHEVROLET SAIL, SPARK GT, N200, N300",62,0,0.0,160.0,1.0
TH-1051,FILTRO ACEITE,62,0,0.0,568.42,1.0
TH-2825,"FILTRO ACEITE DATSUN, TOYOTA HILUX 80, NISSAN SENTRA B13",62,0,0.0,366.96,1.0
TH-2849A,FILTRO ACEITE MAZDA PICK UP BT-50,62,0,0.0,296.96,1.0
TH-2870-D,FILTRO ACEITE VW DOBLE VALVULA LARGO 3/4 X 16,62,0,0.0,136.52,1.0
TH-28N,FILTRO ACEITE ISUZU NKR/NHR M26 X 1.5,62,0,0.0,185.19,1.0
TH-3387,"FILTRO ACEITE AVEO, OPTRA, DMAX 2,4 GASOLINA",62,0,0.0,113.16,1.0
TH-3593,"FILTRO ACEITE MITSUBISHI MONTERO 3.5 - 3.0 - 3.8,  HYUNDAI ACCENT VERNA",62,0,0.0,105.67,1.0
TH-3593A,"FILTRO ACEITE MAZDA, HYUNDAI, AUTOS, KIA AUTOS, ALLEGRO, L200 SPORTERO 3.5CC GASOLINA, MONTERO SPORT, LUV 3.2CC V6, HOND...",62,0,0.0,480.87,1.0
TH-3614,"FILTRO ACEITE CHEV. FORZA,STEEM,SWIFT,VITARA, JIMNY, VITARA 1.6CC 3P,  QQ3-QQ6, CUORE /02,  STRADA PICK-UP, GRATOUR IX, ...",62,0,0.0,628.67,1.0
TH-4386,"FILTRO ACEITE SUZUKI GRAND VITARA SZ TODOS, SHINERAY X30-X30L, COROLLA /08, CAMRY, PRIUS SPORT 1.5CC HYBRID, RAV4 2.0CC ...",62,0,0.0,650.49,1.0
TH-7317,"FILTRO ACEITE NISSAN PATHFINDER,MITSUBISHI, BAIC X25, X35, X55, DONGFENG AX4, AX7, H30, S30, GREAT WALL M4, H6 1.5CC, VO...",62,0,0.0,107.33,1.0
TH-8,FILTRO ACEITE FORD STOUT 3/4 X 16,62,0,0.0,133.91,1.0
TR0331-KIT-1356,BASE PALANCA CAMBIO,62,0,0.0,244.42,1.0
TR2521-FOR-0052,HORQUILLA 3RA Y 4TA ALTERNA,62,0,0.0,123.11,1.0
TR2521-TAL-0050,HORQUILLA 1RA Y 2DA ALTERNA,62,0,0.0,137.58,1.0
TR2531-KIT-2625,KIT REPARACION HORQUILLA EMBRAGUE,62,0,0.0,134.6,1.0
TR3591-OEM-0703,PALANCA SELECTOR CAMBIOS,62,0,0.0,204.38,1.0
TR3731-OEM-0023,ARBOL MOTRIZ CAJA CAMBIO,62,0,0.0,173.63,1.0
TR3731-OEM-0027,PINON 1ERA C/CAMBIO,62,0,0.0,508.88,1.0
TR3731-OEM-2624,PINON 3ERA C/CAMBIO,62,0,0.0,287.2,1.0
TR4441-COB-0046,RULIMAN RODILLOS C/CAMBIOS,62,0,0.0,194.07,1.0
TRD1001,KIT DISTRIBUCION,62,0,0.0,211.71,1.0
TRD2093,KIT DISTRIBUCION,62,0,0.0,178.48,1.0
TRD2094,KIT DISTRIBUCION,62,0,0.0,434.29,1.0
TRD2901,KIT DISTRIBUCION,62,0,0.0,364.81,1.0
TRD4001,KIT DISTRIBUCION,62,0,0.0,138.12,1.0
TRD4003,KIT DISTRIBUCION,62,0,0.0,221.23,1.0
TRD4025,KIT DISTRIBUCION,62,0,0.0,341.84,1.0
TRD4039,KIT DISTRIBUCION,62,0,0.0,106.99,1.0
TRD4072,KIT DISTRIBUCION,62,0,0.0,119.55,1.0
TRD4079,KIT DISTRIBUCION,62,0,0.0,206.18,1.0
TRD4106,KIT DISTRIBUCION,62,0,0.0,156.61,1.0
TRD5001,KIT DISTRIBUCION,62,0,0.0,114.73,1.0
TRD6001,KIT DISTRIBUCION,62,0,0.0,81.67,1.0
TRD7001,KIT DISTRIBUCION,62,0,0.0,352.52,1.0
TRD7002,KIT DISTRIBUCION,62,0,0.0,116.66,1.0
TRD9001,KIT DISTRIBUCION,62,0,0.0,121.89,1.0
TRD9002,KIT DISTRIBUCION,62,0,0.0,602.46,1.0
TRD9003,KIT DISTRIBUCION,62,0,0.0,105.8,1.0
TRU55810-76A01,JGO. PASTILLA DE FRENO,62,0,0.0,125.79,1.0
TRU58101-4AA00,JGO. PASTILLA DE FRENO,62,0,0.0,123.64,1.0
TRUD1025,JGO. PASTILLA DE FRENO,62,0,0.0,877.58,1.0
TRUD1035,JGO. PASTILLA DE FRENO,62,0,0.0,161.85,1.0
TRUD1036,JGO. PASTILLA DE FRENO,62,0,0.0,182.32,1.0
TRUD1039,JGO. PASTILLA DE FRENO,62,0,0.0,1692.52,1.0
TRUD1040,JGO. PASTILLA DE FRENO,62,0,0.0,2781.05,1.0
TRUD1044,JGO. PASTILLA DE FRENO,62,0,0.0,179.94,1.0
TRUD1050,JGO. PASTILLA DE FRENO        TICO SUZUKI ALTO DEL,62,0,0.0,118.68,1.0
TRUD1054,JGO. PASTILLA DE FRENO,62,0,0.0,108.34,1.0
TRUD1055,JGO. PASTILLA DE FRENO,62,0,0.0,126.45,1.0
TRUD1072,JGO. PASTILLA DE FRENO,62,0,0.0,96.09,1.0
TRUD1086,JGO. PASTILLA DE FRENO,62,0,0.0,642.6,1.0
TRUD1086H,JGO. PASTILLA DE FRENO,62,0,0.0,208.37,1.0
TRUD1089,JGO. PASTILLA DE FRENO,62,0,0.0,102.79,1.0
TRUD1092,JGO. PASTILLA DE FRENO,62,0,0.0,156.37,1.0
TRUD1094,JGO. PASTILLA DE FRENO,62,0,0.0,383.96,1.0
TRUD1095,JGO. PASTILLA DE FRENO,62,0,0.0,129.01,1.0
TRUD1099,JGO. PASTILLA DE FRENO,62,0,0.0,437.18,1.0
TRUD1116,JGO. PASTILLA DE FRENO,62,0,0.0,137.85,1.0
TRUD1139,JGO. PASTILLA DE FRENO,62,0,0.0,122.16,1.0
TRUD1142,JGO. PASTILLA DE FRENO,62,0,0.0,130.86,1.0
TRUD1143,JGO. PASTILLA DE FRENO,62,0,0.0,400.68,1.0
TRUD1145,JGO. PASTILLA DE FRENO,62,0,0.0,217.03,1.0
TRUD1146,JGO. PASTILLA DE FRENO,62,0,0.0,377.47,1.0
TRUD1149,JGO. PASTILLA DE FRENO,62,0,0.0,131.73,1.0
TRUD1156V,JGO. PASTILLA DE FRENO,62,0,0.0,115.48,1.0
TRUD1157,JGO. PASTILLA DE FRENO,62,0,0.0,186.47,1.0
TRUD1161,JGO. PASTILLA DE FRENO,62,0,0.0,406.07,1.0
TRUD1162,JGO. PASTILLA DE FRENO,62,0,0.0,161.4,1.0
TRUD1169,JGO. PASTILLA DE FRENO,62,0,0.0,175.0,1.0
TRUD1175,JGO. PASTILLA DE FRENO,62,0,0.0,1168.71,1.0
TRUD1181,JGO. PASTILLA DE FRENO,62,0,0.0,157.42,1.0
TRUD1184,JGO. PASTILLA DE FRENO,62,0,0.0,198.79,1.0
TRUD1186,JGO. PASTILLA DE FRENO,62,0,0.0,170.07,1.0
TRUD1188S,JGO. PASTILLA DE FRENO,62,0,0.0,98.68,1.0
TRUD1189,JGO. PASTILLA DE FRENO,62,0,0.0,273.31,1.0
TRUD1193,JGO. PASTILLA DE FRENO,62,0,0.0,147.19,1.0
TRUD1199,JGO. PASTILLA DE FRENO,62,0,0.0,373.9,1.0
TRUD120,JGO. PASTILLA DE FRENO,62,0,0.0,92.63,1.0
TRUD1202,JGO. PASTILLA DE FRENO,62,0,0.0,90.76,1.0
TRUD1210,JGO. PASTILLA DE FRENO,62,0,0.0,183.35,1.0
TRUD1213,JGO PASTILLA DE FRENO,62,0,0.0,625.37,1.0
TRUD1215,JGO. PASTILLA DE FRENO,62,0,0.0,107.98,1.0
TRUD1216,JGO. PASTILLA DE FRENO,62,0,0.0,118.73,1.0
TRUD1238,JGO. PASTILLA DE FRENO,62,0,0.0,1381.31,1.0
TRUD1260,JGO. PASTILLA DE FRENO,62,0,0.0,460.36,1.0
TRUD1264,JGO. PASTILLA DE FRENO,62,0,0.0,245.68,1.0
TRUD1269,JGO. PASTILLA DE FRENO,62,0,0.0,140.88,1.0
TRUD1275,JGO. PASTILLA DE FRENO,62,0,0.0,971.49,1.0
TRUD1281,JGO. PASTILLA DE FRENO,62,0,0.0,133.75,1.0
TRUD1295,JGO. PASTILLA DE FRENO,62,0,0.0,150.31,1.0
TRUD1297,JGO. PASTILLA DE FRENO,62,0,0.0,232.0,1.0
TRUD1303,JGO. PASTILLA DE FRENO,62,0,0.0,272.78,1.0
TRUD1316,JGO. PASTILLA DE FRENO,62,0,0.0,237.22,1.0
TRUD1318,JGO. PASTILLA DE FRENO,62,0,0.0,131.25,1.0
TRUD1322,JGO. PASTILLA DE FRENO,62,0,0.0,289.82,1.0
TRUD1324,JGO. PASTILLA DE FRENO,62,0,0.0,440.65,1.0
TRUD1325,JGO. PASTILLA DE FRENO,62,0,0.0,273.5,1.0
TRUD1338,JGO. PASTILLA DE FRENO,62,0,0.0,1559.83,1.0
TRUD1345,JGO. PASTILLA DE FRENO,62,0,0.0,145.64,1.0
TRUD1354,JGO. PASTILLA DE FRENO,62,0,0.0,742.42,1.0
TRUD1362,JGO. PASTILLA DE FRENO,62,0,0.0,124.55,1.0
TRUD137,JGO. PASTILLA DE FRENO,62,0,0.0,222.49,1.0
TRUD1379,JGO. PASTILLA DE FRENO,62,0,0.0,185.38,1.0
TRUD1393,JGO. PASTILLA DE FRENO,62,0,0.0,517.69,1.0
TRUD1398,JGO. PASTILLA DE FRENO,62,0,0.0,649.75,1.0
TRUD1399,JGO. PASTILLA DE FRENO,62,0,0.0,178.36,1.0
TRUD1405,JGO. PASTILLA DE FRENO,62,0,0.0,123.92,1.0
TRUD1414,JGO. PASTILLA DE FRENO,62,0,0.0,171.23,1.0
TRUD1434,JGO. PASTILLA DE FRENO,62,0,0.0,240.75,1.0
TRUD1435,JGO. PASTILLA DE FRENO,62,0,0.0,392.87,1.0
TRUD1439,JGO. PASTILLA DE FRENO,62,0,0.0,270.45,1.0
TRUD1441,JGO. PASTILLA DE FRENO,62,0,0.0,120.62,1.0
TRUD1447,JGO. PASTILLA DE FRENO,62,0,0.0,133.57,1.0
TRUD1468,JGO. PASTILLA DE FRENO,62,0,0.0,338.14,1.0
TRUD1492,JGO. PASTILLA DE FRENO,62,0,0.0,443.53,1.0
TRUD1495,JGO. PASTILLA DE FRENO,62,0,0.0,122.7,1.0
TRUD1522,JGO. PASTILLA DE FRENO,62,0,0.0,131.16,1.0
TRUD154,JGO. PASTILLA DE FRENO,62,0,0.0,89.99,1.0
TRUD1555,JGO. PASTILLA DE FRENO,62,0,0.0,125.67,1.0
TRUD1567,JGO. PASTILLA DE FRENO,62,0,0.0,269.43,1.0
TRUD1571,JGO. PASTILLA DE FRENO,62,0,0.0,144.23,1.0
TRUD1572,JGO. PASTILLA DE FRENO,62,0,0.0,133.12,1.0
TRUD1592,JGO. PASTILLA DE FRENO,62,0,0.0,160.67,1.0
TRUD161,JGO. PASTILLA DE FRENO,62,0,0.0,180.15,1.0
TRUD1624,JGO. PASTILLA DE FRENO,62,0,0.0,191.09,1.0
TRUD1627,JGO. PASTILLA DE FRENO,62,0,0.0,141.18,1.0
TRUD1676,JGO. PASTILLA DE FRENO,62,0,0.0,979.56,1.0
TRUD1679,JGO. PASTILLA DE FRENO,62,0,0.0,161.47,1.0
TRUD1710,JGO. PASTILLA DE FRENO,62,0,0.0,502.23,1.0
TRUD172,JGO. PASTILLA DE FRENO,62,0,0.0,702.75,1.0
TRUD1737,JGO. PASTILLA DE FRENO,62,0,0.0,184.12,1.0
TRUD1769,JGO. PASTILLA DE FRENO,62,0,0.0,130.84,1.0
TRUD1830,JGO. PASTILLA DE FRENO,62,0,0.0,138.21,1.0
TRUD1847,JGO. PASTILLA DE FRENO,62,0,0.0,304.6,1.0
TRUD1852,JGO. PASTILLA DE FRENO,62,0,0.0,443.23,1.0
TRUD1915,JGO. PASTILLA DE FRENO,62,0,0.0,517.66,1.0
TRUD1935,JGO. PASTILLA DE FRENO,62,0,0.0,149.68,1.0
TRUD194,JGO. PASTILLA DE FRENO,62,0,0.0,100.5,1.0
TRUD1965,JGO. PASTILLA DE FRENO,62,0,0.0,698.47,1.0
TRUD200,JGO. PASTILLA DE FRENO,62,0,0.0,120.48,1.0
TRUD2006,JGO. PASTILLA DE FRENO,62,0,0.0,97.99,1.0
TRUD2014,JGO. PASTILLA DE FRENO,62,0,0.0,462.84,1.0
TRUD2038S,JGO. PASTILLA DE FRENO,62,0,0.0,288.12,1.0
TRUD2234,JGO. PASTILLA DE FRENO,62,0,0.0,283.43,1.0
TRUD2260,JGO. PASTILLA DE FRENO,62,0,0.0,532.95,1.0
TRUD227,JGO. PASTILLA DE FRENO,62,0,0.0,474.73,1.0
TRUD242,JGO. PASTILLA DE FRENO,62,0,0.0,125.45,1.0
TRUD254S,JGO. PASTILLA DE FRENO,62,0,0.0,131.91,1.0
TRUD280,JGO. PASTILLA DE FRENO,62,0,0.0,118.71,1.0
TRUD285,JGO. PASTILLA DE FRENO,62,0,0.0,130.56,1.0
TRUD296S,JGO. PASTILLA DE FRENO,62,0,0.0,264.48,1.0
TRUD297,JGO. PASTILLA DE FRENO,62,0,0.0,442.35,1.0
TRUD299,JGO. PASTILLA DE FRENO,62,0,0.0,93.28,1.0
TRUD303,JGO. PASTILLA DE FRENO,62,0,0.0,135.3,1.0
TRUD319,JGO. PASTILLA DE FRENO,62,0,0.0,62.1,1.0
TRUD320,JGO. PASTILLA DE FRENO,62,0,0.0,117.07,1.0
TRUD333,JGO. PASTILLA DE FRENO,62,0,0.0,574.44,1.0
TRUD340,JGO. PASTILLA DE FRENO,62,0,0.0,116.47,1.0
TRUD3427,JGO. PASTILLA DE FRENO,62,0,0.0,225.03,1.0
TRUD349,JGO. PASTILLA DE FRENO,62,0,0.0,128.49,1.0
TRUD350,JGO. PASTILLA DE FRENO,62,0,0.0,822.81,1.0
TRUD363,JGO. PASTILLA DE FRENO,62,0,0.0,122.15,1.0
TRUD369,JGO. PASTILLA DE FRENO,62,0,0.0,392.2,1.0
TRUD371,JGO. PASTILLA DE FRENO,62,0,0.0,189.93,1.0
TRUD378,JGO. PASTILLA DE FRENO,62,0,0.0,176.82,1.0
TRUD397,JGO. PASTILLA DE FRENO,62,0,0.0,122.96,1.0
TRUD401,JGO. PASTILLA DE FRENO,62,0,0.0,186.74,1.0
TRUD402,JGO. PASTILLA DE FRENO,62,0,0.0,943.28,1.0
TRUD41,JGO. PASTILLA DE FRENO,62,0,0.0,137.34,1.0
TRUD418,JGO. PASTILLA DE FRENO,62,0,0.0,118.4,1.0
TRUD428,JGO. PASTILLA DE FRENO,62,0,0.0,198.85,1.0
TRUD430,JGO. PASTILLA DE FRENO,62,0,0.0,231.01,1.0
TRUD436,JGO. PASTILLA DE FRENO,62,0,0.0,396.28,1.0
TRUD438,JGO. PASTILLA DE FRENO,62,0,0.0,196.79,1.0
TRUD440,JGO. PASTILLA DE FRENO,62,0,0.0,123.97,1.0
TRUD451,JGO. PASTILLA DE FRENO,62,0,0.0,113.41,1.0
TRUD465,JGO. PASTILLA DE FRENO,62,0,0.0,374.31,1.0
TRUD477,JGO. PASTILLA DE FRENO,62,0,0.0,809.5,1.0
TRUD50,JGO. PASTILLA DE FRENO,62,0,0.0,147.78,1.0
TRUD5001,JGO. PASTILLA DE FRENO,62,0,0.0,113.36,1.0
TRUD510,JGO. PASTILLA DE FRENO,62,0,0.0,131.14,1.0
TRUD52,JGO. PASTILLA DE FRENO,62,0,0.0,942.56,1.0
TRUD530,JGO. PASTILLA DE FRENO,62,0,0.0,126.19,1.0
TRUD535,JGO. PASTILLA DE FRENO,62,0,0.0,97.59,1.0
TRUD541,JGO. PASTILLA DE FRENO,62,0,0.0,94.58,1.0
TRUD552S,JGO. PASTILLA DE FRENO,62,0,0.0,163.57,1.0
TRUD556,JGO. PASTILLA DE FRENO,62,0,0.0,144.72,1.0
TRUD562,JGO. PASTILLA DE FRENO,62,0,0.0,297.81,1.0
TRUD566,JGO. PASTILLA DE FRENO,62,0,0.0,162.33,1.0
TRUD580,JGO. PASTILLA DE FRENO,62,0,0.0,199.15,1.0
TRUD602,JGO. PASTILLA DE FRENO,62,0,0.0,109.11,1.0
TRUD606,JGO. PASTILLA DE FRENO,62,0,0.0,137.59,1.0
TRUD611,JGO. PASTILLA DE FRENO,62,0,0.0,437.6,1.0
TRUD632,JGO. PASTILLA DE FRENO,62,0,0.0,186.15,1.0
TRUD652,JGO. PASTILLA DE FRENO,62,0,0.0,298.8,1.0
TRUD654,JGO. PASTILLA DE FRENO,62,0,0.0,136.21,1.0
TRUD660,JGO. PASTILLA DE FRENO,62,0,0.0,142.07,1.0
TRUD668,JGO. PASTILLA DE FRENO,62,0,0.0,141.66,1.0
TRUD677,JGO. PASTILLA DE FRENO,62,0,0.0,178.41,1.0
TRUD679,JGO. PASTILLA DE FRENO,62,0,0.0,275.46,1.0
TRUD680,JGO. PASTILLA DE FRENO,62,0,0.0,197.1,1.0
TRUD691,JGO. PASTILLA DE FRENO,62,0,0.0,466.35,1.0
TRUD700,JGO. PASTILLA DE FRENO,62,0,0.0,1064.52,1.0
TRUD704,JGO. PASTILLA DE FRENO,62,0,0.0,298.95,1.0
TRUD726,JGO. PASTILLA DE FRENO,62,0,0.0,296.14,1.0
TRUD729,JGO. PASTILLA DE FRENO,62,0,0.0,268.75,1.0
TRUD766,JGO. PASTILLA DE FRENO,62,0,0.0,111.45,1.0
TRUD768,JGO. PASTILLA DE FRENO,62,0,0.0,108.46,1.0
TRUD774,JGO. PASTILLA DE FRENO,62,0,0.0,132.39,1.0
TRUD784,JGO. PASTILLA DE FRENO,62,0,0.0,217.05,1.0
TRUD785,JGO. PASTILLA DE FRENO,62,0,0.0,147.28,1.0
TRUD792,JGO. PASTILLA DE FRENO,62,0,0.0,97.44,1.0
TRUD798,JGO. PASTILLA DE FRENO,62,0,0.0,299.6,1.0
TRUD799,JGO. PASTILLA DE FRENO,62,0,0.0,666.2,1.0
TRUD813,JGO. PASTILL A DE FRENO,62,0,0.0,160.82,1.0
TRUD815,JGO. PASTILLA DE FRENO,62,0,0.0,106.47,1.0
TRUD828,JGO. PASTILLA DE FRENO,62,0,0.0,153.33,1.0
TRUD830,JGO. PASTILLA DE FRENO,62,0,0.0,128.4,1.0
TRUD831,JGO. PASTILLA DE FRENO,62,0,0.0,229.77,1.0
TRUD833,JGO. PASTILLA DE FRENO,62,0,0.0,190.67,1.0
TRUD862,JGO. PASTILLA DE FRENO,62,0,0.0,110.4,1.0
TRUD864,JGO. PASTILLA DE FRENO,62,0,0.0,715.32,1.0
TRUD866,JGO. PASTILLA DE FRENO,62,0,0.0,105.45,1.0
TRUD867,JGO. PASTILLA DE FRENO,62,0,0.0,459.17,1.0
TRUD882,JGO. PASTILLA DE FRENO,62,0,0.0,330.11,1.0
TRUD883,JGO. PASTILLA DE FRENO,62,0,0.0,99.7,1.0
TRUD888,JGO. PASTILLA DE FRENO,62,0,0.0,755.33,1.0
TRUD889,JGO. PASTILLA DE FRENO,62,0,0.0,90.83,1.0
TRUD9017,JGO. PASTILLA DE FRENO,62,0,0.0,128.37,1.0
TRUD9029,JGO. PASTILLA DE FRENO,62,0,0.0,128.73,1.0
TRUD904,JGO. PASTILLA DE FRENO,62,0,0.0,235.89,1.0
TRUD905,JGO. PASTILLA DE FRENO,62,0,0.0,443.82,1.0
TRUD906,JGO. PASTILLA DE FRENO,62,0,0.0,404.72,1.0
TRUD924,JGO. PASTILLA DE FRENO,62,0,0.0,619.66,1.0
TRUD941,JGO. PASTILLA DE FRENO,62,0,0.0,144.64,1.0
TRUD949,JGO. PASTILLA DE FRENO,62,0,0.0,1661.43,1.0
TRUD973,JGO. PASTILLA DE FRENO,62,0,0.0,309.33,1.0
TRUD9730,JGO. PASTILLA DE FRENO,62,0,0.0,225.94,1.0
TRUD976,JGO. PASTILLA DE FRENO,62,0,0.0,456.42,1.0
TRUDB1366,JGO. PASTILLA DE FRENO,62,0,0.0,99.44,1.0
TRUDB140,JGO. PASTILLA DE FRENO,62,0,0.0,354.38,1.0
TRUDB1424,JGO. PASTILLA DE FRENO,62,0,0.0,683.21,1.0
TRUDB2002,JGO. PASTILLA DE FRENO,62,0,0.0,586.47,1.0
TRUDB3535,JGO. PASTILLA DE FRENO,62,0,0.0,107.82,1.0
TRUDS1169,JGO. PASTILLA DE FRENO,62,0,0.0,396.36,1.0
TRUFDB757,JGO. PASTILLA DE FRENO,62,0,0.0,207.97,1.0
TRUKB1150,TRUKB1150,62,0,0.0,405.87,1.0
TS028-GIN-1578,RETENEDOR DE TRANSMISION 020409374,62,0,0.0,1388.94,1.0
TS028-GIN-1810,PROPULSOR HIDRAULICO AMAROK,62,0,0.0,1047.75,1.0
TS028-GIN-1811,"RIEL DE INYECCION CON INYECTORES VIRTUS, POLO, T-CROSS",62,0,0.0,108.76,1.0
TS028-GIN-1812,"INYECTOR DE GASOLINA VIRTUS, POLO, T-CROSS",62,0,0.0,154.18,1.0
TY17201-30120,TURBO,62,0,0.0,422.46,1.0
USNS-0052,"HORQUILLA 3RA Y 4TA GOL, SAVEIRO 1994---2006",62,0,0.0,89.7,1.0
USNS-0271,"JGO DE RINES STANDAR BAH FOX (5Z1,5Z3,5Z4) 1.6 CROSSFOX, GOL V 1.6 CFZA 2009--->, POLO (9N_, 9A_) 1.6 2002---2005",62,0,0.0,130.16,1.0
USNS-0326,"EMPAQUE CABEZOTE ORIGINAL GOLF VENTO 2.0, GOLF IV 1.6 ALEMAN",62,0,0.0,294.66,1.0
USNS-0394,EMPAQUE CABEZOTE AMAROK	AMAROK 2009--->,62,0,0.0,102.06,1.0
USNS-0411,TAPA DEL FILTRO ACEITE VW AMAROK,62,0,0.0,119.55,1.0
USNS-0438,SONDA LAMBDA AMAROK,62,0,0.0,223.84,1.0
USNS-0516,VALVULA CONTROL PRESION COMBUSTIBLE AMAROK 2009--->,62,0,0.0,151.35,1.0
USNS-0529,"BALANCINES AMAROK 2009--->, CRAFTER 30-35 AUTOBUS 2011---2016, CRAFTER 30-50 FURGON 2011---2016, EUROVAN 2009---2015,...",62,0,0.0,175.71,1.0
USNS-0553,"EMPAQUE CABEZOTE MOTOR APK BORA, JETTA, GOLF IV 1.8-2.0cc",62,0,0.0,111.82,1.0
USNS-0653,"BANDA ALTERNADOR 5PK1060 BORA V 2005---2010, GOLF 2007---2013, JETTA 2008---2014",62,0,0.0,151.28,1.0
USNS-0654,BANDA ALTERNADOR JETTA 2012 5DPK1554,62,0,0.0,633.47,1.0
USNS-0657,"TENSOR CON BANDA DE ALTERNADOR BETTLE 2011--2019, BORA V 2006---2010, JETTA 2010--->, NEW BEETLE 2005---2010, PASSAT ...",62,0,0.0,583.9,1.0
USNS-0659,"EMISOR IMPULSOS CIGUENAL CKP JETTA 2.5 2010 --->, BORA V 2006---2010, NEW BEETLE 2005---2010",62,0,0.0,117.0,1.0
USNS-0746,"KIT RULIMAN DE RUEDA POSTERIOR GOL, VENTO, PARATI, SAVEIRO, FELICIA, GOLF I 1983---1993, GOLF II 1984---1991, GOLF III 1...",62,0,0.0,247.78,1.0
USNS-0994,"CUBO RUEDA DEL GOLF IV 1997---2005, JETTA 1998---2013, NEW BEETLE 1998---2010",62,0,0.0,198.54,1.0
USNS-1010,"BOMBA DIRECCION HIDRAULICA GOLF IV, JETTA IV, GOL 2011",62,0,0.0,388.02,1.0
USNS-1286,BOMBA DIRECCION HIDRAULICA AMAROK	AMAROK 2009--->,62,0,0.0,296.42,1.0
USNS-1287,BUJE CREMALLERA AMAROK,62,0,0.0,191.59,1.0
USNS-2115,"CONMUTADOR ENCENDIDO VENTO, GOLF II 1984---1991, GOLF III 1993---1998, GOLF IV 1998---2002, JETTA 1984---1998, PASSAT 19...",62,0,0.0,136.93,1.0
USNS-2426,"POLEA BANDA ALTERNADOR POLO, FOX 2003--2014, GOL 2009--->, JETTA 1998---2013, SAVEIRO 2009--->",62,0,0.0,361.06,1.0
USNS-2478,"BOBINA DE ENCENDIDO POLO INDU 2009--->, GOLF VI 2002---2012, TIGUAN LIMITED (5N_) 2008---2018, VENTO V 2010--->",62,0,0.0,1400.48,1.0
USNS-2480,"BOBINA DE IGNICION TOUAREG 2006---2010, GOLF MK5 GTI 2007---2013, AUDI  Q3",62,0,0.0,507.17,1.0
USNS-2481,SOPORTE PARA CHOQUES BORA V,62,0,0.0,139.56,1.0
USNS-2482,"TAPA DEPOSITO REFRIGERANTE BEETLE 2012---2019, GOL V 2009--->, GOLF VII 2012---2017M JETTA 2017--->, PASSAT 2005--...",62,0,0.0,139.33,1.0
USNS-2483,"TERMINAL BARRA DIRECCION GOL, PARATI, SAVEIRO",62,0,0.0,134.29,1.0
USNS-2485,"PISTON 2.00 cc TIGUAN (5N_) TFSI 2007---2018, GOLF VI (5K1) 2009---2012, JETTA CLASICO VI 2010--->, PASSAT 2005---201...",62,0,0.0,163.56,1.0
USNS-2487,"CHAQUETA DE BIELA AMAROK TSI 2010---2015, TIGUAN (5N_) TFSI 2007---2018, GOLF VI (5K1) 2009---2012, JETTA CLASICO VI 201...",62,0,0.0,178.94,1.0
USNS-2488,"CHAQUETA DE BANCADA AMAROK TSI 2010---2015, TIGUAN (5N_) TFSI 2007---2018, GOLF VI (5K1) 2009---2012, JETTA CLASICO VI 2...",62,0,0.0,123.2,1.0
USNS-2503,MODULO GASOLINA COMBUSTIBLE,62,0,0.0,531.53,1.0
USNS-2507,"CAUCHO BARRA ESTABILIZADORA FOX 1.6cc (5Z1,5Z3,5Z4) 2003---2014, FOX (5Z5) 2014---2017, GOL V 2009--->, POLO 1.6cc (9...",62,0,0.0,143.51,1.0
USNS-2508,POLEA BOMBA DIRECCION HIDRAULICA AMAROK,62,0,0.0,126.03,1.0
USNS-2509,MODULO GASOLINA SUMERGIBLE,62,0,0.0,225.41,1.0
VAM8005,HORQUILLA EMBRAGUE,62,0,0.0,329.62,1.0
VW026115105A,BOMBA ACEITE,62,0,0.0,124.88,1.0
VW032103601AA,CARTER,62,0,0.0,100.28,1.0
VW036115105D,BOMBA ACEITE,62,0,0.0,195.09,1.0
VW037129101H,VALVULA PCV,62,0,0.0,150.0,1.0
VW037906265,SENSOR OXIGENO,62,0,0.0,181.85,1.0
VW038103601NA,CARTER,62,0,0.0,149.47,1.0
VW03L103603M,CARTER,62,0,0.0,128.94,1.0
VW03L115105B,BOMBA ACEITE,62,0,0.0,119.56,1.0
VW051103601,CARTER,62,0,0.0,476.96,1.0
VW06A103601T,CARTER,62,0,0.0,182.92,1.0
VW06J115105AB,BOMBA ACEITE,62,0,0.0,159.39,1.0
VW171498203,GUARDAPOLVO PUNTA EJE,62,0,0.0,384.26,1.0
VW1H0199262F,BASE MOTOR,62,0,0.0,131.1,1.0
VW1H0199609G,BASE MOTOR,62,0,0.0,118.37,1.0
VW5Z0919149,SENSOR VELOCIDAD,62,0,0.0,301.86,1.0
VW6RF199262Q,BASE MOTOR,62,0,0.0,188.83,1.0
VW6RF199851C,BASE MOTOR,62,0,0.0,223.14,1.0
WP92065969,BOMBA AGUA,62,0,0.0,450.62,1.0
WP96352650,BOMBA AGUA,62,0,0.0,78.53,1.0
WT014141701E,HORQUILLA EMBRAGUE,62,0,0.0,117.28,1.0
WT0261091731,PROTECTOR DISTRIBUCION SUP.,62,0,0.0,131.78,1.0
WT0261211339,"TOMA DE AGUA METALICA 2 TOMAS, GOL 1.6-1.8 1995--2006, PARATI, SAVEIRO, SANTANA",62,0,0.0,151.11,1.0
WT026121144A,TOMA DE AGUA,62,0,0.0,832.01,1.0
WT026906161,TROMPO TEMPERATURA,62,0,0.0,387.53,1.0
WT027109675,RETEN VALVULAS,62,0,0.0,547.64,1.0
WT0271156119,VARILLA MEDIR ACEITE,62,0,0.0,128.38,1.0
WT027115611C,VARILLA MEDIR ACEITE,62,0,0.0,218.7,1.0
WT0279983851,SENSOR TPS,62,0,0.0,576.23,1.0
WT028145278E,TENSOR BANDA ALTERNADOR,62,0,0.0,173.27,1.0
WT028919501C,SENSOR TEMPERATURA,62,0,0.0,683.48,1.0
WT030109423B,PROPULSOR HIDRAULICO POLO,62,0,0.0,122.99,1.0
WT030115636D,TUBO ALOJAMIENTO,62,0,0.0,95.85,1.0
WT032121026BA,"CAJA REGULADORA DE AGUA SIN  A/C  GOL V 1.6, POLO BRASIL 1.6, FOX",62,0,0.0,150.08,1.0
WT032121110B,TERMOSTATO,62,0,0.0,147.51,1.0
WT032121110L,"TERMOSTADO GOL V 1.6, POLO BRASIL 1.6, FOX 1.6 CON A/C",62,0,0.0,125.1,1.0
WT032121113,TERMOSTATO 87º,62,0,0.0,153.53,1.0
WT032121121K,"TOMA DE AGUA GOL V 1.6, POLO BRASIL 1.6, FOX 1.6",62,0,0.0,115.54,1.0
WT036103464G,VALVULA PCV,62,0,0.0,101.08,1.0
WT036133062P,CUERPO ACELERACION,62,0,0.0,113.1,1.0
WT036919081D,TROMPO ACEITE,62,0,0.0,126.45,1.0
WT037121132E,"TOMA DE AGUA, GOLF 1.8 1995--1998, VENTO 1.8 1992-1999",62,0,0.0,113.34,1.0
WT037121144H,TOMA DE AGUA,62,0,0.0,125.62,1.0
WT037121619,TOMA DE AGUA,62,0,0.0,261.74,1.0
WT037906457E,VALVULA IAC,62,0,0.0,316.88,1.0
WT03C121065B,TUBO REFRIGERANTE RADIADOR,62,0,0.0,129.02,1.0
WT03C121111AM,CAJA REGULADORA DE AGUA,62,0,0.0,113.78,1.0
WT03L103469F,TAPA VALVULAS,62,0,0.0,104.21,1.0
WT03L109145B,PROTECTOR DISTRIBUCION,62,0,0.0,400.1,1.0
WT03L109521A,PROPULSOR HIDRAULICO,62,0,0.0,1279.53,1.0
WT03L117021C,RADIADOR ACEITE,62,0,0.0,562.13,1.0
WT03L121111AB,TERMOSTATO,62,0,0.0,1971.22,1.0
WT03L121131M,TERMOSTATO,62,0,0.0,90.98,1.0
WT03L906054A,TROMPO PRESION COMBUSTIBLE,62,0,0.0,522.39,1.0
WT040121155H,CAJA TERMOSTATICA VIRTUS,62,0,0.0,225.5,1.0
WT044907385A,TPS MONOPUNTO,62,0,0.0,351.9,1.0
WT048103772C,RESPIRADERO MOTOR,62,0,0.0,660.0,1.0
WT048109173D,PROTECTOR DISTRIBUCION SUP.,62,0,0.0,201.85,1.0
WT049109111C,POLEA ARBOL DE LEVAS,62,0,0.0,131.94,1.0
WT04C109175F,PROTECTOR DISTRIBUCION INF.,62,0,0.0,177.68,1.0
WT04E919081A,TROMPO ACEITE,62,0,0.0,471.81,1.0
WT04L121026F,CAJA REGULADORA DE AGUA,62,0,0.0,618.58,1.0
WT050109175A,PROTECTOR BANDA DISTRIBUCION INF.,62,0,0.0,111.83,1.0
WT050109309H,PROPULSOR HIDRAULICO,62,0,0.0,861.07,1.0
WT052905225C,ROTOR DE DISTRIBUIDOR,62,0,0.0,471.79,1.0
WT056105313C,RULIMAN CIGUENAL MOTRIZ,62,0,0.0,679.79,1.0
WT059109417J,BALANCINES,62,0,0.0,513.91,1.0
WT059121012B,BOMBA DE AGUA AUXILIAR,62,0,0.0,136.76,1.0
WT068117021B,RADIADOR ACEITE,62,0,0.0,271.74,1.0
WT06A103485F,TAPA ACEITE,62,0,0.0,499.25,1.0
WT06A103663C,TUBO ALOJAMIENTO,62,0,0.0,180.62,1.0
WT06A109108S,PROTECTOR DISTRIBUCION SUP.,62,0,0.0,689.95,1.0
WT06A115611C,VARILLA MEDIR ACEITE,62,0,0.0,193.95,1.0
WT06A121121C,TOMA DE AGUA,62,0,0.0,134.05,1.0
WT06A121132,"TOMA DE AGUA GOLF IV, POLO CLASSIC 2000---",62,0,0.0,153.21,1.0
WT06B115611C,VARILLA MEDIR ACEITE,62,0,0.0,480.0,1.0
WT06H109210AG,PROTECTOR DISTRIBUCION,62,0,0.0,45.0,1.0
WT07K121133E,TOMA DE AGUA,62,0,0.0,432.77,1.0
WT0K9BV1507XF,CAJA REGULADORA DE AGUA,62,0,0.0,534.23,1.0
WT12620112,BASE TERMOSTATO,62,0,0.0,105.81,1.0
WT13049F4300,BASE TERMOSTATO,62,0,0.0,128.92,1.0
WT17560-57L00-000,BASE TERMOSTATO,62,0,0.0,158.34,1.0
WT191407182,BUJE MESA SUSPENSION,62,0,0.0,113.07,1.0
WT191411315,PERNO BARRA ESTABILIZADORA CON COJINES,62,0,0.0,470.91,1.0
WT191411329,BUJE PERNO BARRA ESTABILIZADORA,62,0,0.0,243.3,1.0
WT191598625,KIT RULIMAN RUEDA,62,0,0.0,530.34,1.0
WT191711190B,ANILLO COJINETE MECANICO CAMBIO MARCHAS,62,0,0.0,206.47,1.0
WT1C0945511A,INTERRUPTOR LUZ DE FRENO,62,0,0.0,111.38,1.0
WT1H0121407A,RESERVORIO,62,0,0.0,297.12,1.0
WT1H0422371D,DEPOSITO ACEITE HIDRAULICO,62,0,0.0,187.5,1.0
WT1H0711173,KIT BUJES SELECTOR MARCHAS,62,0,0.0,242.26,1.0
WT1H0711574,KIT REPARACION SELECTOR MARCHAS,62,0,0.0,109.84,1.0
WT1H0837187A,BOTON PUERTA,62,0,0.0,138.72,1.0
WT1H1819031A,RADIADOR CALEFACCION,62,0,0.0,114.14,1.0
WT1HM121253,RADIADOR DE AGUA,62,0,0.0,123.7,1.0
WT1J0121087B,TOMA DE AGUA GOLF IV 2000--,62,0,0.0,195.46,1.0
WT1J0121087C,"TOMA DE AGUA GOLF IV, BORA 2.0 JETTA 2.0",62,0,0.0,265.09,1.0
WT1J0121253P,RADIADOR DE AGUA,62,0,0.0,572.76,1.0
WT1J0121407F,RESERVORIO,62,0,0.0,283.55,1.0
WT1J0129684CK,TUBO UNION ASPIRACION,62,0,0.0,436.84,1.0
WT1J0407181,BUJE MESA SUSPENSION GRANDE,62,0,0.0,232.92,1.0
WT1J0411314R,BUJE BARRA ESTALIBILIZADORA,62,0,0.0,227.63,1.0
WT1J0411314R-KIT,KIT BUJE,62,0,0.0,89.97,1.0
WT1J0412319C,PLATILLO SUPERIOR AMORTIGUADOR DELANTERO SUPERIOR,62,0,0.0,257.67,1.0
WT1J0412331CS,BASE AMORTIGUADOR,62,0,0.0,167.84,1.0
WT1J0422371C,DEPOSITO HIDRAULICO,62,0,0.0,111.71,1.0
WT1J0513353C,BASE AMORTIGUADOR,62,0,0.0,177.46,1.0
WT1J0953235J,INTERRUPTOR PARQUEO,62,0,0.0,450.3,1.0
WT1J0959481A,TERMOSWICHT,62,0,0.0,133.36,1.0
WT1J0973081,SOCKET TROMPO ACEITE,62,0,0.0,253.58,1.0
WT1J5949117A,FARO GUIA LATERAL,62,0,0.0,492.97,1.0
WT1K0121070BD,TUBO REFRIGERANTE RADIADOR,62,0,0.0,91.21,1.0
WT1K0121407F,RESERVORIO,62,0,0.0,136.27,1.0
WT1K0122291A,ACOPLE REFRIGERANTE,62,0,0.0,90.61,1.0
WT1K0407183E,BUJE MESA SUSPENSION,62,0,0.0,181.89,1.0
WT1K0959455N,ELECTROVENTILADOR,62,0,0.0,1409.25,1.0
WT1L8Z-8A080-BB-F,RESERVORIO,62,0,0.0,885.07,1.0
WT251941521,TROMPO RETRO,62,0,0.0,563.82,1.0
WT25199824,BASE CON TERMOSTATO,62,0,0.0,492.46,1.0
WT256202G500,CAJA REGULADORA DE AGUA,62,0,0.0,144.28,1.0
WT26906247,VALVULA IAC,62,0,0.0,172.56,1.0
WT279980491,VALVULA IAC,62,0,0.0,118.8,1.0
WT2E0121253B,RADIADOR DE AGUA,62,0,0.0,151.97,1.0
WT2GB121253A,RADIADOR,62,0,0.0,115.3,1.0
WT2H0121253A,RADIADOR,62,0,0.0,167.27,1.0
WT2Q0121321,TAPA RESERVORIO,62,0,0.0,101.09,1.0
WT2Q0121407B,RESERVORIO,62,0,0.0,180.89,1.0
WT3051210632,MANGUERA REFRIGERANTE INF.,62,0,0.0,116.74,1.0
WT3251212531,RADIADOR,62,0,0.0,131.41,1.0
WT3254223711,DEPOSITO ACEITE HIDRAULICO,62,0,0.0,158.14,1.0
WT3258812132,GUIA ASIENTO,62,0,0.0,288.9,1.0
WT357121321C,TAPA RESERVORIO,62,0,0.0,98.85,1.0
WT377412329,BASE AMORTIGUADOR CON RODAMIENTO,62,0,0.0,205.55,1.0
WT377905865,CONMUTADOR ENCENDIDO,62,0,0.0,1338.12,1.0
WT3B0121321,TAPA RESERVORIO,62,0,0.0,195.31,1.0
WT3Q0955455,TAPA RESERVORIO PLUMAS,62,0,0.0,303.06,1.0
WT547959481,TERMOSWITCH ELECTROVENTILADOR,62,0,0.0,827.15,1.0
WT547959481A,TERMOSWICHT,62,0,0.0,113.61,1.0
WT5C0121251E,RADIADOR DE AGUA,62,0,0.0,346.7,1.0
WT5Q0121407M,RESERVORIO,62,0,0.0,410.95,1.0
WT5QM121251A,RADIADOR DE AGUA,62,0,0.0,138.91,1.0
WT5U0121207A,ELECTROVENTILADOR CON BASE,62,0,0.0,77.3,1.0
WT5U0121407,RESERVORIO,62,0,0.0,239.9,1.0
WT5X0121407,RESERVORIO,62,0,0.0,562.66,1.0
WT5X0412329,BASE AMORTIGUADOR,62,0,0.0,124.03,1.0
WT5Z0121253E,RADIADOR DE AGUA,62,0,0.0,98.43,1.0
WT5Z0121253F,RADIADOR DE AGUA,62,0,0.0,130.39,1.0
WT6N0905865,CONMUTADOR ENCENDIDO,62,0,0.0,284.23,1.0
WT6N0947563,INTERRUPTOR PUERTA,62,0,0.0,105.98,1.0
WT6N0953235B,INTERRUPTOR PARQUEO,62,0,0.0,239.78,1.0
WT6Q0121253AE,RADIADOR DE AGUA,62,0,0.0,114.44,1.0
WT6Q0121407A,RESERVORIO,62,0,0.0,115.64,1.0
WT6Q0121619,BRIDA TUBO DISTRIBUIDOR,62,0,0.0,146.26,1.0
WT6Q0407182,BUJE MESA SUSPENSION PEQUENO,62,0,0.0,245.81,1.0
WT6Q0411315E,BARRA ESTABILIZADORA,62,0,0.0,118.47,1.0
WT6Q0959455J,ELECTROVENTILADOR,62,0,0.0,237.95,1.0
WT6QE121253A,RADIADOR DE AGUA,62,0,0.0,93.2,1.0
WT6R0121253A,RADIADOR DE AGUA,62,0,0.0,212.87,1.0
WT6RG955453B,RESERVORIO PLUMAS,62,0,0.0,509.54,1.0
WT7700111985,TUBO REFRIGERANTE RADIADOR,62,0,0.0,177.05,1.0
WT7700600514,CAJA REGULADORA DE AGUA,62,0,0.0,131.65,1.0
WT7700869985,TUBO REFRIGERANTE RADIADOR,62,0,0.0,231.68,1.0
WT7701041348,TUBO REFRIGERANTE RADIADOR,62,0,0.0,183.43,1.0
WT7701470460,RESERVORIO,62,0,0.0,161.25,1.0
WT811399151B,BASE CAJA CAMBIOS,62,0,0.0,166.54,1.0
WT811407181A,BUJE SUSPENSION,62,0,0.0,136.37,1.0
WT8200134513,TUBO REFRIGERANTE RADIADOR,62,0,0.0,459.37,1.0
WT8200493154,CAJA REGULADORA DE AGUA,62,0,0.0,183.25,1.0
WT8200561420,BASE TERMOSTATO,62,0,0.0,496.22,1.0
WT8200660882,BASE TERMOSTATO,62,0,0.0,124.28,1.0
WT823199381B,BASE MOTOR GOL,62,0,0.0,118.61,1.0
WT8V218K218AB,RESERVORIO,62,0,0.0,1016.01,1.0
WT9046588,BASE TERMOSTATO,62,0,0.0,105.04,1.0
WT93307137,PROTECTOR DISTRIBUCION INF.,62,0,0.0,121.24,1.0
WT93388682,PROTECTOR DISTRIBUCION POST.,62,0,0.0,127.92,1.0
WT93388683,PROTECTOR DISTRIBUCION SUP.,62,0,0.0,808.16,1.0
WT96182950,PROTECTOR DISTRIBUCION POST.,62,0,0.0,1129.96,1.0
WT96182951,PROTECTOR DISTRIBUCION INF.,62,0,0.0,251.3,1.0
WT96182952,PROTECTOR DISTRIBUCION SUP.,62,0,0.0,148.52,1.0
WT96325222,PROTECTOR DISTRIBUCION SUP.,62,0,0.0,121.0,1.0
WT96325226,PROTECTOR DISTRIBUCION INF.,62,0,0.0,114.5,1.0
WT96540793,INTERRUPTOR PARQUEO,62,0,0.0,149.28,1.0
WTSK121259,BASE TERMOSTATO,62,0,0.0,348.07,1.0
WTWLF2151H0,BASE TERMOSTATO,62,0,0.0,136.72,1.0
WTXS4G9K478BB,BASE TERMOSTATO,62,0,0.0,150.76,1.0
XI-01,FILTRO GASOLINA,62,0,0.0,141.76,1.0
XI-02,TAPA MODULO GASOLINA,62,0,0.0,250.46,1.0
XI-03,FILTRO GASOLINA (31112-3E000),62,0,0.0,192.67,1.0
XI-06,FILTRO GASOLINA,62,0,0.0,124.5,1.0
XI-07,FILTRO GASOLINA,62,0,0.0,324.67,1.0
XI-08,FILTRO GASOLINA,62,0,0.0,125.85,1.0
XI-102B,FILTRO GASOLINA,62,0,0.0,192.75,1.0
XI-13,FILTRO GASOLINA,62,0,0.0,1664.14,1.0
XI-15,FILTRO GASOLINA,62,0,0.0,1239.92,1.0
XI-153,PORTA FILTRO COMBUSTIBLE,62,0,0.0,103.0,1.0
XI-154,PORTA FILTRO COMBUSTIBLE,62,0,0.0,235.61,1.0
XI-155,PORTA FILTRO COMBUSTIBLE,62,0,0.0,134.78,1.0
XI-17,FILTRO GASOLINA,62,0,0.0,138.12,1.0
XI-21,FILTRO GASOLINA,62,0,0.0,105.65,1.0
XI-22,FILTRO GASOLINA,62,0,0.0,102.9,1.0
XI-23,FILTRO INTANK,62,0,0.0,319.02,1.0
XI-25,TAPA MODULO GASOLINA SUMERGIBLE,62,0,0.0,430.82,1.0
XI-26,FILTRO GASOLINA,62,0,0.0,144.52,1.0
XI-27,FILTRO GASOLINA,62,0,0.0,567.39,1.0
XI-28,FILTRO GASOLINA,62,0,0.0,507.7,1.0
XI-29,TAPA MODULO GASOLINA SUMERGIBLE,62,0,0.0,546.58,1.0
XI-30,FILTRO GASOLINA,62,0,0.0,83.81,1.0
XI-33,FILTRO GASOLINA,62,0,0.0,131.79,1.0
XI-34,FILTRO GASOLINA,62,0,0.0,2170.51,1.0
XI-35,FILTRO GASOLINA,62,0,0.0,106.38,1.0
XI-40,FILTRO GASOLINA,62,0,0.0,544.55,1.0
XI-41,FILTRO GASOLINA,62,0,0.0,128.23,1.0
XI-45,FILTRO GASOLINA,62,0,0.0,2192.5,1.0
XI-46,FILTRO GASOLINA,62,0,0.0,1503.92,1.0
XI-48,FILTRO INTANK,62,0,0.0,102.54,1.0
XI-50,FILTRO GASOLINA,62,0,0.0,107.86,1.0
XI-50X,FILTRO GASOLINA,62,0,0.0,97.45,1.0
XI-51,FILTRO GASOLINA,62,0,0.0,262.31,1.0
XI-55,FILTRO COMBUSTIBLE,62,0,0.0,144.81,1.0
XI-65,FILTRO GASOLINA,62,0,0.0,296.88,1.0
XI-69,FILTRO GASOLINA,62,0,0.0,531.88,1.0
XI-706,FILTRO COMBUSTIBLE,62,0,0.0,219.74,1.0
XI-72,FILTRO GASOLINA,62,0,0.0,132.18,1.0
XI-73,FILTRO GASOLINA,62,0,0.0,177.08,1.0
XI-75,BASE FILTRO COMBUSTIBLE-CH.,62,0,0.0,272.88,1.0
XI-80,FILTRO GASOLINA,62,0,0.0,201.22,1.0
XI-81,FILTRO GASOLINA,62,0,0.0,129.02,1.0
XI-83,FILTRO GASOLINA,62,0,0.0,159.53,1.0
XI-84,FILTRO GASOLINA,62,0,0.0,213.69,1.0
XI-85,FILTRO GASOLINA,62,0,0.0,252.48,1.0
XI-88,FILTRO GASOLINA,62,0,0.0,176.79,1.0
XI-90,FILTRO GASOLINA,62,0,0.0,155.99,1.0
XI-91,FILTRO GASOLINA,62,0,0.0,169.64,1.0
XI-97,TAPA MODULO GASOLINA,62,0,0.0,589.67,1.0
XI-99,FILTRO ACEITE CAJA CAMBIO,62,0,0.0,132.7,1.0
YKD-01-D,TRICETA,62,0,0.0,219.49,1.0
YKD392111NB13,PUNTA HOMOCINETICA,62,0,0.0,335.49,1.0
YKD96489845,PUNTA HOMOCINETICA,62,0,0.0,858.21,1.0
