REFERENCIA,DESCRIPCIÓN,TOTAL_SALES,RANK,CUM_SALES,CUM_SHARE
SL25611-26100,TERMOSTATO METÁLICO,3282,1,3282,0.006476234075804695
FG-0027,FILTRO GASOLINA,2808,2,6090,0.012017143668997742
WT1J0121253P,RADIADOR DE AGUA,2448,3,8538,0.01684768023742245
VAM8005,HORQUILLA EMBRAGUE,2252,4,10790,0.02129145815902884
TRUD1094,JGO. PASTILLA DE FRENO,2143,5,12933,0.025520150914802597
KIT077,JGO MICROFILTRO,2062,6,14995,0.029589009740003475
KR25380-1R050,ELECTROVENTILADOR,2043,7,17038,0.0336203766555638
FL01SWI152,BOMBA GASOLINA SUMERGIBLE,1989,8,19027,0.037545187617408875
FL2H0919050B,MODULO GASOLINA SUMERGIBLE,1981,9,21008,0.041454212512036875
ALHP-0373,CARTER ACEITE GOLF JETTA PC,1934,10,22942,0.04527049426176457
KR27501-37A00,JUEGO CABLES DE BUJIA,1887,11,24829,0.048994032866591944
WT044907385A,TPS MONOPUNTO,1862,12,26691,0.05266824001136597
ENLA-2501,SINCRONIZADO TRANSMISION AMAROK,1812,13,28503,0.056243784236033274
PRE217,SOKQUET,1782,14,30285,0.05976013070863656
WT96182951,PROTECTOR DISTRIBUCION INF.,1746,15,32031,0.06320543987876301
8-97035303-0,FILTRO AIRE,1699,16,33730,0.06655800590398914
FL113RU25,BANDA DISTRIBUCION,1560,17,35290,0.06963628901131862
DKR-1/4-RED,ROJO LITRO USA,1554,18,36844,0.07270273256823527
USNS-0657,"TENSOR CON BANDA DE ALTERNADOR BETTLE 2011--2019, BORA V 2006---2010, JETTA 2010--->, NEW BEETLE 2005---2010, PASSAT ...",1522,19,38366,0.07570603185628365
SE94460-1H000,SENSOR NIVEL GASOLINA,1508,20,39874,0.07868170552670213
WT7700111985,TUBO REFRIGERANTE RADIADOR,1506,21,41380,0.08165343268031636
TRUD1737,JGO. PASTILLA DE FRENO,1481,22,42861,0.08457582837387721
SP-1149,JGO. PASTILLA DE FRENO,1469,23,44330,0.08747454496661247
FL93277517,MODULO GASOLINA SUMERGIBLE,1438,24,45768,0.09031209054888156
SL90448854,TUBO CALECFACCION,1431,25,47199,0.0931358233223357
FL170408B000,MODULO GASOLINA SUMERGIBLE,1388,26,48587,0.09587470598449808
ALHP-2466,TUERCA DE EXPANSION,1385,27,49972,0.09860766887145406
WT04E919081A,TROMPO ACEITE,1319,28,51291,0.10121039670386917
1H0422884,RECEPTOR GOMA DIRECCION G V,1318,29,52609,0.10381115127788214
FL30230002,MODULO GASOLINA SUMERGIBLE,1309,30,53918,0.1063941465262759
PR18213-65J00,SENSOR OXIGENO GRAND VITARA 2.0,1283,31,55201,0.10892583705621418
8TF358106-101,MODULO GASOLINA SUMERGIBLE,1277,32,56478,0.11144568803573966
FIN23300-21030,FILTRO INTANK,1276,33,57754,0.11396356575686299
TRUD1439,JGO. PASTILLA DE FRENO,1255,34,59009,0.1164400050515415
FL31110-17000,MODULO GASOLINA SUMERGIBLE,1223,35,60232,0.11885330007735173
ALHP-0629,JUNTA CARTER AMAROK,1220,36,61452,0.12126067532795555
USNS-0411,TAPA DEL FILTRO ACEITE VW AMAROK,1217,37,62669,0.12366213080335296
VW026115105A,BOMBA ACEITE,1181,38,63850,0.12599254897627354
FL111RU17,BANDA DISTRIBUCION CH. AVEO 8 VAL (111 DIENTES),1181,39,65031,0.1283229671491941
ALHP-2372,TORNILLO PINON CIGUENAL SOLO CONSUMIDOR,1172,40,66203,0.1306356259964955
FLFILARIS,FILTRO GASOLINA SUMERGIBLE,1156,41,67359,0.13291671270936273
PR39210-23750,SENSOR OXIGENO,1101,42,68460,0.13508927021011255
WT9046588,BASE TERMOSTATO,1101,43,69561,0.1372618277108624
TRUD1468,JGO. PASTILLA DE FRENO,1075,44,70636,0.13938308049315673
FG-55AA,FILTRO GASOLINA,1073,45,71709,0.14150038675864682
DR96456495,KIT REPARACION FRENOS,1059,46,72768,0.143590067406507
FL373919051AA,MODULO GASOLINA SUMERGIBLE,1059,47,73827,0.1456797480543672
GM96817343,RESERVORIO,1057,48,74884,0.14776548218542315
FG-0B00,FILTRO GASOLINA,1057,49,75941,0.14985121631647907
OP1042,BOMBA DE ACEITE,1054,50,76995,0.1519310306723286
GF-61,FILTRO GASOLINA  UNIVERSAL,1050,51,78045,0.1540029519945696
WT1J0953235J,INTERRUPTOR PARQUEO,1031,52,79076,0.15603738140717002
13780-78K00,FILTRO AIRE,1022,53,80098,0.15805405149415125
8-98140266-0,FILTRO AIRE,1016,54,81114,0.1600588820307197
KR27501-32A00,JUEGO CABLES DE BUJIA,1010,55,82124,0.16205187301687532
KR93746999,JUEGO CABLES DE BUJIA,1003,56,83127,0.164031051194216
WT5X0121407,RESERVORIO,978,57,84105,0.1659608979115033
KRGNR-V013H,REGULADOR ALTERNADOR,978,58,85083,0.16789074462879064
EP20-1070,JUEGO DE CORREAS DENTADAS,977,59,86060,0.16981861808767582
TR3731-OEM-0027,PINON 1ERA C/CAMBIO,963,60,87023,0.17171886592893112
WT25199824,BASE CON TERMOSTATO,959,61,87982,0.1736112207365779
TRUD299,JGO. PASTILLA DE FRENO,958,62,88940,0.17550160228582254
FLNU3,PREFILTRO,948,63,89888,0.17737225125104583
191955531,RELAY PLUMAS,927,64,90815,0.1792014617898243
WT1J0121407F,RESERVORIO,920,65,91735,0.18101685951978783
AVM433,JGO. DE RUEDA LIBRE,918,66,92653,0.1828283107329471
26109675,SELLOS DE VALVULAS MOTOR 1 8,915,67,93568,0.18463384217089995
FLREG-2E000,REGUADOR PRESION,911,68,94479,0.18643148057524428
WT6N0953235B,INTERRUPTOR PARQUEO,907,69,95386,0.1882212259459801
WT1H1819031A,RADIADOR CALEFACCION,903,70,96289,0.19000307828310734
TB06A133062BD,CUERPO ACELERACION,895,71,97184,0.1917691445530175
ALHP-2261,MESA SUSPENSION POLO 14,889,72,98073,0.19352337127251487
TH-3387,"FILTRO ACEITE AVEO, OPTRA, DMAX 2,4 GASOLINA",888,73,98961,0.19527562473361013
FLITF007,SEMI MODULO GASOLINA SUMERGIBLE,882,74,99843,0.19701603864429254
PR76396,KIT DISTRIBUCION,881,75,100724,0.19875447929657283
TB06F133062E,CUERPO ACELARACION,875,76,101599,0.20048108039844034
DKR-035-MT,JGO MOQUETA,875,77,102474,0.20220768150030782
RD5Z0407625,RULIMAN RUEDA,866,78,103340,0.2039165232765561
AVM465,JGO.DE RUEDA LIBRE,865,79,104205,0.20562339179440225
GM55566404,CARTER,861,80,105066,0.20732236727863987
TRUD941,JGO. PASTILLA DE FRENO,860,81,105926,0.20901936950447536
ALHP-1015,TERMINAL B D IZQ GOLF IV,841,82,106767,0.21067887982067027
XI-26,FILTRO GASOLINA,833,83,107600,0.21232260406964812
FG-0028,FILTRO GASOLINA,828,84,108428,0.2139564620266153
EP20-1215,JUEGO CORREA DENTADAS,822,85,109250,0.21557848043316968
5DA193175-381,BOBINA ENCENDIDO,818,86,110068,0.21719260580611552
TRUD632,JGO. PASTILLA DE FRENO,816,87,110884,0.21880278466225708
USNS-2480,"BOBINA DE IGNICION TOUAREG 2006---2010, GOLF MK5 GTI 2007---2013, AUDI  Q3",816,88,111700,0.22041296351839867
FLMF001KIT,JGO MICROFILTRO,815,89,112515,0.2220211691161381
DR8973088680,DISCO FRENO,810,90,113325,0.22361950842186687
DR2121-3501070,DISCO FRENO,805,91,114130,0.22520798143558496
FL31110-1U000,MODULO GASOLINA SUMERGIBLE,801,92,114931,0.2267885614156945
USNS-2481,SOPORTE PARA CHOQUES BORA V,800,93,115731,0.22836716813740193
8DB355018-111,JGO. PASTILLA DE FRENO,799,94,116530,0.2299438016007072
DR7700716947,DISCO FRENO,785,95,117315,0.23149280944638262
OES-13182,MOBIL SUPER 1000 20W50 GALON,779,96,118094,0.23302997774164522
SP-1053,JGO. PASTILLA DE FRENO,776,97,118870,0.23456122626170142
GM93259505,CARTER,775,98,119645,0.23609050152335548
ALHP-1296,DISCO DE FRENO DEL AMAROK 303MM BD 6382 50,773,99,120418,0.2376158302682053
TRUD1281,JGO. PASTILLA DE FRENO,770,100,121188,0.23913523923784868
KR0K2BW-18-160,JUEGO DE BUJIAS         SHUMA 03/CARENS I-II 02/ CLARUS,765,101,121953,0.2406447819154814
17801-2460,FILTRO AIRE,762,102,122715,0.24214840481790773
XI-06,FILTRO GASOLINA,762,103,123477,0.24365202772033404
HP1039,JGO. PASTILLA DE FRENO,759,104,124236,0.24514973084755395
PR59,REGULADOR PRESION GASOLINA,758,105,124994,0.24664546071637172
EP20-1236,JUEGO CORREA DENTADAS,753,106,125747,0.24813132429317883
WT0271156119,VARILLA MEDIR ACEITE,747,107,126494,0.24960534831957315
TRUD1054,JGO. PASTILLA DE FRENO,747,108,127241,0.25107937234596744
113711333,BOTON PALANCA FRENO GOL,743,109,127984,0.2525455033387532
TB12631186,CUERPO ACELERACION,734,110,128718,0.2539938750059198
CR3611-ATQ-1658,MOLDURA PANEL INSTRUMENTOS,734,111,129452,0.25544224667308635
FL77020-0K020,MODULO GASOLINA SUMERGIBLE,733,112,130185,0.2568886450818508
FL60307000,BOMBA GASOLINA SUMERGIBLE,719,113,130904,0.2583074178729853
KR96535081,PLATO SUSPENSION,716,114,131620,0.2597202708889134
191411329,COJIN PERNO B E G V,714,115,132334,0.2611291773880373
USNS-1010,"BOMBA DIRECCION HIDRAULICA GOLF IV, JETTA IV, GOL 2011",714,116,133048,0.2625380838871612
FL17040-JN00A,MODULO GASOLINA SUMERGIBLE,709,117,133757,0.2639371240942744
EP21-0512,JUEGO DE CADENA DE DISTRIBUCIÓN,708,118,134465,0.26533419104298545
TRUD319,JGO. PASTILLA DE FRENO,706,119,135171,0.26672731147489226
DK2481023400,TENSOR,702,120,135873,0.26811253887319053
KR27430-23700,CABLE DE BUJIA,700,121,136573,0.2694938197546845
OES-12585-MOBIL,ACEITE MOBIL DELVAC MX 15W40 MEDIA,697,122,137270,0.2708691808609721
PRTK137,KIT DISTRIBUCION,690,123,137960,0.27223072915844476
FL8-97943184-0,MODULO GASOLINA SUMERGIBLE,685,124,138645,0.27358241116390675
DK90500229,POLEA ACCESORIOS,675,125,139320,0.27491436058534735
ALHP-0379,POLEA D H GOLF IV,669,126,139989,0.2762344704563752
PRC1480/C1542,BOBINA ENCENDIDO,667,127,140656,0.27755063381059875
FL31110-1R500,MODULO GASOLINA SUMERGIBLE,665,128,141321,0.2788628506480181
AVM453,JGO. DE RUEDA LIBRE,665,129,141986,0.28017506748543736
TH-1042,"FILTRO ACEITE HYUNDAI, KIA, MITSUBISHI OUTLANDER, HONDA",664,130,142650,0.2814853110644545
96827723,FILTRO AIRE,661,131,143311,0.28278963486826525
USNS-0394,EMPAQUE CABEZOTE AMAROK	AMAROK 2009--->,658,132,143969,0.2840880388968696
WT279980491,VALVULA IAC,657,133,144626,0.2853844696670718
XI-72,FILTRO GASOLINA,655,134,145281,0.28667695392046977
FL770200R020,MODULO GASOLINA SUMERGIBLE,653,135,145934,0.2879654916570635
TB06A133062AB,CUERPO ACELERACION,650,136,146584,0.28924810961845077
TRUD1188S,JGO. PASTILLA DE FRENO,650,137,147234,0.29053072757983806
TRUD1055,JGO. PASTILLA DE FRENO,645,138,147879,0.2918034792492146
FL94740642,MODULO GASOLINA SUMERGIBLE,639,139,148518,0.29306439136817847
TRD5001,KIT DISTRIBUCION,638,140,149156,0.29432333022874013
TRUD864,JGO. PASTILLA DE FRENO,634,141,149790,0.29557437605569326
HP9409,JGO. PASTILLA DE FRENO,630,142,150420,0.29681752884903784
FL42345250,MODULO GASOLINA SUMERGIBLE,625,143,151045,0.29805081535037176
EP20-1345,KIT DISTRIBUCION,619,144,151664,0.2992722623012929
PRKIARIO,REGULADOR PRESION GASOLINA,619,145,152283,0.30049370925221397
DKR1867,BOMBA GASOLINA SUMERGIBLE,618,146,152901,0.301713182944733
TRUDB2002,JGO. PASTILLA DE FRENO,608,147,153509,0.3029129240532306
FLAC2,PREFILTRO,607,148,154116,0.3041106919033261
TRUD831,JGO. PASTILLA DE FRENO,605,149,154721,0.30530451323661734
TRUD1161,JGO. PASTILLA DE FRENO,602,150,155323,0.3064924147947022
EP20-1041,JUEGO DE CORREAS DENTADAS,601,151,155924,0.3076783430943849
TRUD1322,JGO. PASTILLA DE FRENO,600,152,156524,0.30886229813566546
FLE8542,MODULO GASOLINA SUMERGIBLE,599,153,157123,0.3100442799185439
FL96563403,MODULO GASOLINA SUMERGIBLE,599,154,157722,0.3112262617014223
ETBK5003,KIT DISTRIBUCION,596,155,158318,0.3124023237090944
USNS-2115,"CONMUTADOR ENCENDIDO VENTO, GOLF II 1984---1991, GOLF III 1993---1998, GOLF IV 1998---2002, JETTA 1984---1998, PASSAT 19...",596,156,158914,0.3135783857167664
PG0301.L9,CARTER,592,157,159506,0.31474655469082985
CINTAEMBALAJE,CINTA EMBALAJE TRANSP 48MMX1004,589,158,160095,0.31590880388968695
ENLA-2500,GRUPO HORQUILLAS TRANSMISION AMAROK,589,159,160684,0.31707105308854405
FG-6030A,FILTRO GASOLINA,588,160,161272,0.31823132902899903
013311269.1,ANILLO SINCRONIZADO 1 Y 2 GOL,587,161,161859,0.31938963171105184
13780-58B00,FILTRO AIRE,587,162,162446,0.32054793439310464
WT191711190B,ANILLO COJINETE MECANICO CAMBIO MARCHAS,582,163,163028,0.3216963707831468
06A121011H,BOMBA DE AGUA GOLFIV JETTA 20,582,164,163610,0.3228448071731889
TS028-GIN-1811,"RIEL DE INYECCION CON INYECTORES VIRTUS, POLO, T-CROSS",581,165,164191,0.32399127030482894
WT1J0411314R,BUJE BARRA ESTALIBILIZADORA,580,166,164771,0.32513576017806683
FL30SPA088,BOMBA GASOLINA SUMERGIBLE,580,167,165351,0.32628025005130473
97133-G6000,FILTRO AIRE CABINA KIA PICANTO,578,168,165929,0.32742079340773833
AVM456,JGO. DE RUEDA LIBRE,576,169,166505,0.3285573902473677
FL30464038,BOMBA GASOLINA SUMERGIBLE     PEUGEOT RENAULT CITROEN BMW E2,576,170,167081,0.32969398708699704
PR96417177K,BANDA DISTRIBUCION GATES BLANCA,575,171,167656,0.3308286106682242
FL70AMA007,BOMBA GASOLINA SUMERGIBLE,574,172,168230,0.3319612609910493
WT7701041348,TUBO REFRIGERANTE RADIADOR,574,173,168804,0.3330939113138744
FL17040-ET00A,MODULO GASOLINA SUMERGIBLE,568,174,169372,0.33421472208628666
KR0K558-18-140B,JUEGO CABLES DE BUJIA,566,175,169938,0.33533158634189464
DKR1935,BOMBA GASOLINA SUMERGIBLE,566,176,170504,0.33644845059750267
XI-706,FILTRO COMBUSTIBLE,565,177,171069,0.3375633415947085
OES-28130-43600-C,"FILTRO DE AIRE H-100 G-95, MTL-300",563,178,171632,0.33867428607511013
FL1510065D00,MODULO GASOLINA SUMERGIBLE,563,179,172195,0.3397852305555117
CR1921-Z.E-2635,ELEVA VENTANA MANUAL DELA LH,562,180,172757,0.3408942017775112
TRUD2260,JGO. PASTILLA DE FRENO,561,181,173318,0.3420011997411085
OES-9EN0094,ENI I-SINT PROFESSIONAL 10W30 4EC 1QT,561,182,173879,0.34310819770470585
FD-WK939,FILTRO COMBUSTIBLE,560,183,174439,0.34421322240990104
FL127RUT025,BANDA DISTRIBUCION,559,184,174998,0.34531627385669406
FL2310-87403,MODULO GASOLINA SUMERGIBLE,559,185,175557,0.3464193253034871
CR1921-Z.E-2637,ELEVA VENTANA MANUAL DELA LH,558,186,176115,0.34752040349187807
HU7008Z,FILTRO ACEITE,557,187,176672,0.34861950842186684
CR2381-ROD-1631,GUARDAFANGO DELA LH,554,188,177226,0.34971269357664925
PRTK272,KIT DISTRIBUCION,554,189,177780,0.35080587873143165
FLHILUX,SENSOR NIVEL GASOLINA,553,190,178333,0.3518970906278119
FL2034703594,MODULO GASOLINA SUMERGIBLE,553,191,178886,0.35298830252419217
FL77020-02240,MODULO GASOLINA SUMERGIBLE,553,192,179439,0.3540795144205724
FL5N0919087E,MODULO GASOLINA SUMERGIBLE,550,193,179989,0.35516480654174626
DBDD889,JGO. PASTILLA DE FRENO,549,194,180538,0.35624812540451795
FIN16400-4M405,FILTRO INTANK,548,195,181086,0.35732947100888757
TRUD254S,JGO. PASTILLA DE FRENO,544,196,181630,0.3584029235796486
PR1109,REGULADOR PRESION GASOLINA.       AVEO KIA HYUNDAI,542,197,182172,0.3594724296336054
FL31110-G6100,MODULO GASOLINA SUMERGIBLE,541,198,182713,0.36053996242916003
EP20-1840,KIT DISTRIBUCION,540,199,183253,0.3616055219663125
FLAB399H307AD,MODULO GASOLINA COMBUSTIBLE,540,200,183793,0.36267108150346505
FL31110-H7000,MODULO GASOLINA SUMERGIBLE,538,201,184331,0.3637326945238133
ALHP-2266,CABLE EMBRAGUE POLO HATCH 1 4,534,202,184865,0.364786414510553
TRUD766,JGO. PASTILLA DE FRENO,534,203,185399,0.3658401344972927
TRUD888,JGO. PASTILLA DE FRENO,532,204,185931,0.36688990796722815
TRD9001,KIT DISTRIBUCION,532,205,186463,0.36793968143716355
NS111105M000,CARTER,531,206,186994,0.3689874816486969
WT032121110B,TERMOSTATO,531,207,187525,0.37003528186023016
WT032121121K,"TOMA DE AGUA GOL V 1.6, POLO BRASIL 1.6, FOX 1.6",527,208,188052,0.37107518903815495
3BD853601,EMBLEMA DELANTERO PASSAT 98 GOL V,527,209,188579,0.3721150962160797
TRUD1915,JGO. PASTILLA DE FRENO,527,210,189106,0.3731550033940044
DR3222,DISCO FRENO,526,211,189632,0.3741929373135271
FL78880KIT,KIT DE REPARACION SZ NEXT,525,212,190157,0.3752288979746476
ALHP-0428,KIT BANDAS Y TENSOR DISTRIBUCION AMAROK,524,213,190681,0.37626288537736596
FLJ43-1106610,MODULO GASOLINA SUMERGIBLE,524,214,191205,0.3772968727800843
TRUD784,JGO. PASTILLA DE FRENO,524,215,191729,0.37833086018280265
WT2Q0121321,TAPA RESERVORIO,519,216,192248,0.37935498129351036
KR96395500,ELECTROVENTILADOR,519,217,192767,0.380379102404218
PR8253279850,SENSOR OXIGENO,518,218,193285,0.3814012502565236
FL30E2530M,MODULO GASOLINA SUMERGIBLE,518,219,193803,0.38242339810882914
FL47608007,BOMBA GASOLINA,516,220,194319,0.3834415994443304
8-971478609-0,FILTRO AIRE,516,221,194835,0.3844598007798317
FIN17040-JR50A,FILTRO INTANK,515,222,195350,0.3854760288569309
90799322,FILTRO AIRE,515,223,195865,0.38649225693403
WT3B0121321,TAPA RESERVORIO,515,224,196380,0.38750848501112917
1J0823593C,VARILLA CAPOT GOLF IV,515,225,196895,0.38852471308822834
EP20-1251,JUEGO DE CORREAS DENTADAS,514,226,197409,0.3895389679069253
6Q0711303,PALANCA FRENO MANO POLOBR,511,227,197920,0.39054730295041595
FL04578815AE,MODULO GASOLINA SUMERGIBLE,510,228,198430,0.39155366473550446
KR96536522,ELECTROVENTILADOR,510,229,198940,0.3925600265205929
FL17040-8M21B,MODULO GASOLINA SUMERGIBLE,510,230,199450,0.3935663883056814
SP-1222,JGO. PASTILLA DE FRENO,506,231,199956,0.3945648570571613
EP20-1926,JUEGO DE CORREAS DENTADAS,505,232,200461,0.39556135255023916
KR27501-02H00,JUEGO CABLES DE BUJIA,505,233,200966,0.39655784804331695
DBF-028N,MANGUERA BOMBA GASOLINA SUMERGIBLE,504,234,201470,0.3975523702779926
377199339,COJIN AMORTIG VIBRACION MOTOR GOL,500,235,201970,0.3985389994790598
ALHP-0866,RADIADOR DE LA CALEFACCION G V III,500,236,202470,0.3995256286801269
FIN17040-JR40C,FILTRO INTANK,500,237,202970,0.40051225788119404
FL26689547,MODULO GASOLINA SUMERGIBLE,499,238,203469,0.40149691382385905
8-98071424-0,FILTRO AIRE,499,239,203968,0.40248156976652405
EP21-0028,KIT DISTRIBUCION,497,240,204465,0.4034622791923848
FLST1,PREFILTRO,495,241,204960,0.40443904210144127
FL46443198,MODULO GASOLINA SUMERGIBLE,494,242,205454,0.4054138317520956
HP0004,JGO. PASTILLA DE FRENO,494,243,205948,0.40638862140274995
ENLA-2498,MEDIDOR ACEITE AMAROK,492,244,206440,0.4073594645366
DR55211-65D10,DISCO FRENO,492,245,206932,0.4083303076704501
ALHP-0619,VARILLA MEDIR ACEITE GOLF IV AKL AVU AGU,491,246,207423,0.409299177545898
SP-1050,JGO. PASTILLA DE FRENO,490,247,207913,0.4102660741629438
TRUD1405,JGO. PASTILLA DE FRENO,489,248,208402,0.4112309975215874
WT1J0121087C,"TOMA DE AGUA GOLF IV, BORA 2.0 JETTA 2.0",489,249,208891,0.4121959208802311
FL31110-1G000SM,MODULO GASOLINA SUMERGIBLE,489,250,209380,0.4131608442388748
FL6RF919051,MODULO GASOLINA SUMERGIBLE,486,251,209866,0.41411984782231204
DK1754077E10,POLEA TENSORA,486,252,210352,0.4150788514057493
16546-86G00,FILTRO AIRE,485,253,210837,0.41603588173078443
WT06A121121C,TOMA DE AGUA,484,254,211321,0.4169909387974174
131411811,BRIDA RULIMAN EMBRAGUE GOL,483,255,211804,0.4179440226056483
OES-CHEMP-15W40-MC,ACEITE CHEMPIOIL 15W40 TRUCK SYNTHETIC 44198,482,256,212286,0.418895133155477
FL31110-2S000,MODULO GASOLINA SUMERGIBLE,480,257,212766,0.4198422971885014
DK0K97212700,TEMPLADOR BANDA DISTRIBUCION,476,258,213242,0.42078156818791734
FG-0050,FILTRO GASOLINA,476,259,213718,0.4217208391873333
TRUD1089,JGO. PASTILLA DE FRENO,475,260,214193,0.42265813692834703
ET1601-DC-0041,CONO Y CORONA,472,261,214665,0.4235895148941544
28113-08000,FILTRO AIRE,472,262,215137,0.4245208928599618
KR95220-2S000,RELAY LUCES,470,263,215607,0.4254483243089649
WT5Q0121407M,RESERVORIO,469,264,216076,0.42637378249956587
OK551-14-302,FILTRO ACEITE  KIA PREGIO,469,265,216545,0.42729924069016684
XI-27,FILTRO GASOLINA,468,266,217013,0.4282227256223657
WT030109423B,PROPULSOR HIDRAULICO POLO,465,267,217478,0.4291402907793581
KR22441-2X001,TAPA VALVULA,464,268,217942,0.4300558826779484
8EL012430-951,ALTERNADOR,464,269,218406,0.4309714745765387
FL60VW0145,BOMBA GASOLINA SUMERGIBLE,463,270,218869,0.4318850932167269
KIT007,JGO MICROFILTRO,463,271,219332,0.4327987118569151
FL152582,MODULO GASOLINA SUMERGIBLE,462,272,219794,0.4337103572387011
TRUD5001,JGO. PASTILLA DE FRENO,462,273,220256,0.43462200262048717
TRUD1260,JGO. PASTILLA DE FRENO,461,274,220717,0.43553167474387106
XI-02,TAPA MODULO GASOLINA,460,275,221177,0.4364393736088528
TRUD774,JGO. PASTILLA DE FRENO,460,276,221637,0.4373470724738346
XI-85,FILTRO GASOLINA,460,277,222097,0.43825477133881635
PRE414,SOKQUET,459,278,222556,0.439160496945396
AVM463,JGO. DE RUEDA LIBRE,456,279,223012,0.4400603027767692
ALHP-2145,ROTULA M S IZQ POLO FOX,455,280,223467,0.4409581353497403
ALHP-0713,RELAY 30,455,281,223922,0.4418559679227114
TRUD1025,JGO. PASTILLA DE FRENO,455,282,224377,0.4427538004956825
DK1754077E00,POLEA ACCESORIOS,454,283,224831,0.44364965981025145
XI-29,TAPA MODULO GASOLINA SUMERGIBLE,453,284,225284,0.4445435458664183
DBF-033,MANGUERA BOMBA GASOLINA SUMERGIBLE,453,285,225737,0.4454374319225851
WT191598625,KIT RULIMAN RUEDA,452,286,226189,0.4463293447203498
FL30215701,BOMBA GASOLINA SUMERGIBLE,450,287,226639,0.44721731100131024
04,TRANSPORTE QUITO,450,288,227089,0.4481052772822707
FL550TU138,BOMBA GASOLINA SUMERGIBLE,450,289,227539,0.4489932435632311
FG-511A,FILTRO GASOLINA,449,290,227988,0.4498792365857894
DR43512-0K010,DISCO FRENO,449,291,228437,0.4507652296083477
TRUD120,JGO. PASTILLA DE FRENO,448,292,228885,0.45164924937250384
FLMF005KIT,JGO MICROFILTRO,448,293,229333,0.45253326913666
014941521.1,TROMPO DE RETRO GOL 95,446,294,229779,0.4534133423840119
DBF-015,MANGUERA BOMBA GASOLINA SUMERGIBLE,444,295,230223,0.4542894691145595
FL78880,SENSOR NIVEL GASOLINA,441,296,230664,0.4551596760699007
TRUD1324,JGO. PASTILLA DE FRENO,440,297,231104,0.45602790976683977
ETCK5037,KIT DISTRIBUCION,440,298,231544,0.4568961434637789
FLE4056M,MODULO GASOLINA SUMERGIBLE,440,299,231984,0.45776437716071794
FLTUD,PREFILTRO,439,300,232423,0.4586306375992549
06A198012A,JGO EMPAQUES MOTOR GOLF IV 1 8 TURBO,439,301,232862,0.45949689803779187
DK2481026000,TEMPLADOR BANDA DISTRIBUCION,439,302,233301,0.4603631584763288
1J4837462F,LEVANTAVIDRIO ELECT DER,437,303,233738,0.4612254723980615
FLE7199M,MODULO GASOLINA SUMERGIBLE,435,304,234173,0.4620838398029899
KR27501-23B70,JUEGO CABLES DE BUJIA,435,305,234608,0.4629422072079183
ALHP-1061,CILINDRO RECEPTOR EMBRAGUE 16 AKL AVU GOLF IV,435,306,235043,0.4638005746128467
MA96144874,HORQUILLA EMBRAGUE,434,307,235477,0.46465696875937296
PR75002,KIT DISTRIBUCION,434,308,235911,0.46551336290589923
KR97730-25000,ELECTRO VENTILADOR,433,309,236344,0.4663677837940234
KR59760-25000,CABLE FRENO MANO,433,310,236777,0.46722220468214753
FLMF007POR,MICRO FILTRO,430,311,237207,0.46807070579506527
WT037121132E,"TOMA DE AGUA, GOLF 1.8 1995--1998, VENTO 1.8 1992-1999",430,312,237637,0.468919206907983
DBF-16N,MANGUERA BOMBA GASOLINA SUMERGIBLE,429,313,238066,0.4697657347624986
TB07K133062A,CUERPO ACELERACION,428,314,238494,0.4706102893586121
OK011-13-Z40,FILTRO AIRE,428,315,238922,0.47145484395472553
6PU010039-991,SENSOR ABS LH,427,316,239349,0.4722974252924369
DR43512-16070,DISCO FRENO,425,317,239774,0.47313606011334397
PRC1560,BOBINA ENCENDIDO,424,318,240198,0.4739727216758489
ENLA-2493,RODAMIENTO DE AGUJAS GOL ENGRANAJE DE 1ra,424,319,240622,0.4748093832383538
FG-5719,FILTRO GASOLINA AVEO CHEV TAXI,423,320,241045,0.47564407154245664
WT357121321C,TAPA RESERVORIO,423,321,241468,0.4764787598465594
XI-80,FILTRO GASOLINA,423,322,241891,0.47731344815066223
DKR-030-IZ,JGO MOQUETA,422,323,242313,0.4781461631963629
WT8200561420,BASE TERMOSTATO,421,324,242734,0.4789769049836614
HP5266,JGO. PASTILLA DE FRENO,420,325,243154,0.4798056735125578
OES-K30A-34-700C,AMORTIGUADOR DELANT RH.. RIO 01/02,418,326,243572,0.4806304955246499
ALHP-2469,GUARDAPOLVO PALANCA CAMBIOS LARGA,418,327,243990,0.4814553175367421
WT03L121131M,TERMOSTATO,417,328,244407,0.4822781662904321
GM25186958,CARTER,417,329,244824,0.48310101504412206
TH-2825,"FILTRO ACEITE DATSUN, TOYOTA HILUX 80, NISSAN SENTRA B13",416,330,245240,0.4839218905394099
SL96808460,DEPOSITO HIDRAULICO,415,331,245655,0.4847407927762956
PROS4,SENSOR OXIGENO,414,332,246069,0.48555772175477924
FL46443197,MODULO GASOLINA SUMERGIBLE,413,333,246482,0.4863726774748607
321611939E,MANGUERA DE VACIO G V 1 8,412,334,246894,0.48718565993654
EPP513,BOMBA DE AGUA,411,335,247305,0.4879966691398172
KR96312545,FLASHER DIRECCIONAL,411,336,247716,0.4888076783430944
EP20-1677,KIT DISTRIBUCION,410,337,248126,0.48961671428796943
NS11110ED010,CARTER,409,338,248535,0.49042377697444234
KR93740756,REGULADOR ALTERNADOR,408,339,248943,0.4912288664025131
1H4839461A,LEVANTAVIDRIO ELECT POST IZQ G V,406,340,249349,0.49203000931377966
FG-0012,FILTRO GASOLINA,404,341,249753,0.4928272057082419
PRSE94580175,SENSNOR TPS,404,342,250157,0.49362440210270414
DKR-1-RED_L,ROJO LITRO,403,343,250560,0.49441962523876426
FL31110-A0000,MODULO GASOLINA SUMERGIBLE,402,344,250962,0.49521287511642226
FG-2021,FILTRO GASOLINA,401,345,251363,0.4960041517356781
FL30017001,BOMBA GASOLINA SUMERGIBLE,400,346,251763,0.4967934550965318
TRUD401,JGO. PASTILLA DE FRENO,400,347,252163,0.49758275845738553
KR373998031,JUEGO CABLES DE BUJIA,399,348,252562,0.4983700885598371
WT1J0411314R-KIT,KIT BUJE,398,349,252960,0.4991554454038865
305711025.1,KIT BASE PALANCA CAMBIOS GOL,396,350,253356,0.4999368557311317
PR73001N,KIT DISTRIBUCION,396,351,253752,0.5007182660583769
FD-7401,FILTRO GASOLINA,394,352,254146,0.5014957298688177
7865217388258,SERVICIOS LOGISTICOS,394,353,254540,0.5022731936792587
WT1K0121407F,RESERVORIO,392,354,254932,0.5030467109728953
FL70VW51BH,BOMBA GASOLINA SUMERGIBLE,392,355,255324,0.5038202282665319
TY17201-30120,TURBO,391,356,255715,0.5045917723017664
TRUD906,JGO. PASTILLA DE FRENO,391,357,256106,0.5053633163370009
KR49542-28540,GUARDAPOLVO,391,358,256497,0.5061348603722354
FL2E0919050F,MODULO GASOLINA SUMERGIBLE,390,359,256887,0.5069044311490678
HP3004,JGO. PASTILLA DE FRENO,389,360,257276,0.507672028667498
TRUD1303,JGO. PASTILLA DE FRENO,388,361,257664,0.5084376529275262
036103464G,RESPIRADERO ACEITE POLO 1 6,387,362,258051,0.5092013039291521
FL16146752368,BOMBA GASOLINA SUMERGIBLE,386,363,258437,0.509962981672376
FL31110-1M000,MODULO GASOLINA SUMERGIBLE,385,364,258822,0.5107226861571976
FL012VT200,BOMBA GASOLINA SUMERGIBLE,385,365,259207,0.5114823906420194
FLADMAX,SENSOR NIVEL GASOLINA,384,366,259591,0.5122401218684389
PR96394004,SENSOR OXIGENO,382,367,259973,0.5129939065780542
TRU58101-4AA00,JGO. PASTILLA DE FRENO,382,368,260355,0.5137476912876695
ETBK5004,KIT DISTRIBUCION,382,369,260737,0.5145014759972848
5X0121293A,DEFLECTOR SUPERIOR,382,370,261119,0.5152552607069001
1784527,ANTENA TECHO,382,371,261501,0.5160090454165154
FL23537761,MODULO GASOLINA SUMERGIBLE,382,372,261883,0.5167628301261307
WT3254223711,DEPOSITO ACEITE HIDRAULICO,381,373,262264,0.5175146415773438
FLAC8,PREFILTRO,381,374,262645,0.518266453028557
DK1194503G00,POLEA ACCESORIOS,381,375,263026,0.5190182644797702
GM9052786,CARTER,380,376,263406,0.5197681026725812
SP-1079R,JGO. PASTILLA DE FRENO,380,377,263786,0.5205179408653922
TRUD602,JGO. PASTILLA DE FRENO,380,378,264166,0.5212677790582032
FI-A106,FILTRO GASOLINA,380,379,264546,0.5220176172510143
WT6QE121253A,RADIADOR DE AGUA,379,380,264925,0.5227654821854232
EP20-1002,JUEGO DE CORREAS DENTADAS,378,381,265303,0.5235113738614299
TRUD1492,JGO. PASTILLA DE FRENO,378,382,265681,0.5242572655374367
TRUD1572,JGO. PASTILLA DE FRENO,377,383,266058,0.5250011839550413
FL31110-1F980,MODULO GASOLINA SUMERGIBLE,377,384,266435,0.5257451023726459
DR9064210012,DISCO FRENO,376,385,266811,0.5264870475318484
ME017246,FILTRO AIRE,376,386,267187,0.5272289926910508
698286,MASCARILLA REJILLA VENTILACION URANIO,375,387,267562,0.5279689645918513
HP5224,JGO. PASTILLA DE FRENO,375,388,267937,0.5287089364926516
WT6RG955453B,RESERVORIO PLUMAS,374,389,268311,0.5294469351350498
XI-81,FILTRO GASOLINA,374,390,268685,0.530184933777448
EPAP8266,BOMBA AGUA AUXILIAR AMAROK,373,391,269058,0.5309209591614441
TRUD1345,JGO. PASTILLA DE FRENO,373,392,269431,0.5316569845454402
020301227D,ANILLO HERMETICO ARBOL CC GV,370,393,269801,0.5323870901542299
FLSA1,PREFILTRO,370,394,270171,0.5331171957630195
FL162S8M20,BANDA DISTRIBUCION,369,395,270540,0.5338453281134071
5DA358057-891,BOBINA ENCENDIDO,369,396,270909,0.5345734604637946
SL8-97234350-0,DEPOSITO HIDRAULICO,368,397,271277,0.5352996195557801
13780-77E00,FILTRO AIRE,368,398,271645,0.5360257786477655
DKR4835,BOMBA GASOLINA SUMERGIBLE,368,399,272013,0.5367519377397509
DK94580139,TEMPLADOR BANDA DISTRIBUCION,368,400,272381,0.5374780968317363
ETCK2090,KIT DISTRIBUCION,366,401,272747,0.5382003094069174
DR96320531,DISCO FRENO,365,402,273112,0.5389205487236964
FLAC55,TAPA MODULO GASOLINA,364,403,273476,0.5396388147820733
A12-1109111,FILTRO AIRE,363,404,273839,0.5403551075820481
FL68065575AA,MODULO GASOLINA SUMERGIBLE,363,405,274202,0.5410714003820228
FL08453509,BOMBA GASOLINA SUMERGIBLE,362,406,274564,0.5417857199235955
KR27501-24C10,JUEGO CABLES DE BUJIA,362,407,274926,0.542500039465168
HP8451,JGO. PASTILLA DE FRENO,362,408,275288,0.5432143590067406
XI-83,FILTRO GASOLINA,361,409,275649,0.5439267052899112
8DD355134-251,DISCO FRENO DEL.,361,410,276010,0.5446390515730816
WTXS4G9K478BB,BASE TERMOSTATO,360,411,276370,0.54534942459785
FL13503672,MODULO GASOLINA SUMERGIBLE,358,412,276728,0.546055851105814
FL31110-0U000,MODULO GASOLINA SUMERGIBLE,358,413,277086,0.546762277613778
FLMI2,PREFILTRO,357,414,277443,0.54746673086334
KR377998031,JUEGO CABLES DE BUJIA,356,415,277799,0.5481692108544998
FL30919051,MODULO GASOLINA SUMERGIBLE,355,416,278154,0.5488697175872574
OES-9EN0138,ENI I-BASE PLUS 20W50 4EC 1QT,355,417,278509,0.5495702243200151
KR93235772,JUEGO CABLES DE BUJIA,354,418,278863,0.5502687577943707
FL31110-2B000,MODULO GASOLINA SUMERGIBLE,354,419,279217,0.5509672912687262
HP5014,JGO. PASTILLA DE FRENO,353,420,279570,0.5516638514846797
FL31110-1M200,MODULO GASOLINA SUMERGIBLE,353,421,279923,0.552360411700633
8EA011612-641,MOTOR ARRANQUE,353,422,280276,0.5530569719165864
TRUD1146,JGO. PASTILLA DE FRENO,353,423,280629,0.5537535321325399
EPPK06570TH,BOMBA AGUA,353,424,280982,0.5544500923484932
KR25330-3Z000,TAPA RADIADOR,352,425,281334,0.5551446793060445
FS-1407,FILTRO GASOLINA,352,426,281686,0.5558392662635957
FLMR990884,MODULO GASOLINA SUMERGIBLE,350,427,282036,0.5565299067043428
085141165H,RULIMAN EMBRAGUE POLO 1 4,350,428,282386,0.5572205471450897
MA96873725,SELECTOR MARCHAS,349,429,282735,0.5579092143274346
FL15100-76A30,MODULO GASOLINA SUMERGIBLE,348,430,283083,0.5585959082513773
SL96317980,TERMOSTATO METÁLICO,348,431,283431,0.5592826021753201
TRUD1495,JGO. PASTILLA DE FRENO,347,432,283778,0.5599673228408607
FLC05,CONECTOR,347,433,284125,0.5606520435064013
FL1525H8,MODULO GASOLINA SUMERGIBLE,346,434,284471,0.5613347909135397
SP-1181,JGO. PASTILLA DE FRENO,346,435,284817,0.5620175383206781
FLPFS1137,MODULO GASOLINA SUMERGIBLE,344,436,285161,0.5626963392110124
GM95983139,RULIMAN RUEDA,344,437,285505,0.5633751401013466
DK2441026000,TEMPLADOR BANDA DISTRIBUCION,343,438,285848,0.5640519677332786
TRUD1193,JGO. PASTILLA DE FRENO,343,439,286191,0.5647287953652107
WT1C0945511A,INTERRUPTOR LUZ DE FRENO,342,440,286533,0.5654036497387406
DR43206-EM10A,DISCO FRENO,342,441,286875,0.5660785041122706
DK030145299H,POLEA TENSORA,341,442,287216,0.5667513852273983
FL40B13COM,MODULO GASOLINA SUMERGIBLE,341,443,287557,0.5674242663425261
1H0819373,MANGUERA ENTRADA AGUA A A G V 2 0,341,444,287898,0.5680971474576538
OP3010,BOMBA DE ACEITE,340,445,288238,0.5687680553143796
MO5151-OEM-2622,TAPA BANDA DIST. SUP,340,446,288578,0.5694389631711052
USNS-2487,"CHAQUETA DE BIELA AMAROK TSI 2010---2015, TIGUAN (5N_) TFSI 2007---2018, GOLF VI (5K1) 2009---2012, JETTA CLASICO VI 201...",339,447,288917,0.5701078977694287
SL42GR,SILICON,339,448,289256,0.5707768323677522
PR96536522,ELECTRO VENTILADOR,338,449,289594,0.5714437937076736
TRUD867,JGO. PASTILLA DE FRENO,337,450,289931,0.5721087817891929
FL17040-8U002,MODULO GASOLINA SUMERGIBLE,336,451,290267,0.5727717966123099
FL06B109119A,BANDA DE DISTRIBUCION 150S8M23,336,452,290603,0.5734348114354271
FL6R0919051A,MODULO GASOLINA SUMERGIBLE,336,453,290939,0.5740978262585442
TRUD1162,JGO. PASTILLA DE FRENO,335,454,291274,0.5747588678232592
7865217471462,MODULOS DE GALPON 1,334,455,291608,0.575417936129572
TB04E133062K,CUERPO ACELERACION,334,456,291942,0.5760770044358849
XI-50X,FILTRO GASOLINA,333,457,292275,0.5767340994837956
FL70VW1007,BOMBA GASOLINA SUMERGIBLE,333,458,292608,0.5773911945317063
FG-0019,FILTRO GASOLINA,333,459,292941,0.5780482895796171
FLMF003POR,MICRO FILTRO,333,460,293274,0.5787053846275277
EP21-0601,JUEGO DE CADENA DE DISTRIBUCIÓN,333,461,293607,0.5793624796754384
TH-1029,FILTRO ACEITE CHEVROLET DMAX 3.0-2.5CC DIESEL 12-->  3/4 X 16,332,462,293939,0.5800176014649471
PR76532-1,KIT DISTRIBUCION,331,463,294270,0.5806707499960535
ALHP-2448,JUNTA INYECTOR,330,464,294600,0.5813219252687578
CR1921-Z.E-2634,ELEVA VENTANA MANUAL DELA RH,330,465,294930,0.5819731005414621
KRGNP-2313,SELENOIDE ENCENDIDO,330,466,295260,0.5826242758141664
PRZ-IX121,REGULADOR VOLTAJE,329,467,295589,0.5832734778284686
FL5183202AA,MODULO GASOLINA SUMERGIBLE,329,468,295918,0.5839226798427708
FLMF005POR,MICRO FILTRO,328,469,296246,0.5845699085986709
FL31110-4H500,MODULO GASOLINA SUMERGIBLE,328,470,296574,0.5852171373545708
WT93307137,PROTECTOR DISTRIBUCION INF.,328,471,296902,0.5858643661104709
ED0461-TRW-1560,BOMBA DIRECCION HIDRAULICA,327,472,297229,0.5865096216079688
1J0927183,TROMPO PEDAL EMBRAGUE GOLF 01,327,473,297556,0.5871548771054668
WT93388682,PROTECTOR DISTRIBUCION POST.,326,474,297882,0.5877981593445625
FL60160001,MODULO GASOLINA SUMERGIBLE,325,475,298207,0.5884394683252562
FIN17040-JX30A,FILTRO INTANK,325,476,298532,0.5890807773059498
ALHP-1279,CAUCHO B E AMAROK,325,477,298857,0.5897220862866434
WT6N0947563,INTERRUPTOR PUERTA,325,478,299182,0.590363395267337
TRUD1434,JGO. PASTILLA DE FRENO,324,479,299506,0.5910027309896285
TRUD1156V,JGO. PASTILLA DE FRENO,324,480,299830,0.5916420667119201
13780-62B00,FILTRO AIRE,324,481,300154,0.5922814024342116
307411309.6,BARRA ESTABILIZADORA GOL,324,482,300478,0.592920738156503
FL5PK,PREFILTRO,322,483,300800,0.5935561273619903
XI-155,PORTA FILTRO COMBUSTIBLE,321,484,301121,0.5941895433090754
XI-75,BASE FILTRO COMBUSTIBLE-CH.,320,485,301441,0.5948209859977583
SL90566947,VALVULA CALEFACCION,320,486,301761,0.5954524286864413
CR2741-OEM-2626,GUARDABARROS RH DELA,320,487,302081,0.5960838713751243
DR43512-52120,DISCO FRENO,318,488,302399,0.596711367547003
FG-0578,FILTRO GASOLINA,317,489,302716,0.5973368904604796
FL60MAZ165,BOMBA GASOLINA SUMERGIBLE,316,490,303032,0.597960440115554
HP9189,JGO. PASTILLA DE FRENO,316,491,303348,0.5985839897706284
WT036133062P,CUERPO ACELERACION,315,492,303663,0.5992055661673007
XI-40,FILTRO GASOLINA,315,493,303978,0.5998271425639731
OES-12586,MOBIL DELVAC MX 15W40 CANECA,314,494,304292,0.6004467457022432
XI-51,FILTRO GASOLINA,313,495,304605,0.6010643755821112
FL7702012450,MODULO GASOLINA SUMERGIBLE,313,496,304918,0.6016820054619793
DR96456494,KIT REPARACION FRENOS,313,497,305231,0.6022996353418473
TRUD296S,JGO. PASTILLA DE FRENO,313,498,305544,0.6029172652217153
FLAC6,PREFILTRO,313,499,305857,0.6035348951015833
FLAC42,SENSOR NIVEL GASOLINA,312,500,306169,0.6041505517230492
FLBL63,BOBINA ENCENDIDO,311,501,306480,0.604764235086113
TRUD828,JGO. PASTILLA DE FRENO,311,502,306791,0.6053779184491768
ETCK5036,KIT  DISTRIBUCION,311,503,307102,0.6059916018122405
FLVW1,PREFILTRO,311,504,307413,0.6066052851753043
EP20-1440,JUEGO DE CORREAS DENTADAS,310,505,307723,0.6072169952799659
7C3Z9601A,FILTRO AIRE,310,506,308033,0.6078287053846275
1H0959565,CONMUTADOR ESPEJO ELECTRICO G V,309,507,308342,0.608438442230887
5DA358168-431,BOBINA ENCENDIDO,309,508,308651,0.6090481790771465
TH-8,FILTRO ACEITE FORD STOUT 3/4 X 16,309,509,308960,0.609657915923406
KR0K95H-18-14XA,JUEGO CABLES DE BUJIA,308,510,309268,0.6102656795112633
1J0253115J,JUNTA TUBO ESCAPE GOLF IV APK,306,511,309574,0.6108694965823165
PROS3,SENSOR OXIGENO,306,512,309880,0.6114733136533695
FG-3081,FILTRO GASOLINA,305,513,310185,0.6120751574660205
DK1281071C00,TEMPLADOR BANDA DISTRIBUCION,305,514,310490,0.6126770012786714
PROS1,SENSOR OXIGENO,305,515,310795,0.6132788450913224
WT2GB121253A,RADIADOR,304,516,311099,0.6138787156455712
FL30028100,BOMBA GASOLINA SUMERGIBLE,304,517,311403,0.61447858619982
T11-1109111LA1BQ,FILTRO AIRE,303,518,311706,0.6150764834956667
HP5232,JGO. PASTILLA DE FRENO,303,519,312009,0.6156743807915134
EP20-1749,JUEGO DE CORREAS DENTADAS,302,520,312311,0.616270304828958
TRUD1238,JGO. PASTILLA DE FRENO,302,521,312613,0.6168662288664025
WT1H0711574,KIT REPARACION SELECTOR MARCHAS,302,522,312915,0.6174621529038471
CR5971-AUT-1618,PANEL PLUMAS,302,523,313217,0.6180580769412917
FL1525Q7,MODULO GASOLINA SUMERGIBLE,301,524,313518,0.618652027720334
FL4012V106,BOMBA GASOLINA CUADRADA UNIVERSAL =40106,301,525,313819,0.6192459784993765
EP34-3000,RECEPTOR RULIMAN DE CAJA COJINETE,300,526,314119,0.6198379560200167
EP21-0620,JUEGO DE CADENA DE DISTRIBUCIÓN,300,527,314419,0.620429933540657
1H1721335A,CABLE EMBRAGUE G V AUTOMATICO,300,528,314719,0.6210219110612973
DR96312560,DISCO FRENO,300,529,315019,0.6216138885819376
FL23217-21010,PREFILTRO,300,530,315319,0.6222058661025779
SL96314169,RESERVORIO,300,531,315619,0.6227978436232181
TRUD1441,JGO. PASTILLA DE FRENO,300,532,315919,0.6233898211438584
ALHP-1005,JGO SOPORTE RULIMAN AMORT GOLF IV GOL V,300,533,316219,0.6239817986644988
ALHP-0692,RULIMAN EMBRAGUE G A S,300,534,316519,0.624573776185139
1J4837462H,LEVANTAVIDRIO ELECT DEL DER CON BASE,300,535,316819,0.6251657537057793
FLSZ5,PREFILTRO,300,536,317119,0.6257577312264195
DKR1494,BOMBA GASOLINA SUMERGIBLE,299,537,317418,0.6263477354886577
HP5162,JGO. PASTILLA DE FRENO,298,538,317716,0.6269357664924937
XI-30,FILTRO GASOLINA,298,539,318014,0.6275237974963297
FL1J0919051J,MODULO GASOLINA SUMERGIBLE,298,540,318312,0.6281118285001658
03L115264A,BANDA BOMBA DE ACEITE AMAROK,297,541,318609,0.6286978862455996
HP2003,JGO. PASTILLA DE FRENO,297,542,318906,0.6292839439910335
XI-01,FILTRO GASOLINA,297,543,319203,0.6298700017364673
PR76183,KIT DISTRIBUCION,296,544,319499,0.6304540862234992
FG-9580,FILTRO GASOLINA,296,545,319795,0.6310381707105309
5X0412319,PLATO SUPERIOR AMORTIG DEL GOL,295,546,320090,0.6316202819391605
VW1H0199609G,BASE MOTOR,295,547,320385,0.6322023931677901
FLLF1T-13-35ZC,MODULO GASOLINA SUMERGIBLE,295,548,320680,0.6327845043964198
1H0959481B,TERMOSWICHT G V PC ALEMAN,294,549,320974,0.6333646423666472
TRUD349,JGO. PASTILLA DE FRENO,294,550,321268,0.6339447803368746
TRUD1216,JGO. PASTILLA DE FRENO,293,551,321561,0.6345229450487
PRE240,SOKQUET,292,552,321853,0.6350991365021232
HP0041,JGO. PASTILLA DE FRENO,291,553,322144,0.6356733546971443
TRUD1399,JGO. PASTILLA DE FRENO,290,554,322434,0.6362455996337633
SL217114U00A,RESERVORIO,290,555,322724,0.6368178445703822
FLPFS488,MODULO GASOLINA SUMERGIBLE,290,556,323014,0.6373900895070012
FL01063B01,BOMBA GASOLINA SUMERGIBLE,289,557,323303,0.6379603611852179
FL172025090R,BOMBA GASOLINA SUMERGIBLE,289,558,323592,0.6385306328634347
SL90322216,TUBO CALECFACCION,288,559,323880,0.6390989312832493
DR8-98006259-C,DISCO FRENO DEL VENT D-MAX 3.0 3.5 4WD 02 279,288,560,324168,0.6396672297030641
EP20-1178,KIT DISTRIBUCION,288,561,324456,0.6402355281228788
FL17040-4BA1A,MODULO GASOLINA SUMERGIBLE,288,562,324744,0.6408038265426934
HP3009,JGO. PASTILLA DE FRENO,287,563,325031,0.6413701517041059
ALHP-1421,CILINDRO PRINCIPAL DE FRENOS G V,286,564,325317,0.6419345036071163
TRUD1095,JGO. PASTILLA DE FRENO,285,565,325602,0.6424968822517246
TB03F133062B,CUERPO ACELERACION,285,566,325887,0.6430592608963329
FL30307403,MODULO GASOLINA SUMERGIBLE,284,567,326171,0.6436196662825391
PR496,AUTOMATICO ARRANQUE,284,568,326455,0.6441800716687451
ETBK0033,KIT DISTRIBUCION,284,569,326739,0.6447404770549513
1J0721174C,CAUCHO PEDAL EMBRAGUE,283,570,327022,0.6452989091827553
1109101-K08-A1,FILTRO AIRE,282,571,327304,0.6458553680521572
TRUD320,JGO. PASTILLA DE FRENO,281,572,327585,0.646409853663157
FI-2F000,TAPA MODULO GASOLINA,281,573,327866,0.6469643392741566
FL31112-C9100,FILTRO GASOLINA,281,574,328147,0.6475188248851563
FL2034702394,MODULO GASOLINA SUMERGIBLE,281,575,328428,0.6480733104961561
DR18060665,DISCO FRENO,280,576,328708,0.6486258228487537
WT056105313C,RULIMAN CIGUENAL MOTRIZ,280,577,328988,0.6491783352013513
TH-2849A,FILTRO ACEITE MAZDA PICK UP BT-50,280,578,329268,0.6497308475539488
KR0K2A2-67-740,RELAY LUCES,280,579,329548,0.6502833599065465
8-97062294-0,FILTRO AIRE,280,580,329828,0.6508358722591441
EP20-2050,KIT BANDA ALTERNADOR,280,581,330108,0.6513883846117416
KRNP1147A,JUEGO CABLES DE BUJIA,279,582,330387,0.6519389237059371
EP20-1721,JUEGO DE CORREAS DENTADAS,278,583,330665,0.6524874895417304
HP8230,JGO. PASTILLA DE FRENO,278,584,330943,0.6530360553775238
KR21310-26650,BOMBA ACEITE,278,585,331221,0.6535846212133172
SL24253434,CARTER CAJA DE CAMBIO,278,586,331499,0.6541331870491105
WT5C0121251E,RADIADOR DE AGUA,277,587,331776,0.6546797796265017
KR59770-25000,CABLE FRENO MANO,277,588,332053,0.6552263722038928
FLFILSENTRA,FILTRO GASOLINA SUMERGIBLE,275,589,332328,0.6557690182644798
TRU55810-76A01,JGO. PASTILLA DE FRENO,275,590,332603,0.6563116643250667
FL31110-2P000,MODULO GASOLINA SUMERGIBLE,274,591,332877,0.6568523371272514
WT5QM121251A,RADIADOR DE AGUA,274,592,333151,0.6573930099294363
34810-65J00,SENSOR NIVEL GASOLINA,273,593,333424,0.6579317094732189
ETCK5035,KIT DISTRIBUCION,272,594,333696,0.6584684357585995
FL30CHN003,BOMBA GASOLINA SUMERGIBLE,272,595,333968,0.65900516204398
EP20-1068,JUEGO DE CORREAS DENTADAS,272,596,334240,0.6595418883293606
KRGNR-M022,REGULADOR ALTERNADOR,272,597,334512,0.660078614614741
FL77020-0D010,MODULO GASOLINA SUMERGIBLE,271,598,334783,0.6606133676417194
14311561111,HORQUILLA 1RA Y 2DA ALTERNA,271,599,335054,0.6611481206686978
EP20-X201,KIT DISTRIBUCION,271,600,335325,0.6616828736956762
CAV296KIT,FILTRO GASOLINA UNIVERSAL,270,601,335595,0.6622156534642525
DRUM5133251,DISCO FRENO,270,602,335865,0.6627484332328287
FL0K2DJ1335Z,MODULO GASOLINA SUMERGIBLE,270,603,336135,0.663281213001405
WT027109675,RETEN VALVULAS,269,604,336404,0.6638120195115791
CR1931-OEM-2628,EMBLEMA DELA,268,605,336672,0.6643408527633511
FIN31112-1CA00,FILTRO INTANK,268,606,336940,0.6648696860151231
WT191407182,BUJE MESA SUSPENSION,268,607,337208,0.6653985192668951
PRC1200,BOBINA ENCENDIDO,267,608,337475,0.6659253792602648
KR92060980,JUEGO CABLES DE BUJIA,266,609,337741,0.6664502659952326
5X0857551,PARASOL GOL IZQ PROMOCION,266,610,338007,0.6669751527302004
DK90412783,TEMPLADOR BANDA DISTRIBUCION,266,611,338273,0.667500039465168
FL17040-1HK0B,MODULO  GASOLINA SUMERGIBLE,264,612,338537,0.6680209796833315
DK90411769,TEMPLADOR BANDA DISTRIBUCION,264,613,338801,0.6685419199014949
PRAC7180,VALVULA IAC,264,614,339065,0.6690628601196584
FLCHR160COM,MODULO GASOLINA SUMERGIBLE,263,615,339328,0.6695818270794197
28113-2S000,FILTRO AIRE,263,616,339591,0.670100794039181
ALHP-2146,ROTULA M S DER POLO FOX,262,617,339853,0.6706177877405401
1J0698123DS,KIT REPARO MORDAZA DEL,262,618,340115,0.6711347814418994
020311113B,RETEN ACEITE MOTRIZ C C G V 2 0,261,619,340376,0.6716498018848565
OES-S58101A-C,ZAPATAS DE FRENO,261,620,340637,0.6721648223278135
VW032103601AA,CARTER,260,621,340897,0.6726778695123684
WT052905225C,ROTOR DE DISTRIBUIDOR,260,622,341157,0.6731909166969233
SL90457648,VALVULA CALECFACCION,260,623,341417,0.6737039638814782
FL6090809R,BOMBA GASOLINA SUMERGIBLE,260,624,341677,0.6742170110660332
FL40VSZ045,BOMBA GASOLINA SUMERGIBLE,259,625,341936,0.674728084992186
FG-0014,FILTRO GASOLINA,258,626,342194,0.6752371856599365
DK96184932,POLEA TENSORA,258,627,342452,0.6757462863276872
TRUD768,JGO. PASTILLA DE FRENO,257,628,342709,0.6762534137370357
FLAC72,TAPA BOMBA GASOLINA,257,629,342966,0.6767605411463842
FL31110-0X000,MODULO GASOLINA SUMERGIBLE,256,630,343222,0.6772656952973306
OES-9EN0042,ENI I-SIGMA MULTI 15W40 4EC,256,631,343478,0.6777708494482769
ALHP-0789,GUARDAPOLVO PUNTA EJE GOLF,256,632,343734,0.6782760035992234
DR96328338,DISCO FRENO,255,633,343989,0.6787791844917676
WT06A109108S,PROTECTOR DISTRIBUCION SUP.,253,634,344242,0.6792784188675075
WT3251212531,RADIADOR,253,635,344495,0.6797776532432475
WT048109173D,PROTECTOR DISTRIBUCION SUP.,252,636,344747,0.6802749143605853
FL080E2035,BOMBA GASOLINA SUMERGIBLE,252,637,344999,0.6807721754779232
PRCM1T227,BOBINA ENCENDIDO,251,638,345250,0.6812674633368588
ALHP-0609,SENSOR TEMPERATURA 2 PATAS POLO,251,639,345501,0.6817627511957945
FL77020-0K390,MODULO GASOLINA SUMERGIBLE,251,640,345752,0.6822580390547303
17801-38051,FILTRO AIRE,250,641,346002,0.6827513536552638
RDUM5133047,RULIMAN RUEDA,249,642,346251,0.6832426949973953
TRUD1264,JGO. PASTILLA DE FRENO,246,643,346497,0.6837281165643203
PRTPS112,SENSOR CKP,246,644,346743,0.6842135381312454
KR96288956,JUEGO CABLES DE BUJIA,246,645,346989,0.6846989596981704
SL25622-02566,TERMOSTATO PLÁSTICO,244,646,347233,0.6851804347482912
CAV 296 KIT,FILTRO GASOLINA UNIVERSAL,244,647,347477,0.6856619097984119
DK377145299,POLEA TENSORA,244,648,347721,0.6861433848485327
WT037906457E,VALVULA IAC,244,649,347965,0.6866248598986534
ETBK5002,KIT DISTRIBUCION,244,650,348209,0.6871063349487743
TRUD297,JGO. PASTILLA DE FRENO,244,651,348453,0.687587809998895
KR54530-22A00,ROTULA SUSPENSION,244,652,348697,0.6880692850490158
FL15100-78F00,MODULO GASOLINA SUMERGIBLE,244,653,348941,0.6885507600991365
FLTUG,PREFILTRO,244,654,349185,0.6890322351492573
WT014141701E,HORQUILLA EMBRAGUE,243,655,349428,0.6895117369409759
TRUD397,JGO. PASTILLA DE FRENO,242,656,349670,0.6899892654742924
ED0271-GRA-1975,PLATO BASE AMORTIGUADOR DELA,242,657,349912,0.6904667940076089
FL400AC001,BOMBA GASOLINA SUMERGIBLE,242,658,350154,0.6909443225409254
TRUD1181,JGO. PASTILLA DE FRENO,242,659,350396,0.6914218510742419
USNS-0553,"EMPAQUE CABEZOTE MOTOR APK BORA, JETTA, GOLF IV 1.8-2.0cc",241,660,350637,0.6918974063491562
DR90497879,DISCO FRENO,241,661,350878,0.6923729616240706
FL42TRD003,BOMBA GASOLINA SUMERGIBLE,240,662,351118,0.6928465436405828
8TF358146-621,BOMBA GASOLINA SUMERGIBLE,240,663,351358,0.693320125657095
037121065L,CANERIA DE AGUA GOLF VENTO,240,664,351598,0.6937937076736073
XI-08,FILTRO GASOLINA,240,665,351838,0.6942672896901195
FG-9123,FILTRO GASOLINA,240,666,352078,0.6947408717066317
FL300TU200,MODULO GASOLINA SUMERGIBLE,240,667,352318,0.6952144537231439
WP96352650,BOMBA AGUA,240,668,352558,0.6956880357396562
FL4012V120,BOMBA GASOLINA,239,669,352797,0.6961596444977662
SL90566948,VALVULA CALEFACCION,239,670,353036,0.6966312532558764
FL31110-26500,MODULO GASOLINA SUMERGIBLE,239,671,353275,0.6971028620139864
KR27501-26D00,JUEGO CABLES DE BUJIA,239,672,353514,0.6975744707720966
TRUD889,JGO. PASTILLA DE FRENO,239,673,353753,0.6980460795302066
CR1391-ORI-2633,CERRADURA PUERTA DELA LH,238,674,353991,0.6985157150299146
FLMF006KIT,JGO MICROFILTRO  MAZDA BT-50,238,675,354229,0.6989853505296225
WT6Q0411315E,BARRA ESTABILIZADORA,237,676,354466,0.6994530127709284
WT3051210632,MANGUERA REFRIGERANTE INF.,237,677,354703,0.6999206750122342
EP21-0589,JUEGO DE CADENA DE DISTRIBUCIÓN,237,678,354940,0.70038833725354
DR3172,DISCO FRENO,237,679,355177,0.7008559994948459
KR96211948,JUEGO CABLES DE BUJIA,237,680,355414,0.7013236617361517
PR76536,KIT DISTRIBUCION,236,681,355650,0.7017893507190553
ALHP-2458,SELECTOR DE MARCHAS,236,682,355886,0.702255039701959
COR2,FILTRO GASOLINA,236,683,356122,0.7027207286848628
PR76582,KIT DISTRIBUCION,236,684,356358,0.7031864176677665
DR40206-EM10A,DISCO FRENO,236,685,356594,0.7036521066506701
TRUD510,JGO. PASTILLA DE FRENO,236,686,356830,0.7041177956335738
WT377412329,BASE AMORTIGUADOR CON RODAMIENTO,236,687,357066,0.7045834846164775
TRUD402,JGO. PASTILLA DE FRENO,236,688,357302,0.7050491735993812
TRUD1393,JGO. PASTILLA DE FRENO,236,689,357538,0.7055148625822849
ALHP-1427,JGO PASTILLAS GTI VENTO 2000 PD329,235,690,357773,0.7059785783067865
1J4837461H,LEVANTAVIDRIO ELECTR DEL LH CON BASE,234,691,358007,0.7064403207728859
FLSA2,PREFILTRO,234,692,358241,0.7069020632389853
FLAX1,PREFILTRO,234,693,358475,0.7073638057050847
FI-Y922,FILTRO GASOLINA,234,694,358709,0.7078255481711841
EP20-1160,JUEGO DE CORREAS DENTADAS,233,695,358942,0.7082853173788815
1500A098,FILTRO AIRE,233,696,359175,0.7087450865865786
FL0824000B,BOMBA GASOLINA SUMERGIBLE,233,697,359408,0.709204855794276
TH-28N,FILTRO ACEITE ISUZU NKR/NHR M26 X 1.5,233,698,359641,0.7096646250019732
FL4018DMAX,BOMBA GASOLINA SUMERGIBLE,232,699,359873,0.7101224209512684
KR96460220,JUEGO CABLES DE BUJIA,231,700,360104,0.7105782436421614
SL2562023610,TERMOSTATO METÁLICO,231,701,360335,0.7110340663330544
SE94460-1R000,SENSOR NIVEL GASOLINA,231,702,360566,0.7114898890239475
327823397.1,PRESILLA VARILLA APOYO CAPOT GOL,230,703,360796,0.7119437384564383
FL4001R050,BOMBA GASOLINA SUMERGIBLE,229,704,361025,0.7123956146305271
TR3731-OEM-2624,PINON 3ERA C/CAMBIO,229,705,361254,0.7128474908046158
030145299F,POLEA TENSOR B ALT POLO 1 6 BR S A,229,706,361483,0.7132993669787046
FL31110-F3500,MODULO GASOLINA SUMERGIBLE,229,707,361712,0.7137512431527934
EP20-1442,KIT DISTRIBUCION,228,708,361940,0.71420114606848
056919081C,TROMPO PRESION ACEITE BAJA G VCAFE,228,709,362168,0.7146510489841665
325422375.1,TAPA DEPOSITO HIDRAULICO,228,710,362396,0.7151009518998532
AVM454,JGO. DE RUEDA LIBRE,227,711,362623,0.7155488815571377
FL17040-95F0B,MODULO GASOLINA SUMERGIBLE,227,712,362850,0.7159968112144222
WT030115636D,TUBO ALOJAMIENTO,227,713,363077,0.7164447408717066
PR93231759,SENSOR OXIGENO,227,714,363304,0.7168926705289911
FG-312,FILTRO GASOLINA,226,715,363530,0.7173386269278734
FL60GRJ235,BOMBA GASOLINA SUMERGIBLE,226,716,363756,0.7177845833267558
ALHP-2471,SENSOR DE OXIGENO,226,717,363982,0.7182305397256381
FL9628163780,MODULO GASOLINA SUMERGIBLE,226,718,364208,0.7186764961245204
TR3731-OEM-0023,ARBOL MOTRIZ CAJA CAMBIO,226,719,364434,0.7191224525234029
5DA193175-481,BOBINA ENCENDIDO,225,720,364659,0.719566435663883
TB24113040,CUERPO ACELERACION,225,721,364884,0.7200104188043632
DK96350550,TEMPLADOR BANDA DISTRIBUCION,225,722,365109,0.7204544019448434
24103565,FILTRO ACEITE SAIL 2012 2017 1.4 N200 N300 M18X1.5,224,723,365333,0.7208964118269215
WT050109175A,PROTECTOR BANDA DISTRIBUCION INF.,224,724,365557,0.7213384217089996
FL8V51-9H307-DA,MODULO DE GASOLINA SUMERGIBLE,223,725,365780,0.7217784583326756
KR0K2A1-61-710A,ELECTROVENTILADOR,223,726,366003,0.7222184949563515
FLORING001,ORING INYECTOR,222,727,366225,0.7226565583216253
WT823199381B,BASE MOTOR GOL,222,728,366447,0.7230946216868992
WT1J0412331CS,BASE AMORTIGUADOR,222,729,366669,0.7235326850521729
TRUD530,JGO. PASTILLA DE FRENO,222,730,366891,0.7239707484174468
TRUD556,JGO. PASTILLA DE FRENO,221,731,367112,0.7244068385243184
8DD355117-151,DISCO FRENO DEL.,221,732,367333,0.7248429286311902
KR95225-2D000,RELAY LUCES,221,733,367554,0.7252790187380618
FL122ZA20,BANDA DISTRIBUCION LUV 2.3 GATES T122,221,734,367775,0.7257151088449335
SL96273608,TUBO CALECFACCION,221,735,367996,0.7261511989518051
PRE254,SOKQUET,221,736,368217,0.7265872890586769
1C0945511A,INTERRUPTOR LUZ FRENO GLFIV POLO JETTA,220,737,368437,0.7270214059071464
EP20-1237,JUEGO DE CORREAS DENTADAS,220,738,368657,0.7274555227556159
TRUD1316,JGO. PASTILLA DE FRENO,219,739,368876,0.7278876663456832
SQ-1284,SOCKET ELÉCTRICO,218,740,369094,0.7283178366773486
KR24578253,JUEGO DE CABLES DE BUJIA,218,741,369312,0.7287480070090139
6PU009163-491,SENSOR POSICION CIGUENAL,218,742,369530,0.7291781773406791
TB07K133062B,CUERPO ACELERACION,218,743,369748,0.7296083476723444
TRUD1215,JGO. PASTILLA DE FRENO,218,744,369966,0.7300385180040097
WT03L103469F,TAPA VALVULAS,217,745,370183,0.7304667150772728
DKR2737,BOMBA GASOLINA SUMERGIBLE,216,746,370399,0.7308929388921338
FD-7401G,FILTRO COMBUSTIBLE,216,747,370615,0.7313191627069948
FLAC3,PREFILTRO,215,748,370830,0.7317434132634537
4RV008188-461,RELAY PRECALIENTAMIENTO,214,749,371044,0.7321656905615104
6Q0407183,BUJE MESA GRANDE POLO,214,750,371258,0.7325879678595671
DR0K01133251D,DISCO FRENO,214,751,371472,0.7330102451576239
GLYSANTING48 LITRO,REFRIGERANTE,213,752,371685,0.7334305491972785
FL60DMAX60,BOMBA GASOLINA SUMERGIBLE,213,753,371898,0.7338508532369331
USNS-0271,"JGO DE RINES STANDAR BAH FOX (5Z1,5Z3,5Z4) 1.6 CROSSFOX, GOL V 1.6 CFZA 2009--->, POLO (9N_, 9A_) 1.6 2002---2005",213,754,372111,0.7342711572765876
TRD4039,KIT DISTRIBUCION,213,755,372324,0.7346914613162423
SP-1194,JGO. PASTILLA DE FRENO,212,756,372536,0.7351097920974947
1H685714701C,MANIJA GUANTERA G V,212,757,372748,0.7355281228787472
FG-55AB,FILTRO GASOLINA,211,758,372959,0.7359444804015975
FL1J0919051,SENSOR NIVEL GASOLINA,211,759,373170,0.7363608379244478
FL4012V14P,BOMBA GASOLINA,211,760,373381,0.7367771954472982
28113-D3300,FILTRO AIRE,211,761,373592,0.7371935529701485
EP20-1728,JUEGO DE CORREAS DENTADAS,210,762,373802,0.7376079372345967
XI-17,FILTRO GASOLINA,210,763,374012,0.7380223214990449
FLSP14,SENSOR NIVEL GASOLINA,210,764,374222,0.7384367057634932
1109101-k80,FILTRO AIRE,210,765,374432,0.7388510900279414
FL17040-ED80A,MODULO GASOLINA SUMERGIBLE,209,766,374641,0.7392635010339874
TRUD436,JGO. PASTILLA DE FRENO,209,767,374850,0.7396759120400335
FLE2541M,MODULO GASOLINA SUMERGIBLE,209,768,375059,0.7400883230460795
TRUD1116,JGO. PASTILLA DE FRENO,209,769,375268,0.7405007340521256
KR95550-39000,RELAY LUCES,209,770,375477,0.7409131450581716
7865217374831,REFRIGERADORA 16 370LT IND TOP,209,771,375686,0.7413255560642177
TB55561495,CUERPO ACELERACION,208,772,375894,0.7417359938118616
FL1106100BK00XA,MODULO GASOLINA SUMERGIBLE,208,773,376102,0.7421464315595055
WT03L906054A,TROMPO PRESION COMBUSTIBLE,208,774,376310,0.7425568693071495
TRUD465,JGO. PASTILLA DE FRENO,207,775,376517,0.7429653337963913
EP21-0389,JUEGO DE CADENA DE DISTRIBUCIÓN,207,776,376724,0.7433737982856331
ALHP-1103,TERMOSWICHT GOLF IV,207,777,376931,0.7437822627748749
GM93285974,SENSOR NIVEL GASOLINA,206,778,377137,0.7441887540057146
WT026906161,TROMPO TEMPERATURA,206,779,377343,0.7445952452365542
058109611E,VALVULA ESCAPE GOLF IV 1 8 TURBO,205,780,377548,0.7449997632089917
FL17040-4EF1A,MODULO GASOLINA SUMERGIBLE,205,781,377753,0.7454042811814293
028103500,CAUCHO DESFOGUE T V,205,782,377958,0.7458087991538668
WT068117021B,RADIADOR ACEITE,205,783,378163,0.7462133171263043
SL25620-23000,TERMOSTATO METÁLICO,205,784,378368,0.7466178350987418
XI-84,FILTRO GASOLINA,205,785,378573,0.7470223530711794
PR76531,KIT DISTRIBUCION,204,786,378777,0.7474248977852148
FL93285976,SEMI MODULO GASOLINA SUMERGIBLE,204,787,378981,0.7478274424992502
FLSEN,PREFILTRO,203,788,379184,0.7482280139548835
USNS-2482,"TAPA DEPOSITO REFRIGERANTE BEETLE 2012---2019, GOL V 2009--->, GOLF VII 2012---2017M JETTA 2017--->, PASSAT 2005--...",203,789,379387,0.7486285854105167
WT1K0122291A,ACOPLE REFRIGERANTE,202,790,379589,0.7490271836077478
GM96420303,TAPA DEPOSITO AGUA RADIADOR,202,791,379791,0.7494257818049789
SL13502353,TAPA RESERVORIO,201,792,379992,0.749822406743808
EP20-1917,JUEGO DE CORREAS DENTADAS,201,793,380193,0.7502190316826369
FLDMAXDD,SENSOR NIVEL GASOLINA,200,794,380393,0.7506136833630638
WT036103464G,VALVULA PCV,200,795,380593,0.7510083350434906
FL60CHR160,MODULO GASOLINA SUMERGIBLE,200,796,380793,0.7514029867239175
TRUD1592,JGO. PASTILLA DE FRENO,200,797,380993,0.7517976384043443
FL35IZU200,BOMBA GASOLINA SUMERGIBLE,200,798,381193,0.7521922900847712
FL77020-0K030,MODULO GASOLINA SUMERGIBLE,200,799,381393,0.752586941765198
032129620B,FILTRO DE AIRE,199,800,381592,0.7529796201872228
GM652148,CARTER,199,801,381791,0.7533722986092475
FLK30A1335Z,MODULO GASOLINA SUMERGIBLE,199,802,381990,0.7537649770312722
TRD4001,KIT DISTRIBUCION,199,803,382189,0.7541576554532969
KR96305387,JUEGO CABLES DE BUJIA,199,804,382388,0.7545503338753217
ST3891-TDE-0222,POLEA BOMBA DIRECCION,199,805,382587,0.7549430122973464
TB9023782,CUERPO ACELERACION,199,806,382786,0.7553356907193711
FL30453432,BOMBA GASOLINA SUMERGIBLE,198,807,382984,0.7557263958829936
XI-34,FILTRO GASOLINA,198,808,383182,0.7561171010466162
FL30SENR15,BOMBA GASOLINA SUMERGIBLE,198,809,383380,0.7565078062102388
ALHP-0220,BOMBA DE AGUA POLO 16,198,810,383578,0.7568985113738614
TRUD9017,JGO. PASTILLA DE FRENO,198,811,383776,0.757289216537484
WT032121113,TERMOSTATO 87º,198,812,383974,0.7576799217011067
FG-3480,FILTRO GASOLINA,197,813,384171,0.758068653606327
SL164700C070,RESERVORIO,197,814,384368,0.7584573855115475
5-87310455-0,FILTRO AIRE,197,815,384565,0.758846117416768
5DA358000-651,BOBINA ENCENDIDO,197,816,384762,0.7592348493219884
KR0KL02-10-155,RETEN VALVULAS,197,817,384959,0.7596235812272089
FLE4036M,MODULO GASOLINA SUMERGIBLE,197,818,385156,0.7600123131324293
SE94460-0X000,SENSOR NIVEL GASOLINA,196,819,385352,0.7603990717792476
760655,LETRA EMBLEMA SAVEIRO,195,820,385547,0.7607838571676638
DKR3047,BOMBA GASOLINA SUMERGIBLE FORSA,195,821,385742,0.76116864255608
026109107B,PROTECTOR SUP B D G V 1 8,195,822,385937,0.7615534279444962
FL31110-3X500,MODULO GASOLINA SUMERGIBLE,195,823,386132,0.7619382133329123
FLFILAVEO,FILTRO GASOLINA SUMERGIBLE,194,824,386326,0.7623210254629265
FLE3500M,MODULO GASOLINA SUMERGIBLE,194,825,386520,0.7627038375929405
TRUDB1366,JGO. PASTILLA DE FRENO,194,826,386714,0.7630866497229545
3G0598611A,CUBO RUEDA POST TIGUAN,194,827,386908,0.7634694618529686
KR8-92063672-0,JUEGO CABLES DE BUJIA,194,828,387102,0.7638522739829826
FL30CHN019,BOMBA GASOLINA SUMERGIBLE,194,829,387296,0.7642350861129966
SL96553368,TUBO CALEFACCION,194,830,387490,0.7646178982430107
PR9023792,SENSOR OXIGENO,193,831,387683,0.7649987371146226
FLBT5,PREFILTRO,193,832,387876,0.7653795759862345
TRUD677,JGO. PASTILLA DE FRENO,193,833,388069,0.7657604148578465
FL8972875181,VALVULA CEBADORA,193,834,388262,0.7661412537294584
8-97356127-0,"FILTRO AIRE CABINA D-MAX 2.5L, 3.0L (2010/2018)  WINGLE 2.8L (2010/2012) WINGLE 5 2.4L, 2.8L (2012/2018)",193,835,388455,0.7665220926010703
SL95352004,RESERVORIO,192,836,388647,0.7669009582142801
A15251,FILTRO AIRE,192,837,388839,0.7672798238274898
373868404,MANIJA INT DER PLASTICA GOL 98,192,838,389031,0.7676586894406996
FL30057B01,BOMBA GASOLINA SUMERGIBLE,191,839,389222,0.7680355817955072
6PA358066-401,SENSOR OXIGENO,191,840,389413,0.7684124741503149
FL15100-61M00,MODULO GASOLINA SUMERGIBLE,191,841,389604,0.7687893665051225
WT03C121111AM,CAJA REGULADORA DE AGUA,191,842,389795,0.7691662588599302
FLAC62,TAPA BOMBA GASOLINA,190,843,389985,0.7695411779563357
ALHP-1022,BUJE PUENTE POST GOLF IV JETTA,190,844,390175,0.7699160970527412
SE94460-1G000,SENSOR NIVEL GASOLINA,190,845,390365,0.7702910161491467
WT04C109175F,PROTECTOR DISTRIBUCION INF.,190,846,390555,0.7706659352455523
KR90412744,BOMBA ACEITE,189,847,390744,0.7710388810835557
EP20-1238,JUEGO DE CORREAS DENTADAS,189,848,390933,0.7714118269215591
8DD355105-411,DISCO FRENO POST.,189,849,391122,0.7717847727595624
FL0K020,SENSOR NIVEL GASOLINA TOYOTA HILUX,188,850,391310,0.7721557453391636
FIN233-28040,FILTRO,187,851,391497,0.7725247446603628
DR42431-02070,DISCO FRENO,187,852,391684,0.7728937439815619
FL2114704094,MODULO GASOLINA SUMERGIBLE,187,853,391871,0.773262743302761
FL101YU20,BANDA DISTRIBUCION,187,854,392058,0.7736317426239601
FLMFVW06KIT,KIT REPARACION INYECTORES,186,855,392244,0.7739987686867571
FL1770A106,SEMI MODULO GASOLINA SUMERGIBLE,186,856,392430,0.774365794749554
PRSU4667,SENSOR DETONACION,186,857,392616,0.7747328208123511
TRUD866,JGO. PASTILLA DE FRENO,186,858,392802,0.775099846875148
DK0K97212730,TEMPLADOR BANDA DISTRIBUCION,185,859,392987,0.7754648996795428
XI-21,FILTRO GASOLINA,185,860,393172,0.7758299524839377
FL40HONDA01,BOMBA GASOLINA SUMERGIBLE,185,861,393357,0.7761950052883325
FL96464637,MODULO GASOLINA SUMERGIBLE,185,862,393542,0.7765600580927273
KR0K30F-18-140,JUEGO CABLES DE BUJIA,185,863,393727,0.7769251108971222
AVM938,JGO. DE RUEDA LIBRE,185,864,393912,0.777290163701517
TRUD652,JGO. PASTILLA DE FRENO,184,865,394096,0.7776532432475097
FL13584225,MODULO GASOLINA SUMERGIBLE,184,866,394280,0.7780163227935024
OES-9EN0030,ENI I-SINT 5W-30 1QT,183,867,394463,0.778377429081093
ENLA-0012,RODAMIENTO AGUJA CAJA GOL,183,868,394646,0.7787385353686836
23304-EV290,FILTRO DE GASOLINA HINO,183,869,394829,0.7790996416562742
FL17040-9N00A,MODULO GASOLINA SUMERGIBLE,182,870,395011,0.7794587746854627
377399113,SOPORTE DEL GOL 97,182,871,395193,0.7798179077146511
1ND012755-121,FARO NEBLINERO RH,181,872,395374,0.7801750674854373
XI-23,FILTRO INTANK,181,873,395555,0.7805322272562236
SP-1096,JGO. PASTILLA DE FRENO,181,874,395736,0.7808893870270099
FIN31112-2E000,FILTRO INTANK,181,875,395917,0.7812465467977963
FLE2296S,MODULO GASOLINA SUMERGIBLE,181,876,396098,0.7816037065685826
FLAC92,TAPA RESERVORIO,181,877,396279,0.7819608663393689
FLSP2469M,MODULO GASOLINA SUMERGIBLE,180,878,396459,0.7823160528517531
TRUD813,JGO. PASTILL A DE FRENO,180,879,396639,0.7826712393641372
C3585,FILTRO AIRE,180,880,396819,0.7830264258765214
FL8943183980,SENSOR NIVEL GASOLINA,180,881,396999,0.7833816123889056
ENLA-2508,POLEA ALTERNADOR,180,882,397179,0.7837367989012897
SL93397748,TERMOSTATO METÁLICO,180,883,397359,0.7840919854136739
TRUD285,JGO. PASTILLA DE FRENO,180,884,397539,0.7844471719260581
TRUD194,JGO. PASTILLA DE FRENO,180,885,397719,0.7848023584384423
TRUD1202,JGO. PASTILLA DE FRENO,180,886,397899,0.7851575449508263
SE94460-B4000,SENSOR NIVEL GASOLINA,180,887,398079,0.7855127314632105
DK90353176,TEMPLADOR BANDA DISTRIBUCION,180,888,398259,0.7858679179755947
FL31110-D3100,MODULO GASOLINA SUMERGIBLE,180,889,398439,0.7862231044879789
XI-35,FILTRO GASOLINA,180,890,398619,0.786578291000363
036109675C,SELLOS DE VALVULAS POLO 6MM,179,891,398798,0.7869315042543451
DK96349976,TEMPLADOR BANDA,179,892,398977,0.7872847175083272
FG-3600,FILTRO GASOLINA,179,893,399156,0.7876379307623091
HP8533,JGO. PASTILLA DE FRENO,179,894,399335,0.7879911440162912
ALHP-2437,POLEA REENVIO,179,895,399514,0.7883443572702733
ETCK0116,KIT  DISTRIBUCION,178,896,399692,0.7886955972658531
PR76080,KIT DISTRIBUCION,178,897,399870,0.7890468372614331
5X0857552,PARASOL GOL DER PROMOCION,178,898,400048,0.7893980772570129
ALHP-1001,RULIMAN SOPORTE AMORT G V97,178,899,400226,0.7897493172525929
WT96540793,INTERRUPTOR PARQUEO,178,900,400404,0.7901005572481727
TRUD363,JGO. PASTILLA DE FRENO,177,901,400581,0.7904498239853506
FLMF006POR,MICRO FILTRO,177,902,400758,0.7907990907225283
WT191411329,BUJE PERNO BARRA ESTABILIZADORA,176,903,400934,0.7911463842013039
GM94700309,VALVULA IAC,176,904,401110,0.7914936776800796
377711141A,MANOPLA P C GOL,176,905,401286,0.7918409711588552
WT1J0959481A,TERMOSWICHT,176,906,401462,0.7921882646376308
WT1J0422371C,DEPOSITO HIDRAULICO,175,907,401637,0.7925335848580043
SEN-CH000,SENSOR NIVEL GASOLINA,175,908,401812,0.7928789050783778
OES-9EN0254,ENI I-SINT 5W-30 1GL,175,909,401987,0.7932242252987514
WT191411315,PERNO BARRA ESTABILIZADORA CON COJINES,175,910,402162,0.7935695455191248
N90813202,TORNILLO CARTER ACEITE GOLF IV,175,911,402337,0.7939148657394983
WT811407181A,BUJE SUSPENSION,175,912,402512,0.7942601859598718
XI-50,FILTRO GASOLINA,175,913,402687,0.7946055061802453
EP20-1341,JUEGO DE CORREAS DENTADAS,175,914,402862,0.7949508264006188
3259112614,RELAY B COMBUSTIBLE GOL 95 VERDE,175,915,403037,0.7952961466209924
MO5151-2M-0110,TAPA BANDA DIST. INF,175,916,403212,0.7956414668413658
GM24579728,CARTER,175,917,403387,0.7959867870617393
KR27501-22B10,JUEGO CABLES DE BUJIA,175,918,403562,0.7963321072821128
KR36120-21740,AUTOMATICO,174,919,403736,0.7966754542440841
TRUD1571,JGO. PASTILLA DE FRENO,174,920,403910,0.7970188012060555
FL30SILVER,BOMBA GASOLINA SUMERGIBLE,174,921,404084,0.7973621481680269
LOGISD,SERVICIO LOGISTICA D,174,922,404258,0.7977054951299982
PR76182,KIT DISTRIBUCION,174,923,404432,0.7980488420919696
FL42454BYH,BOMBA GASOLINA SUMERGIBLE,174,924,404606,0.7983921890539409
PR76417,KIT DISTRIBUCION,173,925,404779,0.7987335627575102
SE2571-KOS-1704,INTERRUPTOR LUCES,173,926,404952,0.7990749364610794
FL30T21132,BOMBA GASOLINA SUMERGIBLE,173,927,405125,0.7994163101646486
EP21-0152,JUEGO DE CADENA DE DISTRIBUCIÓN,173,928,405298,0.7997576838682179
EP20-2171,JUEGO DE CORREAS DENTADAS,173,929,405471,0.8000990575717871
TRUD1099,JGO. PASTILLA DE FRENO,173,930,405644,0.8004404312753564
AVM918,JGO. DE RUEDA LIBRE,173,931,405817,0.8007818049789256
TRUD1710,JGO. PASTILLA DE FRENO,173,932,405990,0.8011231786824948
068117021B,RADIADOR DE ACEITE,172,933,406162,0.801462579127662
FLSZNEXT,FILTRO INTANK,172,934,406334,0.8018019795728291
5X0711303B,PALANCA FRENO MANO GOL,172,935,406506,0.8021413800179961
DKR-016-HY,JGO MOQUETA,172,936,406678,0.8024807804631632
FL4001R000,BOMBA GASOLINA SUMERGIBLE,172,937,406850,0.8028201809083303
DR51712-1C100,DISCO FRENO,172,938,407022,0.8031595813534974
TRUD679,JGO. PASTILLA DE FRENO,171,939,407193,0.8034970085402624
TRUD1965,JGO. PASTILLA DE FRENO,171,940,407364,0.8038344357270273
PR96864850,SENSOR OXIGENO,171,941,407535,0.8041718629137923
FL40VSZ001,BOMBA GASOLINA SUMERGIBLE,171,942,407706,0.8045092901005573
GM25189697,BOMBA ACEITE,171,943,407877,0.8048467172873222
CR1931-MAR-1653,EMBLEMA POST,170,944,408047,0.805182171215685
TRUD1210,JGO. PASTILLA DE FRENO,170,945,408217,0.8055176251440479
FL26296818,MODULO GASOLINA SUMERGIBLE,170,946,408387,0.8058530790724107
FL60908090,BOMBA GASOLINA SUMERGIBLE,170,947,408557,0.8061885330007735
FL93717,KIT TEMPLADORES,170,948,408727,0.8065239869291363
VW171498203,GUARDAPOLVO PUNTA EJE,169,949,408896,0.806857467599097
1H0819373C,MANGUERA RETORNO AGUA A A G V,169,950,409065,0.8071909482690577
FL7186M,MODULO GASOLINA SUMERGIBLE,169,951,409234,0.8075244289390184
DKR-014-KI,JGO MOQUETA,169,952,409403,0.8078579096089791
USNS-0994,"CUBO RUEDA DEL GOLF IV 1997---2005, JETTA 1998---2013, NEW BEETLE 1998---2010",168,953,409571,0.8081894170205377
TRUD924,JGO. PASTILLA DE FRENO,168,954,409739,0.8085209244320962
FL30CAB034,BOMBA GASOLINA SUMERGIBLE,168,955,409907,0.8088524318436547
8DD355111-341,DISCO FRENO DEL.,168,956,410075,0.8091839392552134
FL42VRT001,BOMBA DE GASOLINA,167,957,410242,0.8095134734083698
KR96181318,EMPAQUE TAPA VALVULA,167,958,410409,0.8098430075615262
KR0K2A2-18-W63,REGULADOR ALTERNADOR,167,959,410576,0.8101725417146827
TRUKB1150,TRUKB1150,167,960,410743,0.8105020758678391
FL93373262,MODULO GASOLINA SUMERGIBLE,167,961,410910,0.8108316100209955
EP20-1365,JUEGO DE CORREAS DENTADAS,167,962,411077,0.8111611441741519
17801-3380,FILTRO AIRE,166,963,411243,0.8114887050689061
CR1921-UNI-1647,ELEVA VENTANA MANUAL DELA RH,166,964,411409,0.8118162659636605
TRUD904,JGO. PASTILLA DE FRENO,166,965,411575,0.8121438268584148
FLE2181S,MODULO GASOLINA SUMERGIBLE,166,966,411741,0.8124713877531691
377857043,MOLDURA PORTA REJILLA IZQ GOL 00,166,967,411907,0.8127989486479233
RD1J0498625A,RULIMAN RUEDA,166,968,412073,0.8131265095426776
037121121A,BRIDA TUBULADORA G V,165,969,412238,0.8134520971790298
VW03L115105B,BOMBA ACEITE,165,970,412403,0.8137776848153819
ARRENDAMIENTOACTIVOS,ARRENDAMIENTO ACTIVOS,165,971,412568,0.8141032724517341
EP20-1038,JUEGO DE CORREAS DENTADAS,165,972,412733,0.8144288600880862
191711208A,CASQUILLO VARILLA MANDO,165,973,412898,0.8147544477244384
VW5Z0919149,SENSOR VELOCIDAD,165,974,413063,0.8150800353607905
WTWLF2151H0,BASE TERMOSTATO,165,975,413228,0.8154056229971427
TRUD691,JGO. PASTILLA DE FRENO,165,976,413393,0.8157312106334949
CR3611-GVW-1654,MOLDURA CENTRAL,165,977,413558,0.816056798269847
FL40SAIL01,BOMBA GASOLINA SUMERGIBLE,165,978,413723,0.8163823859061992
TRUD1624,JGO. PASTILLA DE FRENO,165,979,413888,0.8167079735425513
ALHP-0260,CAJA REGULADORA AGUA POLO 1 6 CA,165,980,414053,0.8170335611789035
DK25180907,POLEA AIRE ACONDICIONADO,164,981,414217,0.8173571755568535
FL30046001,BOMBA GASOLINA SUMERGIBLE,164,982,414381,0.8176807899348035
FL2QD919051B,MODULO GASOLINA SUMERGIBLE,164,983,414545,0.8180044043127536
TRUD440,JGO. PASTILLA DE FRENO,163,984,414708,0.8183260454323015
WT032121026BA,"CAJA REGULADORA DE AGUA SIN  A/C  GOL V 1.6, POLO BRASIL 1.6, FOX",163,985,414871,0.8186476865518494
PRAFH45M-46,SENSOR MAF,163,986,415034,0.8189693276713972
SE5971-BZM-1715,PITO GRAVE,163,987,415197,0.8192909687909451
TRUD340,JGO. PASTILLA DE FRENO,163,988,415360,0.819612609910493
FL109YU25,BANDA DISTRIBUCION,163,989,415523,0.8199342510300409
TRUD562,JGO. PASTILLA DE FRENO,163,990,415686,0.8202558921495888
TRUD1398,JGO. PASTILLA DE FRENO,163,991,415849,0.8205775332691366
KR96535087,BUJE SUSPENSION,162,992,416011,0.8208972011302824
FL31110-D7100,MODULO GASOLINA SUMERGIBLE,162,993,416173,0.8212168689914282
03L145100E,BOMBA VACIO SISTEMA FRENO AMAROK,162,994,416335,0.8215365368525739
ST0131-DAY-0626,BANDA ALTERNADOR 6DK1285,162,995,416497,0.8218562047137197
HP8195,JGO. PASTILLA DE FRENO,162,996,416659,0.8221758725748655
FL30CHN009,BOMBA GASOLINA SUMERGIBLE,162,997,416821,0.8224955404360111
DK06A903315D,POLEA TENSORA,162,998,416983,0.8228152082971569
PR23796-EN20A,VALVULA VVT,162,999,417145,0.8231348761583027
HP5160,JGO. PASTILLA DE FRENO,162,1000,417307,0.8234545440194484
TRUD1679,JGO. PASTILLA DE FRENO,162,1001,417469,0.8237742118805942
OES-9EN0139,ENI I-BASE PLUS 20W50 4EC SL/CF 1GL,161,1002,417630,0.8240919064833379
FG-0G00,FILTRO GASOLINA,161,1003,417791,0.8244096010860814
TR0331-KIT-1356,BASE PALANCA CAMBIO,161,1004,417952,0.8247272956888251
FL373998051,SENSOR NIVEL GASOLINA,161,1005,418113,0.8250449902915686
FL17040-JE20A,MODULO GASOLINA SUMERGIBLE,161,1006,418274,0.8253626848943123
FL31110-2E000,MODULO GASOLINA SUMERGIBLE,160,1007,418434,0.8256784062386537
SF5181-OEM-1384,TAPA RESERVORIO HIDRAULICO,160,1008,418594,0.8259941275829953
17801-3390,FILTRO AIRE,160,1009,418754,0.8263098489273367
WT5U0121207A,ELECTROVENTILADOR CON BASE,160,1010,418914,0.8266255702716783
SL13256823,RESERVORIO,160,1011,419074,0.8269412916160197
XI-99,FILTRO ACEITE CAJA CAMBIO,160,1012,419234,0.8272570129603611
TRUD371,JGO. PASTILLA DE FRENO,160,1013,419394,0.8275727343047027
FG-1051B,FILTRO GASOLINA,160,1014,419554,0.8278884556490441
8EA012527-401,MOTOR ARRANQUE,160,1015,419714,0.8282041769933857
FL93702,KIT TEMPLADORES,159,1016,419873,0.828517925079325
PM01,MOTOSIERRA,159,1017,420032,0.8288316731652643
KR24410-2X701,TEMPLADOR BANDA DISTRIBUCION,159,1018,420191,0.8291454212512037
FL30VW9051,BOMBA GASOLINA SUMERGIBLE,159,1019,420350,0.829459169337143
FL40453070,BOMBA GASOLINA SUMERGIBLE,159,1020,420509,0.8297729174230823
PRC7700274008,BOBINA ENCENDIDO,159,1021,420668,0.8300866655090218
FL30454131,BOMBA GASOLINA SUMERGIBLE,158,1022,420826,0.830398440336559
KR95710800,SWICH ENCENDIDO,158,1023,420984,0.8307102151640962
KR27501-38B00,JUEGO CABLES DE BUJIA,158,1024,421142,0.8310219899916333
TRUFDB757,JGO. PASTILLA DE FRENO,158,1025,421300,0.8313337648191707
305419809A,BUJE B D GOL,158,1026,421458,0.8316455396467078
13272719,FILTRO AIRE,158,1027,421616,0.831957314474245
DKR1510,BOMBA GASOLINA SUMERGIBLE,158,1028,421774,0.8322690893017822
GM13592601,FILTRO GASOLINA    SPARK GT,157,1029,421931,0.8325788908709173
PR76044,KIT DISTRIBUCION,157,1030,422088,0.8328886924400524
FL30P9890K,BOMBA GASOLINA SUMERGIBLE,157,1031,422245,0.8331984940091874
ALHP-2433,CUBO DE RUEDA,157,1032,422402,0.8335082955783226
28113-1R100,FILTRO AIRE,157,1033,422559,0.8338180971474577
PR18213-65J11,SENSOR OXIGENO,157,1034,422716,0.8341278987165928
CR1921-Z.E-2636,ELEVA VENTANA MANUAL DELA RH,157,1035,422873,0.8344377002857278
FL8L0919673E,SENSOR,157,1036,423030,0.8347475018548629
FL50334800,BOMBA GASOLINA SUMERGIBLE,156,1037,423186,0.8350553301655959
377906383,RELAY B COMBUSTIBLE GOL 97,156,1038,423342,0.8353631584763288
FL31110-2S510,MODULO GASOLINA SUMERGIBLE,156,1039,423498,0.8356709867870618
FL60254910,BOMBA GASOLINA SUMERGIBLE,156,1040,423654,0.8359788150977947
PRE269,SOKQUET,156,1041,423810,0.8362866434085277
SC4381-OEM-2630,RIEL INYECTORES,156,1042,423966,0.8365944717192606
FL77020-04061,MODULO GASOLINA SUMERGIBLE,155,1043,424121,0.8369003267715914
KR0K30E-10-155,RETEN VALVULAS,155,1044,424276,0.8372061818239223
FL4202P000,BOMBA GASOLINA SUMERGIBLE,155,1045,424431,0.837512036876253
TRUD976,JGO. PASTILLA DE FRENO,155,1046,424586,0.8378178919285838
ALHP-2209,ELECTROVENTILADOR POLO,154,1047,424740,0.8381217737225125
ETCK2036,KIT DISTRIBUCION,154,1048,424894,0.8384256555164412
TRUD1447,JGO. PASTILLA DE FRENO,154,1049,425048,0.8387295373103699
SL90352677,TERMOSTATO METÁLICO,154,1050,425202,0.8390334191042985
ECO-0.5-LBPACK,GRASA AZUL,154,1051,425356,0.8393373008982272
KR95224-2D000,RELAY LUCES,153,1052,425509,0.8396392094337538
WT1K0407183E,BUJE MESA SUSPENSION,153,1053,425662,0.8399411179692803
020409289B,TAPON CAJA CAMBIOS GOLF,153,1054,425815,0.8402430265048069
ETBK5006,KIT DISTRIBUCION,153,1055,425968,0.8405449350403335
TRUD1354,JGO. PASTILLA DE FRENO,153,1056,426121,0.8408468435758599
WT96325226,PROTECTOR DISTRIBUCION INF.,153,1057,426274,0.8411487521113865
PR76532-2US,KIT DISTRIBUCION,153,1058,426427,0.841450660646913
FG-55AC,FILTRO GASOLINA,153,1059,426580,0.8417525691824396
FL31110-B2500,MODULO GASOLINA SUMERGIBLE,153,1060,426733,0.8420544777179662
TRUD1295,JGO. PASTILLA DE FRENO,153,1061,426886,0.8423563862534926
FL402B9000,BOMBA GASOLINA SUMERGIBLE,152,1062,427038,0.8426563215306171
FL30454001,BOMBA GASOLINA SUMERGIBLE,152,1063,427190,0.8429562568077414
WT06A103663C,TUBO ALOJAMIENTO,152,1064,427342,0.8432561920848659
SL93275736,TERMOSTATO METÁLICO,152,1065,427494,0.8435561273619903
DR51712-2F100,DISCO FRENO,152,1066,427646,0.8438560626391147
DR96574633,DISCO FRENO,152,1067,427798,0.8441559979162391
WT6Q0121407A,RESERVORIO,152,1068,427950,0.8444559331933635
FL30454CYH,BOMBA GASOLINA SUMERGIBLE,152,1069,428102,0.844755868470488
KR1H0998031A,JUEGO CABLES DE BUJIA,152,1070,428254,0.8450558037476124
ALHP-0956,BRIDA DISTRIBUIDOR AKL AVU,152,1071,428406,0.8453557390247368
FLMF001POR,MICRO FILTRO,152,1072,428558,0.8456556743018612
ETCK0118,KIT  DISTRIBUCION,151,1073,428709,0.8459536363205834
TH-3593A,"FILTRO ACEITE MAZDA, HYUNDAI, AUTOS, KIA AUTOS, ALLEGRO, L200 SPORTERO 3.5CC GASOLINA, MONTERO SPORT, LUV 3.2CC V6, HOND...",150,1074,428859,0.8462496250809036
PR6409065,COMPUTADOR LAPTOP,150,1075,429009,0.8465456138412237
FL15100-65J0K,SEMI MODULO GASOLINA SUMERGIBLE,150,1076,429159,0.8468416026015438
FL02111B26,BOMBA GASOLINA SUMERGIBLE,150,1077,429309,0.8471375913618641
ALHP-0628,JUNTA EMPAQUE DISTRIBUCION TIGUAN,150,1078,429459,0.8474335801221842
TRUD1627,JGO. PASTILLA DE FRENO,150,1079,429609,0.8477295688825043
FIN31112-1G500,FILTRO INTANK,150,1080,429759,0.8480255576428244
TRUD815,JGO. PASTILLA DE FRENO,150,1081,429909,0.8483215464031446
DK90354858,PIÑON CIGUEÑAL,150,1082,430059,0.8486175351634647
YKD392111NB13,PUNTA HOMOCINETICA,149,1083,430208,0.8489115506653827
037145271E,BANDA DIRECCION HIDRAULICA SIN AIRE GOLF VENTO,149,1084,430357,0.8492055661673007
1J0945511A,INTERRUPTOR LUZ DE FRENO,149,1085,430506,0.8494995816692188
EP20-1773,JUEGO DE CORREAS DENTADAS,149,1086,430655,0.8497935971711368
FL52060351,BOMBA GASOLINA SUMERGIBLE,149,1087,430804,0.8500876126730548
TRUD1040,JGO. PASTILLA DE FRENO,149,1088,430953,0.8503816281749728
28113-H9100,FILTRO AIRE,148,1089,431101,0.8506736704184886
DK045903119A,POLEA ALTERNADOR,148,1090,431249,0.8509657126620045
FLAC5,PREFILTRO,148,1091,431397,0.8512577549055204
HP2002,JGO. PASTILLA DE FRENO,148,1092,431545,0.8515497971490362
ALHP-0637,FILTRO DE ACEITE TIGUAN,148,1093,431693,0.8518418393925521
USNS-1286,BOMBA DIRECCION HIDRAULICA AMAROK	AMAROK 2009--->,148,1094,431841,0.852133881636068
TRUD606,JGO. PASTILLA DE FRENO,148,1095,431989,0.8524259238795838
SE94460-2E000,SENSOR NIVEL GASOLINA,147,1096,432136,0.8527159928646976
EP20-1310,JUEGO DE CORREAS DENTADAS,147,1097,432283,0.8530060618498113
FL3024000A,BOMBA GASOLINA SUMERGIBLE,147,1098,432430,0.8532961308349251
FLE2144S,MODULO GASOLINA SUMERGIBLE,147,1099,432577,0.8535861998200388
026121041P,EMPAQUE BOMBA DE AGUA,147,1100,432724,0.8538762688051525
TH-3593,"FILTRO ACEITE MITSUBISHI MONTERO 3.5 - 3.0 - 3.8,  HYUNDAI ACCENT VERNA",147,1101,432871,0.8541663377902663
305721338A,GRAPA SEGURIDAD EMBRAGUE GOL,146,1102,433017,0.8544544335169779
WT6R0121253A,RADIADOR DE AGUA,146,1103,433163,0.8547425292436895
FL42454006,BOMBA GASOLINA SUMERGIBLE,146,1104,433309,0.8550306249704012
TRUD1567,JGO. PASTILLA DE FRENO,146,1105,433455,0.8553187206971127
FL17040-JD00A,MODULO GASOLINA,146,1106,433601,0.8556068164238243
TB1635.Q9,CUERPO ACELERACION,146,1107,433747,0.8558949121505359
191953227A,RELAY DIRECCIONALES,145,1108,433892,0.8561810346188454
DKR2288,BOMBA GASOLINA SUMERGIBLE,145,1109,434037,0.8564671570871549
FL65D00,BOYA TANQUE GASOLINA,145,1110,434182,0.8567532795554643
XI-90,FILTRO GASOLINA,145,1111,434327,0.8570394020237738
KR22224-23500,RETEN VALVULAS,145,1112,434472,0.8573255244920833
FLIS6U9H307AD,MODULO GASOLINA SUMERGIBLE,145,1113,434617,0.8576116469603927
SP-1217,JGO. PASTILLA DE FRENO,144,1114,434761,0.8578957961703001
ETCK0101,KIT DISTRIBUCION,144,1115,434905,0.8581799453802075
SL96413748,DEPOSITO HIDRAULICO,143,1116,435048,0.8584621213317126
FLCAP-1G000,TAPA MODULO GASOLINA,143,1117,435191,0.8587442972832179
AVM461,JGO. DE RUEDA LIBRE,143,1118,435334,0.859026473234723
TRUD1036,JGO. PASTILLA DE FRENO,143,1119,435477,0.8593086491862282
GM96481581,CARTER,143,1120,435620,0.8595908251377334
FL0902E000,FILTRO GASOLINA SUMERGIBLE,143,1121,435763,0.8598730010892386
FL3N619H307,MODULO GASOLINA SUMERGIBLE,143,1122,435906,0.8601551770407438
HP5146,JGO. PASTILLA DE FRENO,142,1123,436048,0.8604353797338469
TRUD1852,JGO. PASTILLA DE FRENO,142,1124,436190,0.86071558242695
EP21-0036,JUEGO DE CADENA DE DISTRIBUCIÓN,142,1125,436332,0.860995785120053
TRUD9029,JGO. PASTILLA DE FRENO,141,1126,436473,0.8612740145547539
FD1770A106,FILTRO COMBUSTIBLE,141,1127,436614,0.861552243989455
FLM2N159H307AA,MODULO GASOLINA SUMERGIBLE,141,1128,436755,0.8618304734241559
1H0698151F,JGO PASTILLAS G V 95 96 FRASLEE PD328,141,1129,436896,0.8621087028588568
28113-4H000,FILTRO AIRE,141,1130,437037,0.8623869322935577
ALHP-0067,RETEN MOTRIZ EMBRAGUE G V,140,1131,437177,0.8626631884698565
FG-128,FILTRO GASOLINA SAIL,140,1132,437317,0.8629394446461554
HP5013,JGO. PASTILLA DE FRENO,140,1133,437457,0.8632157008224541
1K0122291R,ACOPLE REFRIGERANTE AGUA BORA,140,1134,437597,0.8634919569987529
TH-1012,FILTRO ACEITE RENAUL CON TUERCA M20 X 1.5,140,1135,437737,0.8637682131750517
373868404A,MANIJA INT DER CROMADA GOL 98 PLASTICA,140,1136,437877,0.8640444693513505
SEN-LOGAN,SENSOR NIVEL GASOLINA,140,1137,438017,0.8643207255276493
ALHP-1016,TERMINAL B D DER GOLF IV,140,1138,438157,0.864596981703948
FG-0056,FILTRO GASOLINA,139,1139,438296,0.8648712646218447
FL30174202,BOMBA GASOLINA SUMERGIBLE,138,1140,438434,0.8651435742813393
ETCK5032,KIT DISTRIBUCION,138,1141,438572,0.8654158839408338
PRSU8901,SENSOR ARBOL ELEVAS,138,1142,438710,0.8656881936003283
VW03L103603M,CARTER,138,1143,438848,0.8659605032598229
TRUD418,JGO. PASTILLA DE FRENO,138,1144,438986,0.8662328129193174
USNS-2503,MODULO GASOLINA COMBUSTIBLE,137,1145,439123,0.8665031493204098
ALHP-2444,FORRO PEDAL ACELERADOR,137,1146,439260,0.8667734857215023
KR96256433,JUEGO CABLES DE BUJIA,137,1147,439397,0.8670438221225946
KR25330-17000,TAPA RADIADOR,137,1148,439534,0.867314158523687
ALHP-0418,BRIDA AMAROK 03L121131M,137,1149,439671,0.8675844949247794
TB16119AE01C,CUERPO ACELERACION,136,1150,439807,0.8678528580674697
OES-SP-1202,PASTILLAS FRENO ELANTRA XD,136,1151,439943,0.8681212212101599
5DA193175-731,BOBINA ENCENDIDO,136,1152,440079,0.8683895843528502
SL95380033,RESERVORIO,136,1153,440215,0.8686579474955405
FL65842,SENSOR NIVEL GASOLINA VITARA SZ,135,1154,440350,0.8689243373798285
DR55311-60B30,DISCO FRENO,135,1155,440485,0.8691907272641167
TRUD1149,JGO. PASTILLA DE FRENO,135,1156,440620,0.8694571171484048
WT2Q0121407B,RESERVORIO,135,1157,440755,0.869723507032693
KR23300-2G400,BOMBA ACEITE,135,1158,440890,0.869989896916981
TS028-GIN-1810,PROPULSOR HIDRAULICO AMAROK,135,1159,441025,0.8702562868012692
WT1H0422371D,DEPOSITO ACEITE HIDRAULICO,134,1160,441159,0.8705207034271552
EP20-1611,JUEGO DE CORREAS DENTADAS,134,1161,441293,0.8707851200530412
16546-ED000,FILTRO AIRE,134,1162,441427,0.8710495366789271
5DA358000-171,BOBINA ENCENDIDO,134,1163,441561,0.8713139533048132
FL1J0919087H,MODULO GASOLINA SUMERGIBLE,134,1164,441695,0.8715783699306991
VW06A103601T,CARTER,134,1165,441829,0.8718427865565852
TRUD1769,JGO. PASTILLA DE FRENO,133,1166,441962,0.872105229924069
307419812.1,TERMINAL DIRECCION H GOL DRIVEWAY,133,1167,442095,0.8723676732915528
28113-A0100,FILTRO AIRE,133,1168,442228,0.8726301166590368
XI-22,FILTRO GASOLINA,133,1169,442361,0.8728925600265206
SL95269001,RESERVORIO,133,1170,442494,0.8731550033940044
FL60170DEL,BOMBA GASOLINA SUMERGIBLE,133,1171,442627,0.8734174467614884
06A103663B,TUBO ALOJAMIENTO V ACEITE AKL AGU,133,1172,442760,0.8736798901289722
DR3217,DISCO FRENO,133,1173,442893,0.873942333496456
FL77020-0D180,MODULO GASOLINA SUMERGIBLE,132,1174,443025,0.8742028036055377
FL31110-B8500,MODULO GASOLINA SUMERGIBLE,132,1175,443157,0.8744632737146195
TRUD1086H,JGO. PASTILLA DE FRENO,132,1176,443289,0.8747237438237012
FL5N0919087G,MODULO GASOLINA SUMERGIBLE,132,1177,443421,0.8749842139327829
FL105RUT022,BANDA DISTRIBUCION,131,1178,443552,0.8752427107834625
DKR-024-TY,JGO MOQUETA,131,1179,443683,0.8755012076341421
TRUD333,JGO. PASTILLA DE FRENO,131,1180,443814,0.8757597044848217
ETCK5033,KIT DISTRIBUCION,131,1181,443945,0.8760182013355012
HP8452,JGO. PASTILLA DE FRENO,131,1182,444076,0.8762766981861809
FL5U0919052A,SENSOR DE NIVEL,131,1183,444207,0.8765351950368605
TRUD726,JGO. PASTILLA DE FRENO,131,1184,444338,0.8767936918875401
FL17040-CH000,MODULO GASOLINA SUMERGIBLE NISSAN SENTRA 02-06 TIIDA E9547M,131,1185,444469,0.8770521887382197
ALHP-0620,BOMBA DE AUA GOLF IV 16 AKL,131,1186,444600,0.8773106855888992
ALHP-1852,APOYO MOTOR,131,1187,444731,0.8775691824395788
FLFSZVAL,FILTRO GASOLINA SUMERGIBLE         VITARA SZ CON VALVULA,130,1188,444861,0.8778257060318563
TRUD1142,JGO. PASTILLA DE FRENO,129,1189,444990,0.8780802563657316
FLCSZ,CONECTOR,129,1190,445119,0.878334806699607
SL96837836,RESERVORIO,128,1191,445247,0.8785873837750802
SE94460-25010,SENSOR NIVEL GASOLINA,128,1192,445375,0.8788399608505533
SE94460-1S000,SENSOR NIVEL GASOLINA,128,1193,445503,0.8790925379260265
TRUD303,JGO. PASTILLA DE FRENO,128,1194,445631,0.8793451150014997
FG-0490,FILTRO GASOLINA,128,1195,445759,0.8795976920769729
MO5531-HJ-2638,MANGUERA REFRIGERANTE SALIDA RESERVORIO,127,1196,445886,0.8798482958940439
TRUD680,JGO. PASTILLA DE FRENO,127,1197,446013,0.880098899711115
DK032145299A,POLEA TENSORA,127,1198,446140,0.880349503528186
FL65842COM,MODULO GASOLINA SUMERGIBLE,127,1199,446267,0.8806001073452571
MAC90200836,TERMOSTATO,127,1200,446394,0.8808507111623282
FL170428HK0A,BOMBA DE GASOLINA SUMERGIBLE,127,1201,446521,0.8811013149793991
TRUD1325,JGO. PASTILLA DE FRENO,126,1202,446647,0.8813499455380681
TRUD704,JGO. PASTILLA DE FRENO,126,1203,446773,0.881598576096737
FL17040-4M500,MODULO GASOLINA SUMERGIBLE,126,1204,446899,0.881847206655406
DBFH05K,MANGUERA BOMBA GASOLINA SUMER,126,1205,447025,0.8820958372140748
1J6955707A,BRAZO LIMPIAPARABRISAS PLUMA POSTERIOR,125,1206,447150,0.8823424945143417
FL31110-02000,MODULO GASOLINA SUMERGIBLE,125,1207,447275,0.8825891518146084
KR96535082,PLATO SUSPENSION,125,1208,447400,0.8828358091148752
ALHP-2213,CONMUTADOR VIDRIOS IZQ DEL POLO 16 BR,125,1209,447525,0.883082466415142
FL13579019,MODULO GASOLINA SUMERGIBLE,125,1210,447650,0.8833291237154087
TRUD1269,JGO. PASTILLA DE FRENO,125,1211,447775,0.8835757810156756
ENLA-1261,DEPOSITO AGUA RADIADOR AMAROK,125,1212,447900,0.8838224383159423
PR4031,REGULADOR PRESION GASOLINA,125,1213,448025,0.8840690956162092
SP-1043,JGO. PASTILLA DE FRENO,125,1214,448150,0.8843157529164759
FL30ASTR20,BOMBA GASOLINA SUMERGIBLE,125,1215,448275,0.8845624102167428
28113-G2100,FILTRO AIRE,125,1216,448400,0.8848090675170095
TRUD973,JGO. PASTILLA DE FRENO,125,1217,448525,0.8850557248172762
TRUD477,JGO. PASTILLA DE FRENO,124,1218,448649,0.885300408859141
6ZF008621-421,TROMPO RETRO,124,1219,448773,0.8855450929010056
WT8200134513,TUBO REFRIGERANTE RADIADOR,124,1220,448897,0.8857897769428702
SL9128719,TUBO CALECFACCION,124,1221,449021,0.8860344609847349
377407365B,ROTULA M S D H P G IZQ GOL 98,124,1222,449145,0.8862791450265995
PRUNI14,ELECTRO VENTILADOR,124,1223,449269,0.8865238290684642
KR96450249,JUEGO CABLES DE BUJIA,123,1224,449392,0.8867665398519267
FLBT50,SENSOR NIVEL GASOLINA,123,1225,449515,0.8870092506353892
XI-69,FILTRO GASOLINA,123,1226,449638,0.8872519614188518
5DA358057-471,BOBINA ENCENDIDO,123,1227,449761,0.8874946722023143
8DD355104-211,DISCO FRENO DEL.,123,1228,449884,0.8877373829857768
DR1742318,DISCO FRENO,122,1229,450006,0.8879781205108371
FL30HY9000,BOMBA GASOLINA SUMERGIBLE,122,1230,450128,0.8882188580358975
DKR1575,BOMBA GASOLINA SUMERGIBLE,121,1231,450249,0.8884576223025558
XI-25,TAPA MODULO GASOLINA SUMERGIBLE,121,1232,450370,0.888696386569214
FL03L109119,BANDA DE DISTRIBUCION 160RU25,121,1233,450491,0.8889351508358723
FL17040-EL70A,MODULO GASOLINA SUMERGIBLE,121,1234,450612,0.8891739151025305
TRUD1935,JGO. PASTILLA DE FRENO,121,1235,450733,0.8894126793691888
DK026109243,TEMPLADOR BANDA DISTRIBUCION,121,1236,450854,0.889651443635847
AVM443,JGO. DE RUEDA LIBRE,121,1237,450975,0.8898902079025053
FLPFS482,MODULO GASOLINA SUMERGIBLE,121,1238,451096,0.8901289721691635
FIN23300-28040,FILTRO,121,1239,451217,0.8903677364358218
WT1L8Z-8A080-BB-F,RESERVORIO,120,1240,451337,0.8906045274440778
DR51712-2Y000,DISCO FRENO,120,1241,451457,0.8908413184523339
TRUD830,JGO. PASTILLA DE FRENO,120,1242,451577,0.8910781094605901
TRUD833,JGO. PASTILLA DE FRENO,120,1243,451697,0.8913149004688462
377121275,COJIN SUP RADIADOR AGUA GOL,120,1244,451817,0.8915516914771023
FG-5040,FILTRO GASOLINA,120,1245,451937,0.8917884824853585
WT6N0905865,CONMUTADOR ENCENDIDO,120,1246,452057,0.8920252734936145
WT059121012B,BOMBA DE AGUA AUXILIAR,119,1247,452176,0.8922600912434685
FLMF007KIT,JGO MICROFILTRO,119,1248,452295,0.8924949089933225
XI-41,FILTRO GASOLINA,119,1249,452414,0.8927297267431765
XI-154,PORTA FILTRO COMBUSTIBLE,119,1250,452533,0.8929645444930304
USNS-0653,"BANDA ALTERNADOR 5PK1060 BORA V 2005---2010, GOLF 2007---2013, JETTA 2008---2014",119,1251,452652,0.8931993622428844
DR569000,DISCO FRENO,119,1252,452771,0.8934341799927384
17801-78020,FILTRO AIRE,118,1253,452889,0.8936670244841902
TRUD654,JGO. PASTILLA DE FRENO,118,1254,453007,0.8938998689756421
DR3140,DISCO FRENO,118,1255,453125,0.894132713467094
RD2H0498627,RULIMAN RUEDA,117,1256,453242,0.8943635847001437
KR27450-23700,CABLE DE BUJIA,117,1257,453359,0.8945944559331933
PR76184,KIT DISTRIBUCION,117,1258,453476,0.8948253271662431
WT1J0407181,BUJE MESA SUSPENSION GRANDE,117,1259,453593,0.8950561983992927
TRUD2014,JGO. PASTILLA DE FRENO,117,1260,453710,0.8952870696323425
TRUD2006,JGO. PASTILLA DE FRENO,117,1261,453827,0.8955179408653922
TR4441-COB-0046,RULIMAN RODILLOS C/CAMBIOS,117,1262,453944,0.8957488120984419
ALHP-0231,KIT BANDAS DISTRIBUCION POLO 1 6,117,1263,454061,0.8959796833314916
TRUD1145,JGO. PASTILLA DE FRENO,117,1264,454178,0.8962105545645414
6PU012039-001,SENSOR ABS RH,117,1265,454295,0.896441425797591
GM24105453,CARTER,117,1266,454412,0.8966722970306408
FL17040-8H31B,MODULO GASOLINA SUMERGIBLE,117,1267,454529,0.8969031682636904
KR96391553,GUARDAPOLVO,116,1268,454645,0.8971320662383381
SL21200-31U11,TERMOSTATO METÁLICO,116,1269,454761,0.8973609642129856
FL30353777,BOMBA GASOLINA SUMERGIBLE,116,1270,454877,0.8975898621876331
WT5X0412329,BASE AMORTIGUADOR,116,1271,454993,0.8978187601622808
FIN23300-20130,FILTRO INTANK,116,1272,455109,0.8980476581369283
EPP540,BOMBA DE AGUA,116,1273,455225,0.898276556111576
FLBOYAB13,SENSOR NIVEL GASOLINA,116,1274,455341,0.8985054540862235
KR27301-26640,BOBINA ENCENDIDO,116,1275,455457,0.898734352060871
TRD4072,KIT DISTRIBUCION,116,1276,455573,0.8989632500355187
COR1,FILTRO GASOLINA,116,1277,455689,0.8991921480101662
DKR-1/4-GREEN,VERDE LITRO USA,116,1278,455805,0.8994210459848138
WT93388683,PROTECTOR DISTRIBUCION SUP.,116,1279,455921,0.8996499439594614
PRC1543,BOBINA ENCENDIDO,115,1280,456036,0.8998768686757068
CR1921-UNI-1648,MANIJA ELEVA VENTANA,115,1281,456151,0.9001037933919522
EP20-1325,JUEGO DE CORREAS DENTADAS,115,1282,456266,0.9003307181081978
FL9007702,MODULO GASOLINA SUMERGIBLE,115,1283,456381,0.9005576428244432
DKR-093-SK,JGO MOQUETA,115,1284,456496,0.9007845675406886
ALHP-2030,CUBO RUEDA DEL FOX,115,1285,456611,0.901011492256934
DK7700747599,PIÑON GIGUEÑAL,115,1286,456726,0.9012384169731795
4RP008189-151,RELAY BOMBA COMBUSTIBLE,114,1287,456840,0.9014633684310228
1H0711595,VARILLA SELECT MEC P C FRONTAL G V HUESO,114,1288,456954,0.9016883198888661
EPP513G,BASE BOMBA DE AGUA,114,1289,457068,0.9019132713467094
TRUD1213,JGO PASTILLA DE FRENO,114,1290,457182,0.9021382228045527
TRUD451,JGO. PASTILLA DE FRENO,114,1291,457296,0.902363174262396
TRUD1414,JGO. PASTILLA DE FRENO,114,1292,457410,0.9025881257202393
FL11REN514,BOMBA GASOLINA SUMERGIBLE,114,1293,457524,0.9028130771780827
PRGR540B,REGULADOR ELECTRONICO,113,1294,457637,0.9030360553775238
FG-0136,FILTRO GASOLINA,113,1295,457750,0.903259033576965
SL90411948,TERMOSTATO METÁLICO,113,1296,457863,0.9034820117764062
KR96291306,JUEGO CABLES DE BUJIA,113,1297,457976,0.9037049899758474
DRBP6Y3325XB,DISCO FRENO,113,1298,458089,0.9039279681752885
USNS-2507,"CAUCHO BARRA ESTABILIZADORA FOX 1.6cc (5Z1,5Z3,5Z4) 2003---2014, FOX (5Z5) 2014---2017, GOL V 2009--->, POLO 1.6cc (9...",113,1299,458202,0.9041509463747297
TRD7001,KIT DISTRIBUCION,113,1300,458315,0.9043739245741709
TRUD1044,JGO. PASTILLA DE FRENO,113,1301,458428,0.904596902773612
WT0261091731,PROTECTOR DISTRIBUCION SUP.,113,1302,458541,0.9048198809730532
1J0122291,ACOPLE RADIADOR SUP AGUA GOLFIV,113,1303,458654,0.9050428591724944
TH-7317,"FILTRO ACEITE NISSAN PATHFINDER,MITSUBISHI, BAIC X25, X35, X55, DONGFENG AX4, AX7, H30, S30, GREAT WALL M4, H6 1.5CC, VO...",113,1304,458767,0.9052658373719356
FL31110-1R200,MODULO GASOLINA SUMERGIBLE,113,1305,458880,0.9054888155713767
WT1HM121253,RADIADOR DE AGUA,112,1306,458992,0.9057098205124158
FL17040-5RB0A,MODULO GASOLINA SUMERGIBLE,112,1307,459104,0.9059308254534548
FL40CLK001,BOMBA GASOLINA SUMERGIBLE,112,1308,459216,0.9061518303944939
TRD2093,KIT DISTRIBUCION,112,1309,459328,0.9063728353355328
KR96984145,JUEGO CABLES DE BUJIA,112,1310,459440,0.9065938402765719
EP21-0249,JUEGO DE CADENA DE DISTRIBUCIÓN,112,1311,459552,0.9068148452176109
7865217414384,MODULOS DE GALPON 2,111,1312,459663,0.9070338769002478
TRUD137,JGO. PASTILLA DE FRENO,111,1313,459774,0.9072529085828848
TRUD798,JGO. PASTILLA DE FRENO,111,1314,459885,0.9074719402655217
TRD9003,KIT DISTRIBUCION,111,1315,459996,0.9076909719481585
FL31110-1C000,MODULO GASOLINA SUMERGIBLE,111,1316,460107,0.9079100036307954
TRUDB3535,JGO. PASTILLA DE FRENO,111,1317,460218,0.9081290353134324
ALHP-0447,EMISOR IMPULSOS CIGUENAL CKP POLO 1 6,110,1318,460328,0.9083460937376672
357412135,KIT TOPE GUARDAPOLVO DEL SUSP G V,110,1319,460438,0.9085631521619019
SP-1160,JGO. PASTILLA DE FRENO,110,1320,460548,0.9087802105861367
HP9994,JGO. PASTILLA DE FRENO,110,1321,460658,0.9089972690103715
TRD4003,KIT DISTRIBUCION,110,1322,460768,0.9092143274346062
GM9025197,CARTER,109,1323,460877,0.9094294126004389
FG-3074,FILTRO GASOLINA,109,1324,460986,0.9096444977662715
DR31293,DISCO FRENO,109,1325,461095,0.9098595829321041
FLAC333,TAPA RESERVORIO CODIGO GM:94539597,109,1326,461204,0.9100746680979368
WT811399151B,BASE CAJA CAMBIOS,109,1327,461313,0.9102897532637694
CR5971-UNI-1447,LIMITADOR PUERTA,109,1328,461422,0.9105048384296021
XI-33,FILTRO GASOLINA,108,1329,461530,0.9107179503370325
WT8200660882,BASE TERMOSTATO,108,1330,461638,0.9109310622444631
TRUD580,JGO. PASTILLA DE FRENO,108,1331,461746,0.9111441741518935
95861-64J10,FILTRO AIRE GRAN VITARA SZ CAB,107,1332,461853,0.9113553128009219
WT1K0121070BD,TUBO REFRIGERANTE RADIADOR,107,1333,461960,0.9115664514499503
DR30005701,DISCO FRENO,107,1334,462067,0.9117775900989786
TRD2094,KIT DISTRIBUCION,107,1335,462174,0.911988728748007
KR49509-24A00,GUARDAPOLVO,107,1336,462281,0.9121998673970354
RN7711120025,CARTER,107,1337,462388,0.9124110060460637
DR55211-56B00,DISCO FRENO,107,1338,462495,0.9126221446950921
XI-73,FILTRO GASOLINA,107,1339,462602,0.9128332833441205
WT17560-57L00-000,BASE TERMOSTATO,107,1340,462709,0.9130444219931488
DRUR5826630,KIT REPARACION FRENOS,107,1341,462816,0.9132555606421772
PRC1149,BOBINA ENCENDIDO,106,1342,462922,0.9134647260328035
FLJOY,FILTRO INTANK,106,1343,463028,0.9136738914234297
TRUD1435,JGO. PASTILLA DE FRENO,106,1344,463134,0.9138830568140559
FI-JX30A,FILTRO GASOLINA,106,1345,463240,0.9140922222046821
TRUD3427,JGO. PASTILLA DE FRENO,106,1346,463346,0.9143013875953084
HP8377,JGO. PASTILLA DE FRENO,106,1347,463452,0.9145105529859346
TRUD1175,JGO. PASTILLA DE FRENO,106,1348,463558,0.9147197183765609
USNS-2483,"TERMINAL BARRA DIRECCION GOL, PARATI, SAVEIRO",106,1349,463664,0.9149288837671871
1ND012755-111,FARO NEBLINERO LH,106,1350,463770,0.9151380491578133
WT5U0121407,RESERVORIO,106,1351,463876,0.9153472145484396
811711593,KIT BUJES P CAMBIOS GOL,105,1352,463981,0.9155544066806637
TRUD905,JGO. PASTILLA DE FRENO,105,1353,464086,0.9157615988128878
96386780,INYECTOR COMBUSTIBLE,105,1354,464191,0.9159687909451119
USNS-2508,POLEA BOMBA DIRECCION HIDRAULICA AMAROK,105,1355,464296,0.9161759830773359
TS028-GIN-1812,"INYECTOR DE GASOLINA VIRTUS, POLO, T-CROSS",105,1356,464401,0.91638317520956
E115H-D208,FILTRO DE ACEITE,105,1357,464506,0.9165903673417841
KR96325867,SENSOR ARBOL LEVAS,105,1358,464611,0.9167975594740082
5DA230036-181,BOBINA ENCENDIDO,105,1359,464716,0.9170047516062323
PRAFH55M-13,SENSOR MAF,104,1360,464820,0.9172099704800543
FL35IZUMOD,MODULO GASOLINA SUMERGIBLE,104,1361,464924,0.9174151893538762
HD36V2,MOTOSIERRA,104,1362,465028,0.9176204082276982
WT03C121065B,TUBO REFRIGERANTE RADIADOR,104,1363,465132,0.9178256271015202
EP20-2178,KIT DISTRIBUCION,104,1364,465236,0.9180308459753421
FIN31911-2C000,FILTRO INTANK,104,1365,465340,0.9182360648491641
FL42TRD007,BOMBA GASOLINA SUMERGIBLE,104,1366,465444,0.9184412837229861
WT026121144A,TOMA DE AGUA,104,1367,465548,0.918646502596808
ALHP-0569,TENSOR CADENA B ACEITE,103,1368,465651,0.9188497482122279
014301467.2,TAPA C C GOL HASTA 2008,103,1369,465754,0.9190529938276477
EP21-0432,JUEGO DE CADENA DE DISTRIBUCIÓN,103,1370,465857,0.9192562394430676
PR24105479,BOBINA DE IGNICION,103,1371,465960,0.9194594850584874
TRUD700,JGO. PASTILLA DE FRENO,103,1372,466063,0.9196627306739072
TRUD729,JGO. PASTILLA DE FRENO,103,1373,466166,0.9198659762893271
032105401AH,BRAZO DE BIELA POLO 1 6 BR,102,1374,466268,0.9200672486463447
RN8200276588,CARTER,102,1375,466370,0.9202685210033624
HP8373,JGO. PASTILLA DE FRENO,102,1376,466472,0.9204697933603802
DK91175578,POLEA ACCESORIOS,102,1377,466574,0.9206710657173979
FL2352M,BOMBA GASOLINA SUMERGIBLE,102,1378,466676,0.9208723380744155
HP8184,JGO. PASTILLA DE FRENO,102,1379,466778,0.9210736104314332
ALHP-0977,BASE MOTOR DER,102,1380,466880,0.9212748827884509
PRC1627,BOBINA ENCENDIDO,102,1381,466982,0.9214761551454687
FL40DOR078,BOMBA GASOLINA SUMERGIBLE,102,1382,467084,0.9216774275024863
PR76112,KIT DISTRIBUCION,101,1383,467185,0.9218767266011019
WT12620112,BASE TERMOSTATO,101,1384,467286,0.9220760256997175
5DA358057-031,BOBINA ENCENDIDO,101,1385,467387,0.922275324798333
KR27501-24A00,JUEGO CABLES DE BUJIA,101,1386,467488,0.9224746238969486
WT06A103485F,TAPA ACEITE,100,1387,467588,0.9226719497371619
EP20-1602,JUEGO DE CORREAS DENTADAS,100,1388,467688,0.9228692755773754
FL30NIS032,BOMBA GASOLINA SUMERGIBLE,100,1389,467788,0.9230666014175888
FL5Q0919051BN,MODULO GASOLINA SUMERGIBLE,100,1390,467888,0.9232639272578023
WT03L117021C,RADIADOR ACEITE,100,1391,467988,0.9234612530980157
5DA193175-441,BOBINA ENCENDIDO,100,1392,468088,0.9236585789382291
FL26296829,MODULO GASOLINA SUMERGIBLE,100,1393,468188,0.9238559047784426
ALHP-1410,CUBO RUEDA DEL G V,100,1394,468288,0.924053230618656
FL137S8M22,BANDA DISTRIBUCION,100,1395,468388,0.9242505564588694
FLG675-13-35ZA,MODULO GASOLINA SUMERGIBLE,100,1396,468488,0.9244478822990828
XI-102B,FILTRO GASOLINA,100,1397,468588,0.9246452081392963
HP9293,JGO. PASTILLA DE FRENO,100,1398,468688,0.9248425339795097
FL15310-81A00,FILTRO GASOLINA,100,1399,468788,0.9250398598197231
TRUD1522,JGO. PASTILLA DE FRENO,100,1400,468888,0.9252371856599365
KR27501-02C00,JUEGO CABLES DE BUJIA,100,1401,468988,0.92543451150015
1WA013Z40,FILTRO AIRE,100,1402,469088,0.9256318373403634
FLFILHY,PREFILTRO GASOLINA SUMERGIBLE,100,1403,469188,0.9258291631805768
WT1J0513353C,BASE AMORTIGUADOR,99,1404,469287,0.9260245157623881
PR1419,BOBINA ENCENDIDO,99,1405,469386,0.9262198683441994
EP20-1246,JUEGO DE CORREAS DENTADAS,99,1406,469485,0.9264152209260107
TRUD1275,JGO. PASTILLA DE FRENO,99,1407,469584,0.9266105735078219
FL169STPD24,BANDA DISTRIBUCION,99,1408,469683,0.9268059260896333
026121121A,BRIDA TUBULADURA GOL,99,1409,469782,0.9270012786714446
FLAC1,PREFILTRO,99,1410,469881,0.9271966312532559
DKR-012-IZ,JGO MOQUETA,98,1411,469979,0.927390010576665
XI-13,FILTRO GASOLINA,98,1412,470077,0.9275833899000742
HF-15A-X1,MAQUINA,98,1413,470175,0.9277767692234834
FG-6030,FILTRO GASOLINA,98,1414,470273,0.9279701485468925
DR51712-1G000,DISCO FRENO,98,1415,470371,0.9281635278703017
GLYSANTING48,REFRIGERANTE,97,1416,470468,0.9283549339353087
FL46765587,MODULO GASOLINA SUMERGIBLE,97,1417,470565,0.9285463400003158
WT028145278E,TENSOR BANDA ALTERNADOR,97,1418,470662,0.9287377460653228
325907411.1,RELAY DE POTENCIA GOL 97,97,1419,470759,0.9289291521303298
XI-91,FILTRO GASOLINA,97,1420,470856,0.9291205581953368
XI-55,FILTRO COMBUSTIBLE,97,1421,470953,0.9293119642603438
TB8200908869,CUERPO ACELERACION,96,1422,471049,0.9295013970669487
FL96629370,MODULO GASOLINA SUMERGIBLE,96,1423,471145,0.9296908298735536
PRTK237,KIT DISTRIBUCION,96,1424,471241,0.9298802626801584
VW038103601NA,CARTER,96,1425,471337,0.9300696954867634
PRE789,SOKQUET,96,1426,471433,0.9302591282933683
GM25189698,BOMBA ACEITE,96,1427,471529,0.9304485610999732
FL5M519H307,MODULO GASOLINA SUMERGIBLE,96,1428,471625,0.9306379939065781
PRE239,SOKQUET,96,1429,471721,0.930827426713183
OES-31111-0M000,BOMBA DE GASOLINA TUCSON NEW SPORTAGE,95,1430,471816,0.9310148862613857
DR51712-07500,DISCO FRENO,95,1431,471911,0.9312023458095885
EP20-1603,KIT DISTRIBUCION,95,1432,472006,0.9313898053577913
ALHP-1746,PERNO RUEDA,95,1433,472101,0.931577264905994
TRUD1092,JGO. PASTILLA DE FRENO,95,1434,472196,0.9317647244541968
EP21-0388,JUEGO DE CADENA DE DISTRIBUCIÓN,95,1435,472291,0.9319521840023994
TRUD1186,JGO. PASTILLA DE FRENO,94,1436,472385,0.9321376702922001
AVM405,JGO. DE RUEDA LIBRE,94,1437,472479,0.9323231565820007
WT5Z0121253F,RADIADOR DE AGUA,94,1438,472573,0.9325086428718014
TRUD161,JGO. PASTILLA DE FRENO,94,1439,472667,0.932694129161602
WT5Z0121253E,RADIADOR DE AGUA,93,1440,472760,0.9328776421930005
TRUD611,JGO. PASTILLA DE FRENO,93,1441,472853,0.9330611552243989
FL1K0919050AB,MODULO GASOLINA SUMERGIBLE,93,1442,472946,0.9332446682557974
FL4000W202,BOMBA GASOLINA SUMERGIBLE,93,1443,473039,0.933428181287196
TRD4106,KIT DISTRIBUCION,93,1444,473132,0.9336116943185944
TRUD1189,JGO. PASTILLA DE FRENO,93,1445,473225,0.9337952073499929
FIN23300-74330,FILTRO INTANK,93,1446,473318,0.9339787203813914
ALHP-2170,CILINDRO RECEPTOR EMBRAGUE POLO BR,92,1447,473410,0.9341602601543877
TRUD660,JGO. PASTILLA DE FRENO,92,1448,473502,0.9343417999273841
FL60VW0140,BOMBA GASOLINA SUMERGIBLE,92,1449,473594,0.9345233397003805
WP92065969,BOMBA AGUA,92,1450,473686,0.9347048794733768
FL30CHN015,BOMBA GASOLINA SUMERGIBLE,92,1451,473778,0.9348864192463732
WT6Q0121619,BRIDA TUBO DISTRIBUIDOR,92,1452,473870,0.9350679590193695
FL30MIT033,BOMBA GASOLINA SUMERGIBLE,92,1453,473962,0.9352494987923659
ALHP-2434,TAPON CARTER,92,1454,474054,0.9354310385653622
ALHP-0777,DEPOSITO AGUA RADIADOR C S,92,1455,474146,0.9356125783383585
6PU013122-671,SENSOR POSICION ARBOL LEVAS,91,1456,474237,0.9357921448529528
WT96325222,PROTECTOR DISTRIBUCION SUP.,91,1457,474328,0.935971711367547
CR1931-MAR-1649,EMBLEMA DELA,91,1458,474419,0.9361512778821413
GM92065755,CARTER,91,1459,474510,0.9363308443967354
PRIAC1054,VALVULA IAC,91,1460,474601,0.9365104109113297
TRUD9730,JGO. PASTILLA DE FRENO,91,1461,474692,0.9366899774259239
EP20-1886,KIT DISTRIBUCION,90,1462,474782,0.936867570682116
DK032145276,POLEA ACCESORIOS,90,1463,474872,0.9370451639383081
373868403,MANIJA INT IZQ PLASTICA GOL 98,90,1464,474962,0.9372227571945001
FL1K0919051DA,MODULO GASOLINA SUMERGIBLE,90,1465,475052,0.9374003504506923
TRUD566,JGO. PASTILLA DE FRENO,90,1466,475142,0.9375779437068843
811711803A,VARILLA MARCHA CAMBIOS GOL 3257118031,90,1467,475232,0.9377555369630763
TB03L128063S,CUERPO ACELERACION,89,1468,475321,0.9379311569608664
VW1H0199262F,BASE MOTOR,89,1469,475410,0.9381067769586563
FL42B13005,BOMBA GASOLINA SUMERGIBLE,89,1470,475499,0.9382823969564462
FL31110-07000,MODULO GASOLINA SUMERGIBLE,88,1471,475587,0.938456043695834
FL17040-4BB1A,MODULO DE GAASOLINA,88,1472,475675,0.9386296904352218
TRUD1297,JGO. PASTILLA DE FRENO,88,1473,475763,0.9388033371746097
TRUD430,JGO. PASTILLA DE FRENO,88,1474,475851,0.9389769839139975
97133-F2000,FILTRO AIRE CABINA KIA RIO 2018,88,1475,475939,0.9391506306533853
SL25620-23610,TERMOSTATO METALICO,88,1476,476027,0.9393242773927731
WT036919081D,TROMPO ACEITE,88,1477,476115,0.9394979241321609
FLE2358M,MODULO GASOLINA SUMERGIBLE,88,1478,476203,0.9396715708715487
EP20-1258,KIT DISTRIBUCION,88,1479,476291,0.9398452176109365
056919081E,TROMPO PRESION ACEITE ALTA G V BLANCO,88,1480,476379,0.9400188643503244
FL25060-8H311,SENSOR NIVEL GASOLINA NISSAN XTRAIL T30,88,1481,476467,0.9401925110897122
USNS-2485,"PISTON 2.00 cc TIGUAN (5N_) TFSI 2007---2018, GOLF VI (5K1) 2009---2012, JETTA CLASICO VI 2010--->, PASSAT 2005---201...",87,1482,476554,0.9403641845706979
WT2E0121253B,RADIADOR DE AGUA,87,1483,476641,0.9405358580516836
FL60150100,BOMBA GASOLINA SUMERGIBLE,87,1484,476728,0.9407075315326693
WT251941521,TROMPO RETRO,87,1485,476815,0.940879205013655
TRUD882,JGO. PASTILLA DE FRENO,87,1486,476902,0.9410508784946406
ALHP-0755,SEGURO CENTRAL RIEL ASIENTO 435881203A,87,1487,476989,0.9412225519756263
FL30MU0220,BOMBA GASOLINA SUMERGIBLE,87,1488,477076,0.941394225456612
FL30CLI009,BOMBA GASOLINA SUMERGIBLE,86,1489,477162,0.9415639256791956
FL31110-25000,MODULO GASOLINA SUMERGIBLE,86,1490,477248,0.9417336259017791
FL1760A156,MODULO GASOLINA SUMERGIBLE,86,1491,477334,0.9419033261243627
TRUD1035,JGO. PASTILLA DE FRENO,86,1492,477420,0.9420730263469462
WT547959481,TERMOSWITCH ELECTROVENTILADOR,86,1493,477506,0.9422427265695298
FL30SENR16,BOMBA GASOLINA SUMERGIBLE,85,1494,477591,0.9424104535337111
XI-97,TAPA MODULO GASOLINA,85,1495,477676,0.9425781804978925
DK2441023050,TENSOR.          HYUNDAI TUCSON 2.0,85,1496,477761,0.942745907462074
FLWL81-13-ZA0,VALVULA CEBADORA,85,1497,477846,0.9429136344262554
FLFILVW,FILTRO GASOLINA SUMERGIBLE,85,1498,477931,0.9430813613904367
VW6RF199851C,BASE MOTOR,85,1499,478016,0.9432490883546182
PR96553241,ELECTRO VENTILADOR,85,1500,478101,0.9434168153187996
WT1J0412319C,PLATILLO SUPERIOR AMORTIGUADOR DELANTERO SUPERIOR,84,1501,478185,0.9435825690245789
WT027115611C,VARILLA MEDIR ACEITE,84,1502,478269,0.9437483227303581
DKR-1-GREEN_L,VERDE LITRO,84,1503,478353,0.9439140764361375
FL40IZU090,BOMBA GASOLINA SUMERGIBLE,84,1504,478437,0.9440798301419168
DK038903315AN,POLEA TENSORA,84,1505,478521,0.944245583847696
USNS-0654,BANDA ALTERNADOR JETTA 2012 5DPK1554,83,1506,478604,0.9444093642950732
DKR-058-NS,JGO MOQUETA,83,1507,478687,0.9445731447424504
13780-65J00,FILTRO AIRE,83,1508,478770,0.9447369251898274
DKR4377,BOMBA GASOLINA SUMERGIBLE,83,1509,478853,0.9449007056372046
PRC961,BOBINA ENCENDIDO,83,1510,478936,0.9450644860845817
ALHP-2454,JUNTA INYECTOR,83,1511,479019,0.9452282665319589
HP2014,JGO. PASTILLA DE FRENO,83,1512,479102,0.945392046979336
DK96103222,TEMPLADOR BANDA DISTRIBUCION,83,1513,479185,0.9455558274267132
FIN31910-2H000,FILTRO INTANK,83,1514,479268,0.9457196078740904
ALHP-2452,TUBO CALEFACCION,83,1515,479351,0.9458833883214675
WT1J5949117A,FARO GUIA LATERAL,82,1516,479433,0.9460451955104425
FL30CHN007,BOMBA GASOLINA SUMERGIBLE,82,1517,479515,0.9462070026994175
VW06J115105AB,BOMBA ACEITE,82,1518,479597,0.9463688098883926
HP2020,JGO. PASTILLA DE FRENO,82,1519,479679,0.9465306170773675
AVM439,JGO. RUEDA LIBRE,82,1520,479761,0.9466924242663425
XI-28,FILTRO GASOLINA,82,1521,479843,0.9468542314553176
6PU009106-091,SENSOR ABS DELANTERO LH,82,1522,479925,0.9470160386442925
06A133398F,JUNTA TUBULADORA ASPIRACION,82,1523,480007,0.9471778458332676
FL0881500B,BOMBA GASOLINA SUMERGIBLE,82,1524,480089,0.9473396530222425
FL1604703594,BOMBA GASOLINA SUMERGIBLE,81,1525,480170,0.9474994869528155
6PU012681-021,SENSOR HALL,81,1526,480251,0.9476593208833883
AVM407,JGO. DE RUEDA LIBRE,81,1527,480332,0.9478191548139612
VW6RF199262Q,BASE MOTOR,81,1528,480413,0.9479789887445341
DR31319,DISCO FRENO,81,1529,480494,0.948138822675107
1K0721261R,CILINDRO RECEPTOR EMBRAGUE JETTA 25,81,1530,480575,0.9482986566056798
TRUD1157,JGO. PASTILLA DE FRENO,81,1531,480656,0.9484584905362528
TH-1051,FILTRO ACEITE,81,1532,480737,0.9486183244668256
TRUD50,JGO. PASTILLA DE FRENO,81,1533,480818,0.9487781583973984
TRUD154,JGO. PASTILLA DE FRENO,80,1534,480898,0.9489360190695691
PROS2,SENSOR OXIGENO,80,1535,480978,0.94909387974174
FLFILST10,FILTRO GASOLINA SUMERGIBLE,80,1536,481058,0.9492517404139107
ALHP-0480,TERMOSTATO GOLF JETTA IV POLO CLASS,80,1537,481138,0.9494096010860814
GM96535010,RULIMAN BASE AMORTIGUADOR,80,1538,481218,0.9495674617582521
TRUD883,JGO. PASTILLA DE FRENO,80,1539,481298,0.949725322430423
EP21-0046,JUEGO DE CADENA DE DISTRIBUCIÓN,80,1540,481378,0.9498831831025937
VW036115105D,BOMBA ACEITE,80,1541,481458,0.9500410437747644
USNS-0746,"KIT RULIMAN DE RUEDA POSTERIOR GOL, VENTO, PARATI, SAVEIRO, FELICIA, GOLF I 1983---1993, GOLF II 1984---1991, GOLF III 1...",79,1542,481537,0.950196931188533
1K5955651,BOMBA LAVAPARABRISAS BORA,79,1543,481616,0.9503528186023016
WT032121110L,"TERMOSTADO GOL V 1.6, POLO BRASIL 1.6, FOX 1.6 CON A/C",79,1544,481695,0.9505087060160702
USNS-0326,"EMPAQUE CABEZOTE ORIGINAL GOLF VENTO 2.0, GOLF IV 1.6 ALEMAN",79,1545,481774,0.9506645934298388
WT04L121026F,CAJA REGULADORA DE AGUA,79,1546,481853,0.9508204808436075
EP20-1261,JUEGO DE CORREAS DENTADAS,79,1547,481932,0.9509763682573761
AVM538,JGO. DE RUEDA LIBRE,79,1548,482011,0.9511322556711447
SU9494,SENSOR MAP,79,1549,482090,0.9512881430849133
EP21-0397,KIT DISTRIBUCION,79,1550,482169,0.9514440304986819
FLDMAX218,SENSOR NIVEL GASOLINA,79,1551,482248,0.9515999179124505
FLRE1,PREFILTRO,78,1552,482326,0.9517538320678169
HP1022,JGO. PASTILLA DE FRENO,78,1553,482404,0.9519077462231834
CR5971-CP-1639,TOPE CAPOT AJUSTABLE,78,1554,482482,0.9520616603785499
TH-2870-D,FILTRO ACEITE VW DOBLE VALVULA LARGO 3/4 X 16,78,1555,482560,0.9522155745339164
WT049109111C,POLEA ARBOL DE LEVAS,78,1556,482638,0.9523694886892828
FL22021132,BOMBA GASOLINA SUMERGIBLE,78,1557,482716,0.9525234028446493
FG-5931,FILTRO GASOLINA,78,1558,482794,0.9526773170000158
TRUD1139,JGO. PASTILLA DE FRENO,77,1559,482871,0.9528292578969801
XI-03,FILTRO GASOLINA (31112-3E000),77,1560,482948,0.9529811987939445
ALHP-0201,TROMPO RETRO POLO-GOLF-JETTA,77,1561,483025,0.9531331396909088
FIN23300-21010,FILTRO INTANK,77,1562,483102,0.9532850805878731
WT0K9BV1507XF,CAJA REGULADORA DE AGUA,77,1563,483179,0.9534370214848374
DR2110-3501070,DISCO FRENO,76,1564,483255,0.9535869891233997
MO5971-OEM-1898,BASE PORTA BATERIA,76,1565,483331,0.9537369567619619
377601165,EMBLEMA ARO R15,76,1566,483407,0.9538869244005241
DK24506756,POLEA ACCESORIOS,76,1567,483483,0.9540368920390863
KIT044,JGO MICROFILTRO,76,1568,483559,0.9541868596776485
96539649,FILTRO AIRE CABINA AVEO FAMILY CHEVITAXI,76,1569,483635,0.9543368273162107
ETCK0022,KIT DISTRIBUCION,76,1570,483711,0.954486794954773
KR27501-37B00,JUEGO CABLES DE BUJIA,76,1571,483787,0.9546367625933351
KR93860-39012,TROMPO RETRO,75,1572,483862,0.9547847569734952
WT547959481A,TERMOSWICHT,75,1573,483937,0.9549327513536553
305419831.1,GUARDAPOLVO DE LA DIRECCION GOL,75,1574,484012,0.9550807457338153
SF3551-FIN-2623,PALANCA FRENO MANO,75,1575,484087,0.9552287401139754
97617-4H000,FILTRO AIRE HYUNDAI H1 TQ NUEVA CAB,75,1576,484162,0.9553767344941355
ALHP-1111,RADIADOR DE LA CALEFACCION GOLF IV,75,1577,484237,0.9555247288742955
TR2521-FOR-0052,HORQUILLA 3RA Y 4TA ALTERNA,75,1578,484312,0.9556727232544556
EP29-0019,BANDA DISTRIBUCION,75,1579,484387,0.9558207176346157
KR95961350,TROMPO ACEITE,75,1580,484462,0.9559687120147757
FL35180318,BOMBA GASOLINA SUMERGIBLE,74,1581,484536,0.9561147331365337
FG-31130,FILTRO GASOLINA,74,1582,484610,0.9562607542582916
KR32998031,JUEGO CABLES DE BUJIA,74,1583,484684,0.9564067753800496
TRUD52,JGO. PASTILLA DE FRENO,74,1584,484758,0.9565527965018075
CR5971-NAT-1866,GUARDAPOLVO P/CAMBIO CROMADA,74,1585,484832,0.9566988176235655
FL06A109119K,BANDA DE DISTRIBUCION 138S8M23,74,1586,484906,0.9568448387453233
WT96182952,PROTECTOR DISTRIBUCION SUP.,74,1587,484980,0.9569908598670813
DR42431-52080,DISCO FRENO,74,1588,485054,0.9571368809888392
VW051103601,CARTER,73,1589,485127,0.9572809288521951
USNS-0529,"BALANCINES AMAROK 2009--->, CRAFTER 30-35 AUTOBUS 2011---2016, CRAFTER 30-50 FURGON 2011---2016, EUROVAN 2009---2015,...",73,1590,485200,0.9574249767155508
TB35100-2B150,CUERPO ACELERACION,73,1591,485273,0.9575690245789067
FL31110-02500,MODULO GASOLINA SUMERGIBLE,73,1592,485346,0.9577130724422624
GM90410741,RETEN VALVULAS,73,1593,485419,0.9578571203056183
FL056109119A,BANDA DE DISTRIBUCION 121ZA18,73,1594,485492,0.9580011681689741
036109601AD,VALVULA ADMISION POLO 1 4,72,1595,485564,0.9581432427739277
FL30HYD000,BOMBA GASOLINA SUMERGIBLE,72,1596,485636,0.9582853173788815
17801-78110,FILTRO AIRE,72,1597,485708,0.9584273919838351
EP20-1343,JUEGO DE CORREAS DENTADAS,72,1598,485780,0.9585694665887887
TRUD792,JGO. PASTILLA DE FRENO,72,1599,485852,0.9587115411937424
ETBK5005,KIT  DISTRIBUCION,72,1600,485924,0.9588536157986961
HP1034,JGO. PASTILLA DE FRENO,72,1601,485996,0.9589956904036497
GM96263403,RELAY LUCES,71,1602,486067,0.9591357917502012
FLHAVAL,MODULO GASOLINA SUMERGIBLE,71,1603,486138,0.9592758930967528
DK8200908180,TEMPLADOR BANDA DISTRIBUCION,71,1604,486209,0.9594159944433044
EP21-0549,JUEGO DE CADENA DE DISTRIBUCIÓN,71,1605,486280,0.9595560957898559
GM24106343,MOTOR ARRANQUE,71,1606,486351,0.9596961971364074
FL77020-02190,MODULO GASOLINA SUMERGIBLE,71,1607,486422,0.9598362984829589
WT1H0837187A,BOTON PUERTA,71,1608,486493,0.9599763998295104
17720-3640,FILTRO AIRE,71,1609,486564,0.960116501176062
USNS-0052,"HORQUILLA 3RA Y 4TA GOL, SAVEIRO 1994---2006",71,1610,486635,0.9602566025226136
FLAMAROK,PREFILTRO GASOLINA SUMERGIBLE,71,1611,486706,0.9603967038691651
6PU009121-451,SENSOR POSICION ARBOL LEVAS,71,1612,486777,0.9605368052157166
FLAV1,PREFILTRO,71,1613,486848,0.9606769065622681
USNS-0438,SONDA LAMBDA AMAROK,71,1614,486919,0.9608170079088196
FG-511B,FILTRO GASOLINA,70,1615,486989,0.960955135996969
XI-153,PORTA FILTRO COMBUSTIBLE,70,1616,487059,0.9610932640851185
ETBK5001,KIT DISTRIBUCION,70,1617,487129,0.9612313921732679
FL60THA005,BOMBA GASOLINA SUMERGIBLE,70,1618,487199,0.9613695202614173
WT1J0973081,SOCKET TROMPO ACEITE,70,1619,487269,0.9615076483495667
FL4012B900,BOMBA GASOLINA SUMERGIBLE,70,1620,487339,0.9616457764377161
KR94580644,RELAY LUCES,70,1621,487409,0.9617839045258655
HP1015,JGO. PASTILLA DE FRENO,70,1622,487479,0.9619220326140149
HP9986,JGO. PASTILLA DE FRENO,70,1623,487549,0.9620601607021643
TBL3R413640,CUERPO ACELERACION,70,1624,487619,0.9621982887903137
036103383AM,EMPAQUE CABEZOTE POLO 1 4,69,1625,487688,0.9623344436200609
FL50FORD01,BOMBA GASOLINA SUMERGIBLE,69,1626,487757,0.9624705984498082
FL7700431718,MODULO GASOLINA SUMERGIBLE,69,1627,487826,0.9626067532795555
TRUD535,JGO. PASTILLA DE FRENO,69,1628,487895,0.9627429081093027
FLTUG1,PREFILTRO,69,1629,487964,0.96287906293905
96553450,FILTRO AIRE,69,1630,488033,0.9630152177687973
FG-1100,FILTRO GASOLINA,68,1631,488101,0.9631493993401424
ED1331-OEM-1561,GUARDAPOLVO DIRECCION,68,1632,488169,0.9632835809114875
HP9698,JGO. PASTILLA DE FRENO,68,1633,488237,0.9634177624828326
DR51712-02550,DISCO FRENO,68,1634,488305,0.9635519440541778
5DA193175-951,BOMBA DE ENCENDIDO,68,1635,488373,0.9636861256255229
DKR3331,BOMBA GASOLINA SUMERGIBLE,68,1636,488441,0.9638203071968681
TRUD668,JGO. PASTILLA DE FRENO,68,1637,488509,0.9639544887682132
FLFILTCSDSL,FILTRO GASOLINA SUMERGIBLE,68,1638,488577,0.9640886703395583
TRUD1072,JGO. PASTILLA DE FRENO,67,1639,488644,0.9642208786525013
FL4001W100,BOMBA GASOLINA SUMERGIBLE,67,1640,488711,0.9643530869654443
TRUD1184,JGO. PASTILLA DE FRENO,67,1641,488778,0.9644852952783873
ALHP-2150,VARILLA ACCIONAMIENTO B E POLO,67,1642,488845,0.9646175035913302
FL30CHN005,BOMBA GASOLINA SUMERGIBLE,67,1643,488912,0.9647497119042733
USNS-1287,BUJE CREMALLERA AMAROK,67,1644,488979,0.9648819202172163
WT6Q0959455J,ELECTROVENTILADOR,67,1645,489046,0.9650141285301593
ALHP-2251,MESA SUSPENSION LH POLO 2017,67,1646,489113,0.9651463368431022
WT7700600514,CAJA REGULADORA DE AGUA,67,1647,489180,0.9652785451560453
CR1391-ORI-2632,CERRADURA PUERTA DELA RH,67,1648,489247,0.9654107534689883
MO3491-OEM-2629,MULTIPLE ADMISION,67,1649,489314,0.9655429617819312
EP21-0413,JUEGO DE CADENA DE DISTRIBUCIÓN,67,1650,489381,0.9656751700948742
TRUD1318,JGO. PASTILLA DE FRENO,66,1651,489447,0.9658054051494152
AVM418,JGO. DE RUEDA LIBRE,66,1652,489513,0.965935640203956
026121053G,MANGUERA AGUA GOL,66,1653,489579,0.9660658752584969
FINMR526974,FILTRO INTANK,66,1654,489645,0.9661961103130378
TRUD1830,JGO. PASTILLA DE FRENO,66,1655,489711,0.9663263453675786
TRUD41,JGO. PASTILLA DE FRENO,66,1656,489777,0.9664565804221195
TRD1001,KIT DISTRIBUCION,66,1657,489843,0.9665868154766603
FG-3480W,FILTRO GASOLINA,66,1658,489909,0.9667170505312012
5U0501117,PUNTA EJE POSTERIOR,65,1659,489974,0.96684531232734
TRUD200,JGO. PASTILLA DE FRENO,65,1660,490039,0.9669735741234786
048129717D,JUNTA COLECTOR ADMISION G V 1 8 ALEMAN,65,1661,490104,0.9671018359196173
377953516,KIT COBERTURA COL DIRECCION GOL 95,65,1662,490169,0.9672300977157561
HP5267,JGO. PASTILLA DE FRENO,65,1663,490234,0.9673583595118947
FL30T28030,BOMBA GASOLINA SUMERGIBLE,65,1664,490299,0.9674866213080335
FLTU200COM,MODULO GASOLINA SUMERGIBLE,65,1665,490364,0.9676148831041722
TRUD785,JGO. PASTILLA DE FRENO,65,1666,490429,0.967743144900311
PR9052870,SENSOR OXIGENO,64,1667,490493,0.9678694334380475
TR2531-KIT-2625,KIT REPARACION HORQUILLA EMBRAGUE,64,1668,490557,0.9679957219757842
TRUD1143,JGO. PASTILLA DE FRENO,64,1669,490621,0.9681220105135208
RD402101554R,RULIMAN RUEDA,64,1670,490685,0.9682482990512573
FL3045400T,BOMBA GASOLINA SUMERGIBLE,64,1671,490749,0.968374587588994
KR0K30C-15-025B,ELECTROVENTILADOR,64,1672,490813,0.9685008761267305
FL8-97209145-0,MODULO GASOLINA SUMERGIBLE,64,1673,490877,0.9686271646644672
WT96182950,PROTECTOR DISTRIBUCION POST.,64,1674,490941,0.9687534532022037
96536696,FILTRO AIRE,64,1675,491005,0.9688797417399403
FLDMX,PREFILTRO,64,1676,491069,0.969006030277677
FL191S8M32,BANDA DISTRIBUCION,63,1677,491132,0.9691303455570114
28113-1G000,FILTRO AIRE,63,1678,491195,0.9692546608363458
FL15100-78K20,MODULO GASOLINA SUMERGIBLE,63,1679,491258,0.9693789761156802
FL97945604,BOMBA GASOLINA SUMERGIBLE,62,1680,491320,0.9695013181366127
014311313,CHAVETA CC GOL 1234,62,1681,491382,0.969623660157545
ALHP-0066,BUJE GUIA ARBOL PRINC C C G V,62,1682,491444,0.9697460021784773
TRUD242,JGO. PASTILLA DE FRENO,62,1683,491506,0.9698683441994096
TRUDB1424,JGO. PASTILLA DE FRENO,62,1684,491568,0.9699906862203419
USNS-2509,MODULO GASOLINA SUMERGIBLE,62,1685,491630,0.9701130282412742
HP9543,JGO. PASTILLA DE FRENO,62,1686,491692,0.9702353702622066
037121065K,CANERIA DE AGUA 18 GOLF,62,1687,491754,0.9703577122831389
YKD96489845,PUNTA HOMOCINETICA,62,1688,491816,0.9704800543040712
03L903137R,BANDA ALTERNADOR CRAFTER 6PK 1613,61,1689,491877,0.9706004230666014
MO3621-OEM-1967,DEFLECTOR RADIADOR SUP,61,1690,491938,0.9707207918291316
ETBK0029,KIT DISTRIBUCION,61,1691,491999,0.9708411605916618
FL30454078,BOMBA GASOLINA SUMERGIBLE,61,1692,492060,0.970961529354192
SL90873245,RESERVORIO,61,1693,492121,0.9710818981167222
FL35BLZ061,BOMBA GASOLINA SUMERGIBLE,61,1694,492182,0.9712022668792524
KR96350159,BOMBA ACEITE,61,1695,492243,0.9713226356417826
PR76580,KIT DISTRIBUCION,61,1696,492304,0.9714430044043127
MO5151-2M-0107,TAPA BANDA DIST. SUP,61,1697,492365,0.9715633731668429
KR21310-21030,BOMBA ACEITE,61,1698,492426,0.9716837419293731
AVM460,JGO. DE RUEDA LIBRE,61,1699,492487,0.9718041106919033
1HM121101JAHU,MANGUERA PULPO GV 2 0,60,1700,492547,0.9719225061960314
PRF540E-1,REGULADOR VOLTAJE,60,1701,492607,0.9720409017001594
TRUD280,JGO. PASTILLA DE FRENO,60,1702,492667,0.9721592972042875
5DA193175-501,BOBINA ENCENDIDO,60,1703,492727,0.9722776927084156
XI-65,FILTRO GASOLINA,60,1704,492787,0.9723960882125436
DKR4837,BOMBA GASOLINA SUMERGIBLE,60,1705,492847,0.9725144837166717
USNS-2488,"CHAQUETA DE BANCADA AMAROK TSI 2010---2015, TIGUAN (5N_) TFSI 2007---2018, GOLF VI (5K1) 2009---2012, JETTA CLASICO VI 2...",60,1706,492907,0.9726328792207998
FL31110-1W000,MODULO GASOLINA SUMERGIBLE,60,1707,492967,0.9727512747249277
FL300E2258,BOMBA GASOLINA SUMERGIBLE,60,1708,493027,0.9728696702290558
FL31110-1R000,MODULO GASOLINA SUMERGIBLE,59,1709,493086,0.9729860924747817
TR2521-TAL-0050,HORQUILLA 1RA Y 2DA ALTERNA,59,1710,493145,0.9731025147205077
AVM432,JGO. DE RUEDA LIBRE,59,1711,493204,0.9732189369662336
PRTK135,KIT DISTRIBUCION,59,1712,493263,0.9733353592119596
KR96352648,BOMBA AGUA,59,1713,493322,0.9734517814576854
FLCOR,PREFILTRO,59,1714,493381,0.9735682037034114
1H4839462A,LEVANTAVIDRIO ELEC DER POST G V,59,1715,493440,0.9736846259491373
FL40CE7192,BOMBA GASOLINA SUMERGIBLE,59,1716,493499,0.9738010481948632
FL30CHN011,BOMBA GASOLINA SUMERGIBLE,59,1717,493558,0.9739174704405892
EP20-1244,JUEGO DE CORREAS DENTADAS,58,1718,493616,0.9740319194279129
WT26906247,VALVULA IAC,58,1719,493674,0.9741463684152367
TRD7002,KIT DISTRIBUCION,58,1720,493732,0.9742608174025605
KR21310-2G011,BOMBA ACEITE,58,1721,493790,0.9743752663898843
SL21200-31U01,TERMOSTATO METÁLICO,58,1722,493848,0.9744897153772081
FLSF2,PREFILTRO,58,1723,493906,0.9746041643645319
8-98071423-0,FILTRO AIRE,58,1724,493964,0.9747186133518556
96425700,FILTRO AIRE CHEVROLET SPARK 10/ COB,58,1725,494022,0.9748330623391794
WT059109417J,BALANCINES,58,1726,494080,0.9749475113265033
WT2H0121253A,RADIADOR,58,1727,494138,0.975061960313827
WT6Q0121253AE,RADIADOR DE AGUA,58,1728,494196,0.9751764093011508
WT8200493154,CAJA REGULADORA DE AGUA,57,1729,494253,0.9752888850300725
HP9961,JGO. PASTILLA DE FRENO,57,1730,494310,0.9754013607589941
DR96471275,DISCO FRENO,57,1731,494367,0.9755138364879158
HP5274,JGO. PASTILLA DE FRENO,57,1732,494424,0.9756263122168374
PR76532,KIT DISTRIBUCION,57,1733,494481,0.9757387879457591
068103085A,RETEN EJE MOTOR ARBOL LEVAS CIGUENAL,57,1734,494538,0.9758512636746808
TRUD1086,JGO. PASTILLA DE FRENO,57,1735,494595,0.9759637394036024
TRUD799,JGO. PASTILLA DE FRENO,57,1736,494652,0.9760762151325241
FLG677-13-35ZA,MODULO GASOLINA SUMERGIBLE,57,1737,494709,0.9761886908614457
TRUD2038S,JGO. PASTILLA DE FRENO,57,1738,494766,0.9763011665903674
KR95975940,BUJE SUSPENSION,57,1739,494823,0.976413642319289
MO1171-OEM-1972,DEPOSITO CANISTER,57,1740,494880,0.9765261180482107
5DA193175-971,BOMBA ENCENDIDO,57,1741,494937,0.9766385937771324
EPPK06651,BOMBA DE AGUA + KIT CORREA DISTRIBUCIÓN,57,1742,494994,0.976751069506054
DP27301-2B010,BOBINA ENCENDIDO,56,1743,495050,0.9768615719765735
WT1J0129684CK,TUBO UNION ASPIRACION,56,1744,495106,0.976972074447093
FL42454CYH,BOMBA GASOLINA SUMERGIBLE,56,1745,495162,0.9770825769176125
FL7237M,MODULO GASOLINA SUMERGIBLE,56,1746,495218,0.977193079388132
EP20-1915,JUEGO DE CORREAS DENTADAS,56,1747,495274,0.9773035818586515
XI-15,FILTRO GASOLINA,56,1748,495330,0.9774140843291711
DKR-1-GREEN,REFRIGERANTE,56,1749,495386,0.9775245867996906
SL12380318,VALVULA CALECFACCION,55,1750,495441,0.977633116011808
EPP512,BOMBA DE AGUA,55,1751,495496,0.9777416452239254
EP20-1687,JUEGO DE CORREAS DENTADAS,55,1752,495551,0.9778501744360427
TH-4386,"FILTRO ACEITE SUZUKI GRAND VITARA SZ TODOS, SHINERAY X30-X30L, COROLLA /08, CAMRY, PRIUS SPORT 1.5CC HYBRID, RAV4 2.0CC ...",55,1753,495606,0.9779587036481602
FL60IZU160,BOMBA GASOLINA SUMERGIBLE,55,1754,495661,0.9780672328602775
FL13586776,BOMBA GASOLINA SUMERGIBLE,55,1755,495716,0.9781757620723949
FL77024-52122,MODULO GASOLINA SUMERGIBLE,54,1756,495770,0.9782823180261102
NAK06040,KIT EMBRAGUE,54,1757,495824,0.9783888739798254
EPPK05133,BOMBA DE AGUA + KIT CORREA DISTRIBUCIÓN,54,1758,495878,0.9784954299335407
SL21711-JE40A,RESERVORIO,54,1759,495932,0.9786019858872559
DK90529810,TEMPLADOR BANDA DISTRIBUCION,54,1760,495986,0.9787085418409711
16546-F4101,FILTRO  AIRE,54,1761,496040,0.9788150977946865
KIT006HP,JGO MICROFILTRO,54,1762,496094,0.9789216537484017
WT256202G500,CAJA REGULADORA DE AGUA,54,1763,496148,0.9790282097021169
FL5U0919051,MODULO GASOLINA SUMERGIBLE,54,1764,496202,0.9791347656558321
FG-0101,FILTRO GASOLINA,53,1765,496255,0.9792393483511452
FL24546376,MODULO GASOLINA SUMERGIBLE,53,1766,496308,0.9793439310464584
TRUD862,JGO. PASTILLA DE FRENO,53,1767,496361,0.9794485137417716
FIN31911-26000,FILTRO INTANK,53,1768,496414,0.9795530964370847
OES-13238,ACEITE MOBIL SUPER 1000 10W30 4X4 GALON,52,1769,496466,0.9796557058739956
ALHP-0630,SEPARADOR DE ACEITE PCV AMAROK,52,1770,496518,0.9797583153109066
DR51712-FD200,DISCO FRENO,52,1771,496570,0.9798609247478176
SL12603830,TERMOSTATO METÁLICO,52,1772,496622,0.9799635341847286
KR96314166,ELECTRO VENTILADOR,52,1773,496674,0.9800661436216396
3B0837187B,BOTON PUERTA GOLF IV,52,1774,496726,0.9801687530585506
FL2H09190KIT,KIT DE REPARACION AMAROK,52,1775,496778,0.9802713624954615
DR55211-65J00,DISCO FRENO,51,1776,496829,0.9803719986739704
WT1J0121087B,TOMA DE AGUA GOLF IV 2000--,51,1777,496880,0.9804726348524792
DK8973285120,TEMPLADOR BANDA DISTRIBUCION,51,1778,496931,0.980573271030988
EP20-1758,JUEGO DE CORREAS DENTADAS,51,1779,496982,0.9806739072094969
KR27350-3X100,JUEGO CABLES DE BUJIA,51,1780,497033,0.9807745433880057
FL17040-JY10A,MODULO GASOLINA SUMERGIBLE,50,1781,497083,0.9808732063081125
8-97251943-0,FILTRO AIRE,50,1782,497133,0.9809718692282192
PRHYACCENT,REGULADOR PRESION GASOLINA,50,1783,497183,0.9810705321483258
FL40TATX60,BOMBA GASOLINA SUMERGIBLE,50,1784,497233,0.9811691950684326
DKR-1-RED,REFRIGERANTE,50,1785,497283,0.9812678579885393
TRUD1050,JGO. PASTILLA DE FRENO        TICO SUZUKI ALTO DEL,50,1786,497333,0.9813665209086461
XI-07,FILTRO GASOLINA,50,1787,497383,0.9814651838287527
TRD4079,KIT DISTRIBUCION,50,1788,497433,0.9815638467488594
FL31110-0W000,MODULO GASOLINA SUMERGIBLE,50,1789,497483,0.9816625096689662
06A919081D,TROMPO PRESION ACEITE GOLF IV,50,1790,497533,0.9817611725890729
TRUD1379,JGO. PASTILLA DE FRENO,50,1791,497583,0.9818598355091795
WT13049F4300,BASE TERMOSTATO,50,1792,497633,0.9819584984292863
KR95994977,BARRA ESTABILIZADORA,50,1793,497683,0.982057161349393
EP21-0618,JUEGO DE CADENA DE DISTRIBUCIÓN,50,1794,497733,0.9821558242694998
FL72022047R,MODULO GASOLINA SUMERGIBLE,50,1795,497783,0.9822544871896065
EP20-2070,JUEGO DE CORREAS DENTADAS,50,1796,497833,0.9823531501097131
FLAC4,PREFILTRO,49,1797,497882,0.9824498397714178
SL96180035,TUBO CALECFACCION,49,1798,497931,0.9825465294331224
TRUD1676,JGO. PASTILLA DE FRENO,49,1799,497980,0.9826432190948269
EP20-1316,JUEGO DE CORREAS DENTADAS,49,1800,498029,0.9827399087565315
GM94535484,RETEN VALVULAS,49,1801,498078,0.9828365984182361
FL309051BH,BOMBA GASOLINA SUMERGIBLE,49,1802,498127,0.9829332880799406
FL30CHN021,BOMBA GASOLINA SUMERGIBLE,49,1803,498176,0.9830299777416452
1J0121086BG,MANGUERA DOBLE GOLFIV,48,1804,498224,0.9831246941449476
FL1J0919087J,MODULO GASOLINA SUMERGIBLE,48,1805,498272,0.9832194105482501
USNS-2426,"POLEA BANDA ALTERNADOR POLO, FOX 2003--2014, GOL 2009--->, JETTA 1998---2013, SAVEIRO 2009--->",48,1806,498320,0.9833141269515525
PRE417,SOKQUET,48,1807,498368,0.983408843354855
1J0819644,FILTRO CALEFACCION GOLF JETTA IV PC,48,1808,498416,0.9835035597581574
ETCK0028,KIT DISTRIBUCION,48,1809,498464,0.9835982761614599
03L103085,RETEN ARBOL LEVAS AMAROK,48,1810,498512,0.9836929925647624
SL96182279,RESERVORIO,48,1811,498560,0.9837877089680648
TRUD1555,JGO. PASTILLA DE FRENO,48,1812,498608,0.9838824253713673
TRUDB140,JGO. PASTILLA DE FRENO,47,1813,498655,0.9839751685162675
SQ-592,SOCKET ELÉCTRICO,47,1814,498702,0.9840679116611678
HP9369,JGO. PASTILLA DE FRENO,47,1815,498749,0.9841606548060682
SE4121-DNI-2425,RELAY TEMPO PARABRISAS POST,47,1816,498796,0.9842533979509684
TRUD428,JGO. PASTILLA DE FRENO,47,1817,498843,0.9843461410958688
YKD-01-D,TRICETA,47,1818,498890,0.9844388842407691
WTSK121259,BASE TERMOSTATO,47,1819,498937,0.9845316273856695
377819371B,MANGUERA CALEFACCION ALIM CON FALLA GOL,47,1820,498984,0.9846243705305697
PRSU9146,SENSOR VELOCIDAD,47,1821,499031,0.98471711367547
SL96320215,TERMOSTATO METÁLICO,47,1822,499078,0.9848098568203704
DR8-98006259-0,DISCO FRENO,46,1823,499124,0.9849006267068685
TB047133062D,CUERPO ACELERACION,46,1824,499170,0.9849913965933667
KR96245309,GUARDAPOLVO,46,1825,499216,0.9850821664798649
WT0261211339,"TOMA DE AGUA METALICA 2 TOMAS, GOL 1.6-1.8 1995--2006, PARATI, SAVEIRO, SANTANA",46,1826,499262,0.985172936366363
FL30HY8050,BOMBA GASOLINA SUMERGIBLE,46,1827,499308,0.9852637062528612
FLE2266S,MODULO GASOLINA SUMERGIBLE,46,1828,499354,0.9853544761393594
GM96353035,RETEN VALVULAS,46,1829,499400,0.9854452460258576
PR76043,KIT DISTRIBUCION,46,1830,499446,0.9855360159123557
WT03L109145B,PROTECTOR DISTRIBUCION,46,1831,499492,0.9856267857988539
MA94587011,KIT BUJES SELECTOR MARCHAS,45,1832,499537,0.98571558242695
ALHP-2234,RADIADOR DE AGUA POLO 03 C A,45,1833,499582,0.985804379055046
FI-3R000,FILTRO INTANK,45,1834,499627,0.985893175683142
DR04943-0k050,KIT REPARACION FRENOS,45,1835,499672,0.9859819723112381
MO5971-AUT-1620,TAPA BATERIA,45,1836,499717,0.9860707689393341
036109611K,VALVULA ESCAPE POLO 1 4,45,1837,499762,0.9861595655674302
DK96352740,PIÑON GIGUEÑAL,45,1838,499807,0.9862483621955263
FL2H0919673A,SENSOR NIVEL GASOLINA,45,1839,499852,0.9863371588236223
WT03L109521A,PROPULSOR HIDRAULICO,45,1840,499897,0.9864259554517183
TRUD1847,JGO. PASTILLA DE FRENO,44,1841,499941,0.9865127788214122
ALHP-0382,TENSOR C POLEA B ALTERNADOR AMAROK,44,1842,499985,0.9865996021911061
FLMI1,PREFILTRO,44,1843,500029,0.9866864255608
FL01V31V33,BOMBA GASOLINA SUMERGIBLE CON UN PREFILTRO DE FLFILV33 Y EL PREFILTRO FLSF2,44,1844,500073,0.9867732489304939
PR9024423,SENSOR OXIGENO,44,1845,500117,0.9868600723001879
FL31110-1G000,MODULO GASOLINA SUMERGIBLE,44,1846,500161,0.9869468956698818
TRUD1362,JGO. PASTILLA DE FRENO,44,1847,500205,0.9870337190395757
PRC1542,BOBINA ENCENDIDO,44,1848,500249,0.9871205424092696
KR96489856,GUARDAPOLVO,44,1849,500293,0.9872073657789635
PRACRE-01,VALVULA IAC,43,1850,500336,0.9872922158902553
ETCK0102,KIT DISTRIBUCION,43,1851,500379,0.9873770660015471
TRUD1039,JGO. PASTILLA DE FRENO,43,1852,500422,0.9874619161128388
GM25182606,BOMBA ACEITE,43,1853,500465,0.9875467662241306
1J0919379A,TERMOSENSOR EXTERIOR 2 POLOS GOLF IV,43,1854,500508,0.9876316163354224
FL30ECO001,BOMBA GASOLINA SUMERGIBLE,43,1855,500551,0.9877164664467142
WT06A115611C,VARILLA MEDIR ACEITE,43,1856,500594,0.9878013165580058
857407181,BUJE M S SANTANA,42,1857,500636,0.9878841934108955
6PV008496-701,PEDAL ACELERADOR,42,1858,500678,0.9879670702637852
FLCBT50,CONECTOR,42,1859,500720,0.9880499471166748
ALHP-1031,DISCO DE FRENO POLO GOLF IV BR BD5602,42,1860,500762,0.9881328239695645
TH-3614,"FILTRO ACEITE CHEV. FORZA,STEEM,SWIFT,VITARA, JIMNY, VITARA 1.6CC 3P,  QQ3-QQ6, CUORE /02,  STRADA PICK-UP, GRATOUR IX, ...",42,1861,500804,0.9882157008224541
FLSP8,PREFILTRO,42,1862,500846,0.9882985776753438
TRUD541,JGO. PASTILLA DE FRENO,41,1863,500887,0.9883794812698312
WT03L121111AB,TERMOSTATO,41,1864,500928,0.9884603848643188
FG-0198,FILTRO GASOLINA,41,1865,500969,0.9885412884588063
DK030145299F,POLEA TENSORA,41,1866,501010,0.9886221920532937
DBF-016N,MANGUERA BOMBA GASOLINA SUMERGIBLE,41,1867,501051,0.9887030956477812
EP21-0411,JUEGO DE CADENA DE DISTRIBUCIÓN,41,1868,501092,0.9887839992422688
KR96536666,ELECTROVENTILADOR,41,1869,501133,0.9888649028367563
FL13592603,MODULO GASOLINA SUMERGIBLE,41,1870,501174,0.9889458064312437
FLNJOY,PREFILTRO,40,1871,501214,0.9890247367673292
FL01V31FIL,FILTRO GASOLINA SUMERGIBLE,40,1872,501254,0.9891036671034146
DK030105263C,PIÑON CIGUEÑAL,40,1873,501294,0.9891825974394999
WT6Q0407182,BUJE MESA SUSPENSION PEQUENO,40,1874,501334,0.9892615277755853
TR3591-OEM-0703,PALANCA SELECTOR CAMBIOS,40,1875,501374,0.9893404581116706
DR9127966,DISCO FRENO,40,1876,501414,0.989419388447756
TRUD2234,JGO. PASTILLA DE FRENO,40,1877,501454,0.9894983187838414
FL6116768357,BOMBA GASOLINA SUMERGIBLE,40,1878,501494,0.9895772491199267
LOGIS,SERVICIO DE LOGISTICA,40,1879,501534,0.9896561794560121
ALHP-0439,SENSOR MAF AMAROK,40,1880,501574,0.9897351097920974
KR96192077,TROMPO RETRO,40,1881,501614,0.9898140401281829
811412365,ANILLO ESPACIADOR SOPORTE AMORTIGUADOR,40,1882,501654,0.9898929704642683
FLE3614M,MODULO GASOLINA SUMERGIBLE,40,1883,501694,0.9899719008003536
SL4914054J00,DEPOSITO HIDRAULICO,40,1884,501734,0.990050831136439
FL26671330,SENSOR NIVEL GASOLINA SAIL MODERNO 1.5,40,1885,501774,0.9901297614725243
TRUD552S,JGO. PASTILLA DE FRENO,40,1886,501814,0.9902086918086097
FLSZ2105,FILTRO GASOLINA SUMERGIBLE,40,1887,501854,0.9902876221446951
SLLF5015205A,TAPA RESERVORIO,39,1888,501893,0.9903645792223783
KR96342284,JUEGO CABLES DE BUJIA,39,1889,501932,0.9904415363000616
FL30454BYH,BOMBA GASOLINA SUMERGIBLE,39,1890,501971,0.9905184933777448
KR24810-2X700,TEMPLADOR BANDA DISTRIBUCION,39,1891,502010,0.9905954504554281
WT07K121133E,TOMA DE AGUA,39,1892,502049,0.9906724075331113
WT377905865,CONMUTADOR ENCENDIDO,39,1893,502088,0.9907493646107945
OES-K30A-34-900-C,AMORTIGUADOR DELANTERO LH RIO 2001---2002,39,1894,502127,0.9908263216884777
PRC377905105,BOBINA ENCENDIDO,38,1895,502165,0.9909013055077589
KR27501-33A00,JUEGO CABLES DE BUJIA,38,1896,502203,0.99097628932704
DR55311-61G00,DISCO FRENO,38,1897,502241,0.991051273146321
ALHP-2446,SOPORTE BASE MOTOR,38,1898,502279,0.9911262569656022
TRUD369,JGO. PASTILLA DE FRENO,38,1899,502317,0.9912012407848833
FS-4310,FILTRO GASOLINA,38,1900,502355,0.9912762246041643
FL70TUC007,BOMBA GASOLINA SUMERGIBLE,38,1901,502393,0.9913512084234455
FL15310-75F01,FILTRO GASOLINA,37,1902,502430,0.9914242189843244
DR43512-47020,DISCO FRENO,37,1903,502467,0.9914972295452034
OES-9EN0096,ENI I-SINT PROFESSIONAL 10W30 4EC 1GL,37,1904,502504,0.9915702401060824
TRUD1199,JGO. PASTILLA DE FRENO,37,1905,502541,0.9916432506669614
PRC9023781,BOBINA ENCENDIDO,37,1906,502578,0.9917162612278403
FL31110-1H000,MODULO GASOLINA SUMERGIBLE,37,1907,502615,0.9917892717887192
TRD2901,KIT DISTRIBUCION,37,1908,502652,0.9918622823495983
FL16117197076,MODULO GASOLINA SUMERGIBLE,37,1909,502689,0.9919352929104772
FL17040-VK01A,MODULO GASOLINA SUMERGIBLE,37,1910,502726,0.9920083034713562
FL17040-EM30A,MODULO GASOLINA SUMERGIBLE,36,1911,502762,0.992079340773833
DKOK93712730,TEMPLADOR BANDA DISTRIBUCION,36,1912,502798,0.9921503780763099
SL9627628980,BASE TERMOSTATO,36,1913,502834,0.9922214153787867
RD357407625,RULIMAN RUEDA,36,1914,502870,0.9922924526812635
PRSE93744675,VALVULA IAC,36,1915,502906,0.9923634899837404
KR49506-17A10,GUARDAPOLVO,36,1916,502942,0.9924345272862172
OES-12576-MOBIL,ACEITE MOBIL SUPER 1000 20W50 LITRO,36,1917,502978,0.992505564588694
ENLA-1620,TAPA BATERIA GOL III,36,1918,503014,0.9925766018911708
WT3Q0955455,TAPA RESERVORIO PLUMAS,35,1919,503049,0.9926456659352455
FG-0105,FILTRO GASOLINA,35,1920,503084,0.9927147299793202
GM24109517,HORQUILLA EMBRAGUE,35,1921,503119,0.992783794023395
DR04943-0K030,KIT REPARACION FRENOS,35,1922,503154,0.9928528580674697
191512131B,TOPE AMORTIGUADOR POST G V,35,1923,503189,0.9929219221115444
USNS-2478,"BOBINA DE ENCENDIDO POLO INDU 2009--->, GOLF VI 2002---2012, TIGUAN LIMITED (5N_) 2008---2018, VENTO V 2010--->",35,1924,503224,0.9929909861556191
1N0271295-421,FARO NEBLINERO RH,34,1925,503258,0.9930580769412917
KR27301-04000,BOBINA DE ENCENDIDO,34,1926,503292,0.9931251677269641
TRUD949,JGO. PASTILLA DE FRENO,34,1927,503326,0.9931922585126367
WT8V218K218AB,RESERVORIO,34,1928,503360,0.9932593492983093
377399541A,SOPORTE BASE C C GOL,34,1929,503394,0.9933264400839819
9029858,FILTRO AIRE CHEVROLET SAIL CAB,34,1930,503428,0.9933935308696544
WT037121144H,TOMA DE AGUA,34,1931,503462,0.993460621655327
AVM462,JGO. DE RUEDA LIBRE,33,1932,503495,0.9935257391825975
TRUD1338,JGO. PASTILLA DE FRENO,33,1933,503528,0.9935908567098679
NAK5612P,KIT EMBRAGUE,33,1934,503561,0.9936559742371383
69826-2,MASCARILLA REJILLA VENTILACION GOL III NEGRA,33,1935,503594,0.9937210917644087
XI-46,FILTRO GASOLINA,33,1936,503627,0.9937862092916792
8TF358303631,BOMBA GASOLINA SUMERGIBLE,33,1937,503660,0.9938513268189496
KR96518977,BOMBA AGUA,33,1938,503693,0.9939164443462201
WT0279983851,SENSOR TPS,33,1939,503726,0.9939815618734904
WT037121619,TOMA DE AGUA,33,1940,503759,0.9940466794007609
TRUD227,JGO. PASTILLA DE FRENO,32,1941,503791,0.9941098236696292
WT1H0711173,KIT BUJES SELECTOR MARCHAS,32,1942,503823,0.9941729679384975
EP20-1647,JUEGO DE CORREAS DENTADAS,32,1943,503855,0.9942361122073657
ETCK5018,KIT DISTRIBUCION,32,1944,503887,0.9942992564762341
XI-48,FILTRO INTANK,32,1945,503919,0.9943624007451024
FL31110-2E000SM,MODULO GASOLINA SUMERGIBLE,32,1946,503951,0.9944255450139706
FL8R0919051N,MODULO GASOLINA SUMERGIBLE,31,1947,503982,0.9944867160244368
28113-G6000,FILTRO AIRE,31,1948,504013,0.994547887034903
037253039D,JUNTA COLECTOR ESCAPE G V 2 0,31,1949,504044,0.9946090580453691
TRD9002,KIT DISTRIBUCION,31,1950,504075,0.9946702290558354
037121133C,BRIDA S A G V 83 92 PASSAT 95,31,1951,504106,0.9947314000663015
TRUD438,JGO. PASTILLA DE FRENO,31,1952,504137,0.9947925710767677
KR96352650,BOMBA AGUA,31,1953,504168,0.9948537420872338
5DA006623-951,BOBINA ENCENDIDO,31,1954,504199,0.9949149130977
FLLOG,PREFILTRO,30,1955,504229,0.994974110849764
FLAC9,PREFILTRO,30,1956,504259,0.995033308601828
DKR2004,BOMBA GASOLINA SUMERGIBLE,30,1957,504289,0.995092506353892
DKR-075-SK,JGO MOQUETA,30,1958,504319,0.9951517041059561
TRD4025,KIT DISTRIBUCION,30,1959,504349,0.9952109018580201
GM94535214,RULIMAN RUEDA,29,1960,504378,0.995268126351682
EP20-1254,JUEGO DE CORREAS DENTADAS,29,1961,504407,0.9953253508453439
WT7700869985,TUBO REFRIGERANTE RADIADOR,29,1962,504436,0.9953825753390058
FLST2,PRE FILTRO TOYOTA VIGO 2.7,29,1963,504465,0.9954397998326677
ALHP-0432,EMPAQUE BASE ENFRIADOR AMAROK,29,1964,504494,0.9954970243263296
FL30028090,BOMBA GASOLINA SUMERGIBLE,29,1965,504523,0.9955542488199914
SLLF50-15-170C,TERMOSTATO PLÁSTICO,29,1966,504552,0.9956114733136534
DBF-025,MANGUERA BOMBA GASOLINA SUMERGIBLE,29,1967,504581,0.9956686978073153
FL1525Y4,MODULO GASOLINA SUMERGIBLE,28,1968,504609,0.995723949042575
WT028919501C,SENSOR TEMPERATURA,28,1969,504637,0.9957792002778347
1K4959857B,CONMUTADOR VENTANAS AMAROK Y BORA,28,1970,504665,0.9958344515130946
FL020E2487,BOMBA GASOLINA SUMERGIBLE,28,1971,504693,0.9958897027483543
1N0271289-411,FARO NEBLINERO LH,28,1972,504721,0.995944953983614
TRUDS1169,JGO. PASTILLA DE FRENO,28,1973,504749,0.9960002052188738
VW037906265,SENSOR OXIGENO,28,1974,504777,0.9960554564541336
FL77020-02181,MODULO GASOLINA SUMERGIBLE,28,1975,504805,0.9961107076893934
KR95015324,BASE SUSPENSION,28,1976,504833,0.9961659589246531
FIN23300-0L010,FILTRO COMBUSTIBLE,28,1977,504861,0.9962212101599128
SP-1174,JGO. PASTILLA DE FRENO,28,1978,504889,0.9962764613951727
CR1931-OEM-2627,LETRAS EMBLEMA,28,1979,504917,0.9963317126304324
020141741B,VARILLA ACCIONAMIENTO C C G V TOPRAN,28,1980,504945,0.9963869638656921
SL96282726,TERMOSTATO PLÁSTICO,27,1981,504972,0.9964402418425498
SL25650-02501,TERMOSTATO PLÁSTICO,27,1982,504999,0.9964935198194074
WT1K0959455N,ELECTROVENTILADOR,27,1983,505026,0.996546797796265
FG-9096,FILTRO GASOLINA,27,1984,505053,0.9966000757731226
TRUD172,JGO. PASTILLA DE FRENO,27,1985,505080,0.9966533537499803
ET0271-HJ-1570,CAUCHO BASE INF ESPIRAL POST,27,1986,505107,0.9967066317268379
ALHP-0576,BRIDA AGUA GOLF IV JETTA,27,1987,505134,0.9967599097036955
377598131,KIT TOPE GUARDAPOLVO POST SUSP GOL,26,1988,505160,0.996811214422151
FL60THA001,BOMBA GASOLINA SUMERGIBLE,26,1989,505186,0.9968625191406065
WT1H0121407A,RESERVORIO,25,1990,505211,0.9969118506006599
FL31110-B4000,MODULO GASOLINA SUMERGIBLE,25,1991,505236,0.9969611820607133
FL0580314361,MODULO GASOLINA SUMERGIBLE,25,1992,505261,0.9970105135207665
FL31110-2S200,MODULO GASOLINA SUMERGIBLE,25,1993,505286,0.9970598449808199
TS028-GIN-1578,RETENEDOR DE TRANSMISION 020409374,25,1994,505311,0.9971091764408733
MO5971-OEM-2631,PERNOS CABEZOTE,25,1995,505336,0.9971585079009266
1J0711067L,CASQUILLO PALANCA C GOLF IV,25,1996,505361,0.99720783936098
SL96591467,RESERVORIO,25,1997,505386,0.9972571708210334
ALHP-0714,ELECTROVENTILADOR GOLF VENT SA,25,1998,505411,0.9973065022810867
TRUD350,JGO. PASTILLA DE FRENO,25,1999,505436,0.9973558337411401
SL93369686,VALVULA CALECFACCION,25,2000,505461,0.9974051652011934
WT050109309H,PROPULSOR HIDRAULICO,24,2001,505485,0.9974525234028446
FL70DAE170,BOMBA GASOLINA SUMERGIBLE,24,2002,505509,0.9974998816044959
95981206,FILTRO AIRE CABINA AVEO EMOTION 1.6 2007-2018,24,2003,505533,0.9975472398061471
FL40JOY001,BOMBA GASOLINA SUMERGIBLE,23,2004,505556,0.9975926247493961
FLPELK1335XA,MODULA GASOLINA SUMERGIBLE,23,2005,505579,0.9976380096926453
USNS-0516,VALVULA CONTROL PRESION COMBUSTIBLE AMAROK 2009--->,23,2006,505602,0.9976833946358944
ALHP-0566,BANDA DISTRIBUCION GJ PC 138 D,23,2007,505625,0.9977287795791434
DR3460,DISCO FRENO,23,2008,505648,0.9977741645223925
TH-1044,"FILTRO ACEITE CHEVROLET SAIL, SPARK GT, N200, N300",23,2009,505671,0.9978195494656417
FG-5555,FILTRO GASOLINA SAIL 2016-->,23,2010,505694,0.9978649344088907
PRTK120,KIT DISTRIBUCION,23,2011,505717,0.9979103193521398
PRTK368,KIT DISTRIBUCION,23,2012,505740,0.9979557042953889
SL55593189,TAPA FILTRO ACEITE,22,2013,505762,0.9979991159802358
SL7701468746,RESERVORIO,22,2014,505784,0.9980425276650828
DKR-002-TY,JGO MOQUETA,22,2015,505806,0.9980859393499297
VW037129101H,VALVULA PCV,22,2016,505828,0.9981293510347767
KIT005HP,JGO MICROFILTRO,20,2017,505848,0.9981688162028194
ALHP-2441,CERRADURA DE DIRECCION,20,2018,505868,0.998208281370862
XI-88,FILTRO GASOLINA,20,2019,505888,0.9982477465389048
KR96353002,EMPAQUE TAPA VALVULA,20,2020,505908,0.9982872117069475
AVM419,JGO. DE RUEDA LIBRE,20,2021,505928,0.9983266768749901
MO1691-OEM-2026,DEPURADOR FILTRO AIRE,20,2022,505948,0.9983661420430329
FLFJB-13-35X,MODULO GASOLINA SUMERGIBLE,19,2023,505967,0.9984036339526734
3054198113,TERMINAL BARRA DIR MEC GOL IZQUIERDA01 DRIVEWAY,19,2024,505986,0.9984411258623139
FL31110-2S100,MODULO GASOLINA SUMERGIBLE,19,2025,506005,0.9984786177719545
PRTPS474,SENSOR CKP,19,2026,506024,0.998516109681595
PRUNI12,ELECTRO VENTILADOR,19,2027,506043,0.9985536015912356
PR76584,KIT DISTRIBUCION,19,2028,506062,0.9985910935008762
EPPK05471,KIT DISTRIBUCION CON BOMBA AGUA,19,2029,506081,0.9986285854105167
DK377145299B,POLEA ACCESORIOS,18,2030,506099,0.9986641040617551
G601-13-Z40,FILTRO AIRE,18,2031,506117,0.9986996227129935
CR1921-UNI-1646,ELEVA VENTANA MANUAL DELA LH,18,2032,506135,0.9987351413642319
PR76142,KIT DISTRIBUCION,18,2033,506153,0.9987706600154703
WT3258812132,GUIA ASIENTO,18,2034,506171,0.9988061786667087
FL31120-H9000,MODULO GASOLINA SUMERGIBLE,18,2035,506189,0.9988416973179471
SL96407677,TERMOSTATO METÁLICO,17,2036,506206,0.9988752427107834
811407181A,BUJE M S GOL,17,2037,506223,0.9989087881036197
23390-0L010,FILTRO DE GASOLINA DMAX TOYOTA VIGO,17,2038,506240,0.998942333496456
TRD6001,KIT DISTRIBUCION,17,2039,506257,0.9989758788892923
HP8529,JGO. PASTILLA DE FRENO,17,2040,506274,0.9990094242821286
06C103485N,TAPA DE ACEITE AMAROK,17,2041,506291,0.9990429696749649
FL42454008,BOMBA GASOLINA SUMERGIBLE,17,2042,506308,0.9990765150678012
PRACD5184,VALVULA IAC,16,2043,506324,0.9991080872022353
GM9071745,SELECTOR MARCHAS,16,2044,506340,0.9991396593366695
305407175.2,PLACA FIJACION ROTULA GOL,16,2045,506356,0.9991712314711036
0K74R-23-603,FILTRO AIRE,15,2046,506371,0.9992008303471356
TRUD378,JGO. PASTILLA DE FRENO,15,2047,506386,0.9992304292231676
EP20-1762,JUEGO DE CORREAS DENTADAS,15,2048,506401,0.9992600280991997
058109601C,VALVULA ADMISION GOLF 1 8 TURBO,15,2049,506416,0.9992896269752317
WT040121155H,CAJA TERMOSTATICA VIRTUS,15,2050,506431,0.9993192258512636
8DB355008-591,JGO. PASTILLA DE FRENO,15,2051,506446,0.9993488247272957
377412375,CAPERUZA,14,2052,506460,0.9993764503449256
ECO-1-LBPACK,GRASA AZUL,13,2053,506473,0.9994021027041533
EP20-1309,KIT DISTRIBUCION,12,2054,506485,0.9994257818049789
DKR1068,BOMBA GASOLINA SUMERGIBLE,12,2055,506497,0.9994494609058046
FL96447642,MODULO GASOLINA SUMERGIBLE,12,2056,506509,0.9994731400066301
ETCK2057,KIT DISTRIBUCION,11,2057,506520,0.9994948458490536
6ZF003272-011,TROMPO RETRO,11,2058,506531,0.9995165516914771
KRGNR-D012B,REGULADOR ALTERNADOR,11,2059,506542,0.9995382575339006
16546-1HK0J,FILTRO AIRE,11,2060,506553,0.999559963376324
FLMF003KIT,JGO MICROFILTRO,11,2061,506564,0.9995816692187476
WT7701470460,RESERVORIO,11,2062,506575,0.999603375061171
WT06A121132,"TOMA DE AGUA GOLF IV, POLO CLASSIC 2000---",11,2063,506586,0.9996250809035945
KR22441-26801,EMPAQUE TAPA VALVULA,11,2064,506597,0.9996467867460179
DR7700780892,DISCO FRENO,10,2065,506607,0.9996665193300394
XI-45,FILTRO GASOLINA,10,2066,506617,0.9996862519140607
HP9188,JGO. PASTILLA DE FRENO,10,2067,506627,0.999705984498082
PRTPS452,SENSOR TPS,10,2068,506637,0.9997257170821033
TRUD1169,JGO. PASTILLA DE FRENO,10,2069,506647,0.9997454496661247
PR76530,KIT DISTRIBUCION,10,2070,506657,0.999765182250146
USNS-0659,"EMISOR IMPULSOS CIGUENAL CKP JETTA 2.5 2010 --->, BORA V 2006---2010, NEW BEETLE 2005---2010",9,2071,506666,0.9997829415757652
1H0422371D,DEPOSITO ACEITE HIDRAULICO G V,8,2072,506674,0.9997987276429823
KIT007HP,JGO MICROFILTRO,8,2073,506682,0.9998145137101994
FLFIL5PK,FILTRO GASOLINA SUMERGIBLE,8,2074,506690,0.9998302997774164
FL40GSS342,BOMBA GASOLINA SUMERGIBLE,7,2075,506697,0.9998441125862314
PRAC167,VALVULA IAC,7,2076,506704,0.9998579253950464
020945415/A,TROMPO DE RETRO G V,7,2077,506711,0.9998717382038613
FL3C0919051AJ,MODULO GASOLINA SUMERGIBLE,6,2078,506717,0.999883577754274
WT06B115611C,VARILLA MEDIR ACEITE,6,2079,506723,0.9998954173046869
GM96518397,CARTER,6,2080,506729,0.9999072568550997
GM9071524,HORQUILLA EMBRAGUE,5,2081,506734,0.9999171231471103
WT048103772C,RESPIRADERO MOTOR,5,2082,506739,0.9999269894391211
SL26693016,RESERVORIO,5,2083,506744,0.9999368557311317
DK244102X700,TEMPLADOR BANDA DISTRIBUCION,4,2084,506748,0.9999447487647403
1H0253147B,CAUCHO SOPORTE ESCAPE G V,4,2085,506752,0.9999526417983488
6PU009106-071,SENSOR ABS DELANTERO RH,4,2086,506756,0.9999605348319573
ALHP-0712,SOPORTA LAT GUARDACHOQUES G V,4,2087,506760,0.9999684278655658
KR22224-38010,RETEN VALVULAS,4,2088,506764,0.9999763208991744
EPP891,BOMBA AGUA,4,2089,506768,0.9999842139327829
5K0498621,CUBO RUEDA DEL GOLF IV 18 BORA,2,2090,506770,0.9999881604495872
WT06H109210AG,PROTECTOR DISTRIBUCION,2,2091,506772,0.9999921069663915
823253147A,CAUCHO SILENCIADOR ESCAPE,2,2092,506774,0.9999960534831958
SL96352644,TUBO CALECFACCION,1,2093,506775,0.9999980267415979
CR5971-CEN-1635,CAPOT,1,2094,506776,1.0
